
==> Audit <==
┌─────────┬─────────────────┬──────────┬──────────┬─────────┬──────────────────────┬─────────────────────┐
│ COMMAND │      ARGS       │ PROFILE  │   USER   │ VERSION │      START TIME      │      END TIME       │
├─────────┼─────────────────┼──────────┼──────────┼─────────┼──────────────────────┼─────────────────────┤
│ start   │ --driver=docker │ minikube │ khadijah │ v1.38.1 │ 10 Apr 26 00:30 EET  │ 10 Apr 26 00:36 EET │
│ start   │                 │ minikube │ khadijah │ v1.38.1 │ 10 Apr 26 17:28 EET  │ 10 Apr 26 17:29 EET │
│ addons  │ enable ingress  │ minikube │ khadijah │ v1.38.1 │ 10 Apr 26 22:47 EET  │ 10 Apr 26 22:50 EET │
│ ip      │                 │ minikube │ khadijah │ v1.38.1 │ 10 Apr 26 23:02 EET  │ 10 Apr 26 23:02 EET │
│ tunnel  │                 │ minikube │ khadijah │ v1.38.1 │ 10 Apr 26 23:31 EET  │ 10 Apr 26 23:36 EET │
│ tunnel  │                 │ minikube │ khadijah │ v1.38.1 │ 10 Apr 26 23:36 EET  │ 10 Apr 26 23:42 EET │
│ tunnel  │                 │ minikube │ khadijah │ v1.38.1 │ 11 Apr 26 00:06 EET  │ 11 Apr 26 00:07 EET │
│ tunnel  │                 │ minikube │ khadijah │ v1.38.1 │ 11 Apr 26 00:10 EET  │ 11 Apr 26 00:15 EET │
│ tunnel  │                 │ minikube │ khadijah │ v1.38.1 │ 11 Apr 26 00:20 EET  │ 11 Apr 26 00:21 EET │
│ start   │                 │ minikube │ khadijah │ v1.38.1 │ 03 Jun 26 04:47 EEST │                     │
└─────────┴─────────────────┴──────────┴──────────┴─────────┴──────────────────────┴─────────────────────┘


==> Last Start <==
Log file created at: 2026/06/03 04:47:59
Running on machine: KHADIJAH-DESKTOP
Binary: Built with gc go1.25.5 for linux/amd64
Log line format: [IWEF]mmdd hh:mm:ss.uuuuuu threadid file:line] msg
I0603 04:47:59.209197   10365 out.go:360] Setting OutFile to fd 1 ...
I0603 04:47:59.210518   10365 out.go:413] isatty.IsTerminal(1) = true
I0603 04:47:59.210527   10365 out.go:374] Setting ErrFile to fd 2...
I0603 04:47:59.210535   10365 out.go:413] isatty.IsTerminal(2) = true
I0603 04:47:59.210964   10365 root.go:338] Updating PATH: /home/khadijah/.minikube/bin
W0603 04:47:59.211204   10365 root.go:314] Error reading config file at /home/khadijah/.minikube/config/config.json: open /home/khadijah/.minikube/config/config.json: no such file or directory
I0603 04:47:59.215213   10365 out.go:368] Setting JSON to false
I0603 04:47:59.223539   10365 start.go:134] hostinfo: {"hostname":"KHADIJAH-DESKTOP","uptime":3758,"bootTime":1780447521,"procs":52,"os":"linux","platform":"ubuntu","platformFamily":"debian","platformVersion":"24.04","kernelVersion":"6.6.87.2-microsoft-standard-WSL2","kernelArch":"x86_64","virtualizationSystem":"kvm","virtualizationRole":"guest","hostId":"81cc83a2-0596-4820-accc-9f186993392d"}
I0603 04:47:59.223642   10365 start.go:144] virtualization: kvm guest
I0603 04:47:59.228277   10365 out.go:179] 😄  minikube v1.38.1 on Ubuntu 24.04 (kvm/amd64)
I0603 04:47:59.238484   10365 notify.go:220] Checking for updates...
I0603 04:47:59.239581   10365 config.go:183] Loaded profile config "minikube": Driver=docker, ContainerRuntime=docker, KubernetesVersion=v1.35.1
I0603 04:47:59.242459   10365 driver.go:422] Setting default libvirt URI to qemu:///system
I0603 04:47:59.646999   10365 docker.go:125] docker version: linux-29.1.3:
I0603 04:47:59.647333   10365 cli_runner.go:164] Run: docker system info --format "{{json .}}"
I0603 04:47:59.887572   10365 info.go:266] docker info: {ID:d22ed2c5-07ac-41e9-89c4-cbdde4e0f109 Containers:2 ContainersRunning:1 ContainersPaused:0 ContainersStopped:1 Images:50 Driver:overlayfs DriverStatus:[[driver-type io.containerd.snapshotter.v1]] SystemStatus:<nil> Plugins:{Volume:[local] Network:[bridge host ipvlan macvlan null overlay] Authorization:<nil> Log:[awslogs fluentd gcplogs gelf journald json-file local splunk syslog]} MemoryLimit:true SwapLimit:true KernelMemory:false KernelMemoryTCP:false CPUCfsPeriod:true CPUCfsQuota:true CPUShares:true CPUSet:true PidsLimit:true IPv4Forwarding:true BridgeNfIptables:false BridgeNfIP6Tables:false Debug:false NFd:29 OomKillDisable:false NGoroutines:51 SystemTime:2026-06-03 04:47:59.836455717 +0300 EEST LoggingDriver:json-file CgroupDriver:systemd NEventsListener:0 KernelVersion:6.6.87.2-microsoft-standard-WSL2 OperatingSystem:Ubuntu 24.04.4 LTS OSType:linux Architecture:x86_64 IndexServerAddress:https://index.docker.io/v1/ RegistryConfig:{AllowNondistributableArtifactsCIDRs:[] AllowNondistributableArtifactsHostnames:[] InsecureRegistryCIDRs:[::1/128 127.0.0.0/8] IndexConfigs:{DockerIo:{Name:docker.io Mirrors:[] Secure:true Official:true}} Mirrors:[]} NCPU:8 MemTotal:6165856256 GenericResources:<nil> DockerRootDir:/var/lib/docker HTTPProxy: HTTPSProxy: NoProxy: Name:KHADIJAH-DESKTOP Labels:[] ExperimentalBuild:false ServerVersion:29.1.3 ClusterStore: ClusterAdvertise: Runtimes:{Runc:{Path:runc}} DefaultRuntime:runc Swarm:{NodeID: NodeAddr: LocalNodeState:inactive ControlAvailable:false Error: RemoteManagers:<nil>} LiveRestoreEnabled:false Isolation: InitBinary:docker-init ContainerdCommit:{ID: Expected:} RuncCommit:{ID: Expected:} InitCommit:{ID: Expected:} SecurityOptions:[name=seccomp,profile=builtin name=cgroupns] ProductLicense: Warnings:<nil> ServerErrors:[] ClientInfo:{Debug:false Plugins:[map[Name:trust Path:/usr/libexec/docker/cli-plugins/docker-trust SchemaVersion:0.1.0 ShortDescription:Manage trust on Docker images Vendor:Docker Inc. Version:29.1.3]] Warnings:<nil>}}
I0603 04:47:59.887995   10365 docker.go:320] overlay module found
I0603 04:47:59.896325   10365 out.go:179] ✨  Using the docker driver based on existing profile
I0603 04:47:59.901087   10365 start.go:310] selected driver: docker
I0603 04:47:59.901103   10365 start.go:935] validating driver "docker" against &{Name:minikube KeepContext:false EmbedCerts:false MinikubeISO: KicBaseImage:gcr.io/k8s-minikube/kicbase:v0.0.50@sha256:eb4fec00e8ad70adf8e6436f195cc429825ffb85f95afcdb5d8d9deb576f3e93 Memory:3072 CPUs:2 DiskSize:20000 Driver:docker HyperkitVpnKitSock: HyperkitVSockPorts:[] DockerEnv:[] ContainerVolumeMounts:[] InsecureRegistry:[] RegistryMirror:[] HostOnlyCIDR:192.168.59.1/24 HypervVirtualSwitch: HypervUseExternalSwitch:false HypervExternalAdapter: KVMNetwork:default KVMQemuURI:qemu:///system KVMGPU:false KVMHidden:false KVMNUMACount:1 APIServerPort:8443 DockerOpt:[] DisableDriverMounts:false NFSShare:[] NFSSharesRoot:/nfsshares UUID: NoVTXCheck:false DNSProxy:false HostDNSResolver:true HostOnlyNicType:virtio NatNicType:virtio SSHIPAddress: SSHUser:root SSHKey: SSHPort:22 KubernetesConfig:{KubernetesVersion:v1.35.1 ClusterName:minikube Namespace:default APIServerHAVIP: APIServerName:minikubeCA APIServerNames:[] APIServerIPs:[] DNSDomain:cluster.local ContainerRuntime:docker CRISocket: NetworkPlugin:cni FeatureGates: ServiceCIDR:10.96.0.0/12 ImageRepository: LoadBalancerStartIP: LoadBalancerEndIP: CustomIngressCert: RegistryAliases: ExtraOptions:[] ShouldLoadCachedImages:true EnableDefaultCNI:false CNI:} Nodes:[{Name: IP:192.168.49.2 Port:8443 KubernetesVersion:v1.35.1 ContainerRuntime:docker ControlPlane:true Worker:true}] Addons:map[default-storageclass:true ingress:true storage-provisioner:true] CustomAddonImages:map[] CustomAddonRegistries:map[] VerifyComponents:map[apiserver:true system_pods:true] StartHostTimeout:6m0s ScheduledStop:<nil> ExposedPorts:[] ListenAddress: Network: Subnet: MultiNodeRequested:false ExtraDisks:0 CertExpiration:26280h0m0s MountString: Mount9PVersion:9p2000.L MountGID:docker MountIP: MountMSize:262144 MountOptions:[] MountPort:0 MountType:9p MountUID:docker BinaryMirror: DisableOptimizations:false DisableMetrics:false DisableCoreDNSLog:false CustomQemuFirmwarePath: SocketVMnetClientPath: SocketVMnetPath: StaticIP: SSHAuthSock: SSHAgentPID:0 GPUs: AutoPauseInterval:1m0s Rosetta:false}
I0603 04:47:59.901247   10365 start.go:946] status for docker: {Installed:true Healthy:true Running:false NeedsImprovement:false Error:<nil> Reason: Fix: Doc: Version:}
I0603 04:47:59.901448   10365 cli_runner.go:164] Run: docker system info --format "{{json .}}"
I0603 04:48:00.001650   10365 info.go:266] docker info: {ID:d22ed2c5-07ac-41e9-89c4-cbdde4e0f109 Containers:2 ContainersRunning:1 ContainersPaused:0 ContainersStopped:1 Images:50 Driver:overlayfs DriverStatus:[[driver-type io.containerd.snapshotter.v1]] SystemStatus:<nil> Plugins:{Volume:[local] Network:[bridge host ipvlan macvlan null overlay] Authorization:<nil> Log:[awslogs fluentd gcplogs gelf journald json-file local splunk syslog]} MemoryLimit:true SwapLimit:true KernelMemory:false KernelMemoryTCP:false CPUCfsPeriod:true CPUCfsQuota:true CPUShares:true CPUSet:true PidsLimit:true IPv4Forwarding:true BridgeNfIptables:false BridgeNfIP6Tables:false Debug:false NFd:29 OomKillDisable:false NGoroutines:51 SystemTime:2026-06-03 04:47:59.976697722 +0300 EEST LoggingDriver:json-file CgroupDriver:systemd NEventsListener:0 KernelVersion:6.6.87.2-microsoft-standard-WSL2 OperatingSystem:Ubuntu 24.04.4 LTS OSType:linux Architecture:x86_64 IndexServerAddress:https://index.docker.io/v1/ RegistryConfig:{AllowNondistributableArtifactsCIDRs:[] AllowNondistributableArtifactsHostnames:[] InsecureRegistryCIDRs:[::1/128 127.0.0.0/8] IndexConfigs:{DockerIo:{Name:docker.io Mirrors:[] Secure:true Official:true}} Mirrors:[]} NCPU:8 MemTotal:6165856256 GenericResources:<nil> DockerRootDir:/var/lib/docker HTTPProxy: HTTPSProxy: NoProxy: Name:KHADIJAH-DESKTOP Labels:[] ExperimentalBuild:false ServerVersion:29.1.3 ClusterStore: ClusterAdvertise: Runtimes:{Runc:{Path:runc}} DefaultRuntime:runc Swarm:{NodeID: NodeAddr: LocalNodeState:inactive ControlAvailable:false Error: RemoteManagers:<nil>} LiveRestoreEnabled:false Isolation: InitBinary:docker-init ContainerdCommit:{ID: Expected:} RuncCommit:{ID: Expected:} InitCommit:{ID: Expected:} SecurityOptions:[name=seccomp,profile=builtin name=cgroupns] ProductLicense: Warnings:<nil> ServerErrors:[] ClientInfo:{Debug:false Plugins:[map[Name:trust Path:/usr/libexec/docker/cli-plugins/docker-trust SchemaVersion:0.1.0 ShortDescription:Manage trust on Docker images Vendor:Docker Inc. Version:29.1.3]] Warnings:<nil>}}
I0603 04:48:00.004556   10365 cni.go:83] Creating CNI manager for ""
I0603 04:48:00.004715   10365 cni.go:157] "docker" driver + "docker" container runtime found on kubernetes v1.24+, recommending bridge
I0603 04:48:00.004939   10365 start.go:358] cluster config:
{Name:minikube KeepContext:false EmbedCerts:false MinikubeISO: KicBaseImage:gcr.io/k8s-minikube/kicbase:v0.0.50@sha256:eb4fec00e8ad70adf8e6436f195cc429825ffb85f95afcdb5d8d9deb576f3e93 Memory:3072 CPUs:2 DiskSize:20000 Driver:docker HyperkitVpnKitSock: HyperkitVSockPorts:[] DockerEnv:[] ContainerVolumeMounts:[] InsecureRegistry:[] RegistryMirror:[] HostOnlyCIDR:192.168.59.1/24 HypervVirtualSwitch: HypervUseExternalSwitch:false HypervExternalAdapter: KVMNetwork:default KVMQemuURI:qemu:///system KVMGPU:false KVMHidden:false KVMNUMACount:1 APIServerPort:8443 DockerOpt:[] DisableDriverMounts:false NFSShare:[] NFSSharesRoot:/nfsshares UUID: NoVTXCheck:false DNSProxy:false HostDNSResolver:true HostOnlyNicType:virtio NatNicType:virtio SSHIPAddress: SSHUser:root SSHKey: SSHPort:22 KubernetesConfig:{KubernetesVersion:v1.35.1 ClusterName:minikube Namespace:default APIServerHAVIP: APIServerName:minikubeCA APIServerNames:[] APIServerIPs:[] DNSDomain:cluster.local ContainerRuntime:docker CRISocket: NetworkPlugin:cni FeatureGates: ServiceCIDR:10.96.0.0/12 ImageRepository: LoadBalancerStartIP: LoadBalancerEndIP: CustomIngressCert: RegistryAliases: ExtraOptions:[] ShouldLoadCachedImages:true EnableDefaultCNI:false CNI:} Nodes:[{Name: IP:192.168.49.2 Port:8443 KubernetesVersion:v1.35.1 ContainerRuntime:docker ControlPlane:true Worker:true}] Addons:map[default-storageclass:true ingress:true storage-provisioner:true] CustomAddonImages:map[] CustomAddonRegistries:map[] VerifyComponents:map[apiserver:true system_pods:true] StartHostTimeout:6m0s ScheduledStop:<nil> ExposedPorts:[] ListenAddress: Network: Subnet: MultiNodeRequested:false ExtraDisks:0 CertExpiration:26280h0m0s MountString: Mount9PVersion:9p2000.L MountGID:docker MountIP: MountMSize:262144 MountOptions:[] MountPort:0 MountType:9p MountUID:docker BinaryMirror: DisableOptimizations:false DisableMetrics:false DisableCoreDNSLog:false CustomQemuFirmwarePath: SocketVMnetClientPath: SocketVMnetPath: StaticIP: SSHAuthSock: SSHAgentPID:0 GPUs: AutoPauseInterval:1m0s Rosetta:false}
I0603 04:48:00.015341   10365 out.go:179] 👍  Starting "minikube" primary control-plane node in "minikube" cluster
I0603 04:48:00.019511   10365 cache.go:135] Beginning downloading kic base image for docker with docker
I0603 04:48:00.023944   10365 out.go:179] 🚜  Pulling base image v0.0.50 ...
I0603 04:48:00.028709   10365 preload.go:187] Checking if preload exists for k8s version v1.35.1 and runtime docker
I0603 04:48:00.029065   10365 preload.go:202] Found local preload: /home/khadijah/.minikube/cache/preloaded-tarball/preloaded-images-k8s-v18-v1.35.1-docker-overlay2-amd64.tar.lz4
I0603 04:48:00.029106   10365 cache.go:66] Caching tarball of preloaded images
I0603 04:48:00.029572   10365 image.go:82] Checking for gcr.io/k8s-minikube/kicbase:v0.0.50@sha256:eb4fec00e8ad70adf8e6436f195cc429825ffb85f95afcdb5d8d9deb576f3e93 in local docker daemon
I0603 04:48:00.031815   10365 preload.go:250] Found /home/khadijah/.minikube/cache/preloaded-tarball/preloaded-images-k8s-v18-v1.35.1-docker-overlay2-amd64.tar.lz4 in cache, skipping download
I0603 04:48:00.031858   10365 cache.go:69] Finished verifying existence of preloaded tar for v1.35.1 on docker
I0603 04:48:00.032078   10365 profile.go:143] Saving config to /home/khadijah/.minikube/profiles/minikube/config.json ...
I0603 04:48:00.509285   10365 cache.go:164] Downloading gcr.io/k8s-minikube/kicbase:v0.0.50@sha256:eb4fec00e8ad70adf8e6436f195cc429825ffb85f95afcdb5d8d9deb576f3e93 to local cache
I0603 04:48:00.510840   10365 image.go:66] Checking for gcr.io/k8s-minikube/kicbase:v0.0.50@sha256:eb4fec00e8ad70adf8e6436f195cc429825ffb85f95afcdb5d8d9deb576f3e93 in local cache directory
I0603 04:48:00.511832   10365 image.go:69] Found gcr.io/k8s-minikube/kicbase:v0.0.50@sha256:eb4fec00e8ad70adf8e6436f195cc429825ffb85f95afcdb5d8d9deb576f3e93 in local cache directory, skipping pull
I0603 04:48:00.511843   10365 image.go:138] gcr.io/k8s-minikube/kicbase:v0.0.50@sha256:eb4fec00e8ad70adf8e6436f195cc429825ffb85f95afcdb5d8d9deb576f3e93 exists in cache, skipping pull
I0603 04:48:00.511865   10365 cache.go:167] successfully saved gcr.io/k8s-minikube/kicbase:v0.0.50@sha256:eb4fec00e8ad70adf8e6436f195cc429825ffb85f95afcdb5d8d9deb576f3e93 as a tarball
I0603 04:48:00.511872   10365 cache.go:177] Loading gcr.io/k8s-minikube/kicbase:v0.0.50@sha256:eb4fec00e8ad70adf8e6436f195cc429825ffb85f95afcdb5d8d9deb576f3e93 from local cache
I0603 04:48:16.554480   10365 cache.go:179] successfully loaded and using gcr.io/k8s-minikube/kicbase:v0.0.50@sha256:eb4fec00e8ad70adf8e6436f195cc429825ffb85f95afcdb5d8d9deb576f3e93 from cached tarball
I0603 04:48:16.554510   10365 cache.go:244] Successfully downloaded all kic artifacts
I0603 04:48:16.554535   10365 start.go:359] acquireMachinesLock for minikube: {Name:mk8221bcec83760fc96faebccecfe85d9775f6f5 Timeout:10m0s Delay:500ms}
I0603 04:48:16.554623   10365 start.go:363] duration metric: took 76.14µs to acquireMachinesLock for "minikube"
I0603 04:48:16.554636   10365 start.go:95] Skipping create...Using existing machine configuration
I0603 04:48:16.555107   10365 fix.go:53] fixHost starting: 
I0603 04:48:16.555468   10365 cli_runner.go:164] Run: docker container inspect minikube --format={{.State.Status}}
W0603 04:48:16.576048   10365 cli_runner.go:211] docker container inspect minikube --format={{.State.Status}} returned with exit code 1
I0603 04:48:16.576080   10365 fix.go:111] recreateIfNeeded on minikube: state= err=unknown state "minikube": docker container inspect minikube --format={{.State.Status}}: exit status 1
stdout:


stderr:
Error response from daemon: No such container: minikube
I0603 04:48:16.576104   10365 fix.go:116] machineExists: false. err=machine does not exist
I0603 04:48:16.579139   10365 out.go:179] 🤷  docker "minikube" container is missing, will recreate.
I0603 04:48:16.581603   10365 delete.go:124] DEMOLISHING minikube ...
I0603 04:48:16.581665   10365 cli_runner.go:164] Run: docker container inspect minikube --format={{.State.Status}}
W0603 04:48:16.602081   10365 cli_runner.go:211] docker container inspect minikube --format={{.State.Status}} returned with exit code 1
W0603 04:48:16.602123   10365 stop.go:83] unable to get state: unknown state "minikube": docker container inspect minikube --format={{.State.Status}}: exit status 1
stdout:


stderr:
Error response from daemon: No such container: minikube
I0603 04:48:16.602134   10365 delete.go:128] stophost failed (probably ok): ssh power off: unknown state "minikube": docker container inspect minikube --format={{.State.Status}}: exit status 1
stdout:


stderr:
Error response from daemon: No such container: minikube
I0603 04:48:16.603046   10365 cli_runner.go:164] Run: docker container inspect minikube --format={{.State.Status}}
W0603 04:48:16.624315   10365 cli_runner.go:211] docker container inspect minikube --format={{.State.Status}} returned with exit code 1
I0603 04:48:16.624334   10365 delete.go:82] Unable to get host status for minikube, assuming it has already been deleted: state: unknown state "minikube": docker container inspect minikube --format={{.State.Status}}: exit status 1
stdout:


stderr:
Error response from daemon: No such container: minikube
I0603 04:48:16.624393   10365 cli_runner.go:164] Run: docker container inspect -f {{.Id}} minikube
W0603 04:48:16.642737   10365 cli_runner.go:211] docker container inspect -f {{.Id}} minikube returned with exit code 1
I0603 04:48:16.642771   10365 kic.go:370] could not find the container minikube to remove it. will try anyways
I0603 04:48:16.642845   10365 cli_runner.go:164] Run: docker container inspect minikube --format={{.State.Status}}
W0603 04:48:16.660049   10365 cli_runner.go:211] docker container inspect minikube --format={{.State.Status}} returned with exit code 1
W0603 04:48:16.660083   10365 oci.go:83] error getting container status, will try to delete anyways: unknown state "minikube": docker container inspect minikube --format={{.State.Status}}: exit status 1
stdout:


stderr:
Error response from daemon: No such container: minikube
I0603 04:48:16.660126   10365 cli_runner.go:164] Run: docker exec --privileged -t minikube /bin/bash -c "sudo init 0"
W0603 04:48:16.676537   10365 cli_runner.go:211] docker exec --privileged -t minikube /bin/bash -c "sudo init 0" returned with exit code 1
I0603 04:48:16.676549   10365 oci.go:658] error shutdown minikube: docker exec --privileged -t minikube /bin/bash -c "sudo init 0": exit status 1
stdout:

stderr:
Error response from daemon: No such container: minikube
I0603 04:48:17.677206   10365 cli_runner.go:164] Run: docker container inspect minikube --format={{.State.Status}}
W0603 04:48:17.719826   10365 cli_runner.go:211] docker container inspect minikube --format={{.State.Status}} returned with exit code 1
I0603 04:48:17.719847   10365 oci.go:670] temporary error verifying shutdown: unknown state "minikube": docker container inspect minikube --format={{.State.Status}}: exit status 1
stdout:


stderr:
Error response from daemon: No such container: minikube
I0603 04:48:17.719850   10365 oci.go:672] temporary error: container minikube status is  but expect it to be exited
I0603 04:48:17.719910   10365 retry.go:85] will retry after 600ms: couldn't verify container is exited: unknown state "minikube": docker container inspect minikube --format={{.State.Status}}: exit status 1
stdout:


stderr:
Error response from daemon: No such container: minikube
I0603 04:48:18.321968   10365 cli_runner.go:164] Run: docker container inspect minikube --format={{.State.Status}}
W0603 04:48:18.357846   10365 cli_runner.go:211] docker container inspect minikube --format={{.State.Status}} returned with exit code 1
I0603 04:48:18.357866   10365 oci.go:670] temporary error verifying shutdown: unknown state "minikube": docker container inspect minikube --format={{.State.Status}}: exit status 1
stdout:


stderr:
Error response from daemon: No such container: minikube
I0603 04:48:18.357870   10365 oci.go:672] temporary error: container minikube status is  but expect it to be exited
I0603 04:48:18.802410   10365 cli_runner.go:164] Run: docker container inspect minikube --format={{.State.Status}}
W0603 04:48:18.830242   10365 cli_runner.go:211] docker container inspect minikube --format={{.State.Status}} returned with exit code 1
I0603 04:48:18.830280   10365 oci.go:670] temporary error verifying shutdown: unknown state "minikube": docker container inspect minikube --format={{.State.Status}}: exit status 1
stdout:


stderr:
Error response from daemon: No such container: minikube
I0603 04:48:18.830290   10365 oci.go:672] temporary error: container minikube status is  but expect it to be exited
I0603 04:48:19.521615   10365 cli_runner.go:164] Run: docker container inspect minikube --format={{.State.Status}}
W0603 04:48:19.544669   10365 cli_runner.go:211] docker container inspect minikube --format={{.State.Status}} returned with exit code 1
I0603 04:48:19.544697   10365 oci.go:670] temporary error verifying shutdown: unknown state "minikube": docker container inspect minikube --format={{.State.Status}}: exit status 1
stdout:


stderr:
Error response from daemon: No such container: minikube
I0603 04:48:19.544703   10365 oci.go:672] temporary error: container minikube status is  but expect it to be exited
I0603 04:48:20.807973   10365 cli_runner.go:164] Run: docker container inspect minikube --format={{.State.Status}}
W0603 04:48:20.827760   10365 cli_runner.go:211] docker container inspect minikube --format={{.State.Status}} returned with exit code 1
I0603 04:48:20.827780   10365 oci.go:670] temporary error verifying shutdown: unknown state "minikube": docker container inspect minikube --format={{.State.Status}}: exit status 1
stdout:


stderr:
Error response from daemon: No such container: minikube
I0603 04:48:20.827784   10365 oci.go:672] temporary error: container minikube status is  but expect it to be exited
I0603 04:48:23.600053   10365 cli_runner.go:164] Run: docker container inspect minikube --format={{.State.Status}}
W0603 04:48:23.660550   10365 cli_runner.go:211] docker container inspect minikube --format={{.State.Status}} returned with exit code 1
I0603 04:48:23.660584   10365 oci.go:670] temporary error verifying shutdown: unknown state "minikube": docker container inspect minikube --format={{.State.Status}}: exit status 1
stdout:


stderr:
Error response from daemon: No such container: minikube
I0603 04:48:23.660592   10365 oci.go:672] temporary error: container minikube status is  but expect it to be exited
I0603 04:48:27.839696   10365 cli_runner.go:164] Run: docker container inspect minikube --format={{.State.Status}}
W0603 04:48:27.882808   10365 cli_runner.go:211] docker container inspect minikube --format={{.State.Status}} returned with exit code 1
I0603 04:48:27.882850   10365 oci.go:670] temporary error verifying shutdown: unknown state "minikube": docker container inspect minikube --format={{.State.Status}}: exit status 1
stdout:


stderr:
Error response from daemon: No such container: minikube
I0603 04:48:27.882870   10365 oci.go:672] temporary error: container minikube status is  but expect it to be exited
I0603 04:48:27.882977   10365 retry.go:85] will retry after 4.5s: couldn't verify container is exited: unknown state "minikube": docker container inspect minikube --format={{.State.Status}}: exit status 1
stdout:


stderr:
Error response from daemon: No such container: minikube
I0603 04:48:32.404524   10365 cli_runner.go:164] Run: docker container inspect minikube --format={{.State.Status}}
W0603 04:48:32.480910   10365 cli_runner.go:211] docker container inspect minikube --format={{.State.Status}} returned with exit code 1
I0603 04:48:32.481045   10365 oci.go:670] temporary error verifying shutdown: unknown state "minikube": docker container inspect minikube --format={{.State.Status}}: exit status 1
stdout:


stderr:
Error response from daemon: No such container: minikube
I0603 04:48:32.481105   10365 oci.go:672] temporary error: container minikube status is  but expect it to be exited
I0603 04:48:32.481209   10365 oci.go:87] couldn't shut down minikube (might be okay): verify shutdown: couldn't verify container is exited: unknown state "minikube": docker container inspect minikube --format={{.State.Status}}: exit status 1
stdout:


stderr:
Error response from daemon: No such container: minikube
 
I0603 04:48:32.481382   10365 cli_runner.go:164] Run: docker rm -f -v minikube
I0603 04:48:32.550109   10365 cli_runner.go:164] Run: docker container inspect -f {{.Id}} minikube
W0603 04:48:32.578848   10365 cli_runner.go:211] docker container inspect -f {{.Id}} minikube returned with exit code 1
I0603 04:48:32.579018   10365 cli_runner.go:164] Run: docker network inspect minikube --format "{"Name": "{{.Name}}","Driver": "{{.Driver}}","Subnet": "{{range .IPAM.Config}}{{.Subnet}}{{end}}","Gateway": "{{range .IPAM.Config}}{{.Gateway}}{{end}}","MTU": {{if (index .Options "com.docker.network.driver.mtu")}}{{(index .Options "com.docker.network.driver.mtu")}}{{else}}0{{end}}, "ContainerIPs": [{{range $k,$v := .Containers }}"{{$v.IPv4Address}}",{{end}}]}"
I0603 04:48:32.707627   10365 cli_runner.go:164] Run: docker network rm minikube
I0603 04:48:33.060350   10365 fix.go:123] Sleeping 1 second for extra luck!
I0603 04:48:34.060562   10365 start.go:124] createHost starting for "" (driver="docker")
I0603 04:48:34.072191   10365 out.go:252] 🔥  Creating docker container (CPUs=2, Memory=3072MB) ...
I0603 04:48:34.073267   10365 start.go:158] libmachine.API.Create for "minikube" (driver="docker")
I0603 04:48:34.073369   10365 client.go:173] LocalClient.Create starting
I0603 04:48:34.075353   10365 main.go:144] libmachine: Reading certificate data from /home/khadijah/.minikube/certs/ca.pem
I0603 04:48:34.075992   10365 main.go:144] libmachine: Decoding PEM data...
I0603 04:48:34.076110   10365 main.go:144] libmachine: Parsing certificate...
I0603 04:48:34.076489   10365 main.go:144] libmachine: Reading certificate data from /home/khadijah/.minikube/certs/cert.pem
I0603 04:48:34.077121   10365 main.go:144] libmachine: Decoding PEM data...
I0603 04:48:34.077142   10365 main.go:144] libmachine: Parsing certificate...
I0603 04:48:34.078503   10365 cli_runner.go:164] Run: docker network inspect minikube --format "{"Name": "{{.Name}}","Driver": "{{.Driver}}","Subnet": "{{range .IPAM.Config}}{{.Subnet}}{{end}}","Gateway": "{{range .IPAM.Config}}{{.Gateway}}{{end}}","MTU": {{if (index .Options "com.docker.network.driver.mtu")}}{{(index .Options "com.docker.network.driver.mtu")}}{{else}}0{{end}}, "ContainerIPs": [{{range $k,$v := .Containers }}"{{$v.IPv4Address}}",{{end}}]}"
W0603 04:48:34.114128   10365 cli_runner.go:211] docker network inspect minikube --format "{"Name": "{{.Name}}","Driver": "{{.Driver}}","Subnet": "{{range .IPAM.Config}}{{.Subnet}}{{end}}","Gateway": "{{range .IPAM.Config}}{{.Gateway}}{{end}}","MTU": {{if (index .Options "com.docker.network.driver.mtu")}}{{(index .Options "com.docker.network.driver.mtu")}}{{else}}0{{end}}, "ContainerIPs": [{{range $k,$v := .Containers }}"{{$v.IPv4Address}}",{{end}}]}" returned with exit code 1
I0603 04:48:34.114190   10365 network_create.go:285] running [docker network inspect minikube] to gather additional debugging logs...
I0603 04:48:34.114201   10365 cli_runner.go:164] Run: docker network inspect minikube
W0603 04:48:34.134932   10365 cli_runner.go:211] docker network inspect minikube returned with exit code 1
I0603 04:48:34.134949   10365 network_create.go:288] error running [docker network inspect minikube]: docker network inspect minikube: exit status 1
stdout:
[]

stderr:
Error response from daemon: network minikube not found
I0603 04:48:34.134956   10365 network_create.go:290] output of [docker network inspect minikube]: -- stdout --
[]

-- /stdout --
** stderr ** 
Error response from daemon: network minikube not found

** /stderr **
I0603 04:48:34.135086   10365 cli_runner.go:164] Run: docker network inspect bridge --format "{"Name": "{{.Name}}","Driver": "{{.Driver}}","Subnet": "{{range .IPAM.Config}}{{.Subnet}}{{end}}","Gateway": "{{range .IPAM.Config}}{{.Gateway}}{{end}}","MTU": {{if (index .Options "com.docker.network.driver.mtu")}}{{(index .Options "com.docker.network.driver.mtu")}}{{else}}0{{end}}, "ContainerIPs": [{{range $k,$v := .Containers }}"{{$v.IPv4Address}}",{{end}}]}"
I0603 04:48:34.158265   10365 network.go:205] using free private subnet 192.168.49.0/24: &{IP:192.168.49.0 Netmask:255.255.255.0 Prefix:24 CIDR:192.168.49.0/24 Gateway:192.168.49.1 ClientMin:192.168.49.2 ClientMax:192.168.49.254 Broadcast:192.168.49.255 IsPrivate:true Interface:{IfaceName: IfaceIPv4: IfaceMTU:0 IfaceMAC:} reservation:0xc000900838}
I0603 04:48:34.158305   10365 network_create.go:125] attempt to create docker network minikube 192.168.49.0/24 with gateway 192.168.49.1 and MTU of 1500 ...
I0603 04:48:34.158353   10365 cli_runner.go:164] Run: docker network create --driver=bridge --subnet=192.168.49.0/24 --gateway=192.168.49.1 -o --ip-masq -o --icc -o com.docker.network.driver.mtu=1500 --label=created_by.minikube.sigs.k8s.io=true --label=name.minikube.sigs.k8s.io=minikube minikube
I0603 04:48:34.373982   10365 network_create.go:109] docker network minikube 192.168.49.0/24 created
I0603 04:48:34.374000   10365 kic.go:120] calculated static IP "192.168.49.2" for the "minikube" container
I0603 04:48:34.374091   10365 cli_runner.go:164] Run: docker ps -a --format {{.Names}}
I0603 04:48:34.423504   10365 cli_runner.go:164] Run: docker volume create minikube --label name.minikube.sigs.k8s.io=minikube --label created_by.minikube.sigs.k8s.io=true
I0603 04:48:34.446481   10365 oci.go:102] Successfully created a docker volume minikube
I0603 04:48:34.446539   10365 cli_runner.go:164] Run: docker run --rm --name minikube-preload-sidecar --label created_by.minikube.sigs.k8s.io=true --label name.minikube.sigs.k8s.io=minikube --entrypoint /usr/bin/test -v minikube:/var gcr.io/k8s-minikube/kicbase:v0.0.50@sha256:eb4fec00e8ad70adf8e6436f195cc429825ffb85f95afcdb5d8d9deb576f3e93 -d /var/lib
I0603 04:48:35.372658   10365 oci.go:106] Successfully prepared a docker volume minikube
I0603 04:48:35.372802   10365 preload.go:187] Checking if preload exists for k8s version v1.35.1 and runtime docker
I0603 04:48:35.372810   10365 kic.go:193] Starting extracting preloaded images to volume ...
I0603 04:48:35.372860   10365 cli_runner.go:164] Run: docker run --rm --entrypoint /usr/bin/tar -v /home/khadijah/.minikube/cache/preloaded-tarball/preloaded-images-k8s-v18-v1.35.1-docker-overlay2-amd64.tar.lz4:/preloaded.tar:ro -v minikube:/extractDir gcr.io/k8s-minikube/kicbase:v0.0.50@sha256:eb4fec00e8ad70adf8e6436f195cc429825ffb85f95afcdb5d8d9deb576f3e93 -I lz4 -xf /preloaded.tar -C /extractDir
I0603 04:48:43.016086   10365 cli_runner.go:217] Completed: docker run --rm --entrypoint /usr/bin/tar -v /home/khadijah/.minikube/cache/preloaded-tarball/preloaded-images-k8s-v18-v1.35.1-docker-overlay2-amd64.tar.lz4:/preloaded.tar:ro -v minikube:/extractDir gcr.io/k8s-minikube/kicbase:v0.0.50@sha256:eb4fec00e8ad70adf8e6436f195cc429825ffb85f95afcdb5d8d9deb576f3e93 -I lz4 -xf /preloaded.tar -C /extractDir: (7.205237315s)
I0603 04:48:43.016132   10365 kic.go:202] duration metric: took 7.205343247s to extract preloaded images to volume ...
W0603 04:48:43.016517   10365 cgroups_linux.go:77] Your kernel does not support swap limit capabilities or the cgroup is not mounted.
W0603 04:48:43.016691   10365 oci.go:251] Your kernel does not support CPU cfs period/quota or the cgroup is not mounted.
I0603 04:48:43.016851   10365 cli_runner.go:164] Run: docker info --format "'{{json .SecurityOptions}}'"
I0603 04:48:43.094597   10365 cli_runner.go:164] Run: docker run -d -t --privileged --security-opt seccomp=unconfined --tmpfs /tmp --tmpfs /run -v /lib/modules:/lib/modules:ro --hostname minikube --name minikube --label created_by.minikube.sigs.k8s.io=true --label name.minikube.sigs.k8s.io=minikube --label role.minikube.sigs.k8s.io= --label mode.minikube.sigs.k8s.io=minikube --network minikube --ip 192.168.49.2 --volume minikube:/var --security-opt apparmor=unconfined --memory=3072mb -e container=docker --expose 8443 --publish=127.0.0.1::8443 --publish=127.0.0.1::22 --publish=127.0.0.1::2376 --publish=127.0.0.1::5000 --publish=127.0.0.1::32443 gcr.io/k8s-minikube/kicbase:v0.0.50@sha256:eb4fec00e8ad70adf8e6436f195cc429825ffb85f95afcdb5d8d9deb576f3e93
I0603 04:48:43.945037   10365 cli_runner.go:164] Run: docker container inspect minikube --format={{.State.Running}}
I0603 04:48:43.988924   10365 cli_runner.go:164] Run: docker container inspect minikube --format={{.State.Status}}
I0603 04:48:44.036560   10365 cli_runner.go:164] Run: docker exec minikube stat /var/lib/dpkg/alternatives/iptables
I0603 04:48:44.163966   10365 oci.go:143] the created container "minikube" has a running status.
I0603 04:48:44.164002   10365 kic.go:224] Creating ssh key for kic: /home/khadijah/.minikube/machines/minikube/id_rsa...
I0603 04:48:44.687385   10365 kic_runner.go:190] docker (temp): /home/khadijah/.minikube/machines/minikube/id_rsa.pub --> /home/docker/.ssh/authorized_keys (381 bytes)
I0603 04:48:44.759616   10365 cli_runner.go:164] Run: docker container inspect minikube --format={{.State.Status}}
I0603 04:48:44.814484   10365 kic_runner.go:92] Run: chown docker:docker /home/docker/.ssh/authorized_keys
I0603 04:48:44.814507   10365 kic_runner.go:113] Args: [docker exec --privileged minikube chown docker:docker /home/docker/.ssh/authorized_keys]
I0603 04:48:44.938225   10365 cli_runner.go:164] Run: docker container inspect minikube --format={{.State.Status}}
I0603 04:48:44.980708   10365 machine.go:96] provisionDockerMachine start ...
I0603 04:48:44.981040   10365 cli_runner.go:164] Run: docker container inspect -f "'{{(index (index .NetworkSettings.Ports "22/tcp") 0).HostPort}}'" minikube
I0603 04:48:45.037892   10365 main.go:144] libmachine: Using SSH client type: native
I0603 04:48:45.038586   10365 main.go:144] libmachine: &{{{<nil> 0 [] [] []} docker [0x906360] 0x909000 <nil>  [] 0s} 127.0.0.1 32768 <nil> <nil>}
I0603 04:48:45.038605   10365 main.go:144] libmachine: About to run SSH command:
hostname
I0603 04:48:45.042505   10365 main.go:144] libmachine: Error dialing TCP: ssh: handshake failed: read tcp 127.0.0.1:40794->127.0.0.1:32768: read: connection reset by peer
I0603 04:48:48.263324   10365 main.go:144] libmachine: SSH cmd err, output: <nil>: minikube

I0603 04:48:48.263352   10365 ubuntu.go:182] provisioning hostname "minikube"
I0603 04:48:48.263450   10365 cli_runner.go:164] Run: docker container inspect -f "'{{(index (index .NetworkSettings.Ports "22/tcp") 0).HostPort}}'" minikube
I0603 04:48:48.312588   10365 main.go:144] libmachine: Using SSH client type: native
I0603 04:48:48.313043   10365 main.go:144] libmachine: &{{{<nil> 0 [] [] []} docker [0x906360] 0x909000 <nil>  [] 0s} 127.0.0.1 32768 <nil> <nil>}
I0603 04:48:48.313054   10365 main.go:144] libmachine: About to run SSH command:
sudo hostname minikube && echo "minikube" | sudo tee /etc/hostname
I0603 04:48:48.555355   10365 main.go:144] libmachine: SSH cmd err, output: <nil>: minikube

I0603 04:48:48.555533   10365 cli_runner.go:164] Run: docker container inspect -f "'{{(index (index .NetworkSettings.Ports "22/tcp") 0).HostPort}}'" minikube
I0603 04:48:48.599220   10365 main.go:144] libmachine: Using SSH client type: native
I0603 04:48:48.599716   10365 main.go:144] libmachine: &{{{<nil> 0 [] [] []} docker [0x906360] 0x909000 <nil>  [] 0s} 127.0.0.1 32768 <nil> <nil>}
I0603 04:48:48.599746   10365 main.go:144] libmachine: About to run SSH command:

		if ! grep -xq '.*\sminikube' /etc/hosts; then
			if grep -xq '127.0.1.1\s.*' /etc/hosts; then
				sudo sed -i 's/^127.0.1.1\s.*/127.0.1.1 minikube/g' /etc/hosts;
			else 
				echo '127.0.1.1 minikube' | sudo tee -a /etc/hosts; 
			fi
		fi
I0603 04:48:48.803577   10365 main.go:144] libmachine: SSH cmd err, output: <nil>: 
I0603 04:48:48.803630   10365 ubuntu.go:188] set auth options {CertDir:/home/khadijah/.minikube CaCertPath:/home/khadijah/.minikube/certs/ca.pem CaPrivateKeyPath:/home/khadijah/.minikube/certs/ca-key.pem CaCertRemotePath:/etc/docker/ca.pem ServerCertPath:/home/khadijah/.minikube/machines/server.pem ServerKeyPath:/home/khadijah/.minikube/machines/server-key.pem ClientKeyPath:/home/khadijah/.minikube/certs/key.pem ServerCertRemotePath:/etc/docker/server.pem ServerKeyRemotePath:/etc/docker/server-key.pem ClientCertPath:/home/khadijah/.minikube/certs/cert.pem ServerCertSANs:[] StorePath:/home/khadijah/.minikube}
I0603 04:48:48.803661   10365 ubuntu.go:190] setting up certificates
I0603 04:48:48.803697   10365 provision.go:83] configureAuth start
I0603 04:48:48.803816   10365 cli_runner.go:164] Run: docker container inspect -f "{{range .NetworkSettings.Networks}}{{.IPAddress}},{{.GlobalIPv6Address}}{{end}}" minikube
I0603 04:48:48.847043   10365 provision.go:142] copyHostCerts
I0603 04:48:48.847168   10365 exec_runner.go:143] found /home/khadijah/.minikube/ca.pem, removing ...
I0603 04:48:48.847176   10365 exec_runner.go:202] rm: /home/khadijah/.minikube/ca.pem
I0603 04:48:48.847264   10365 exec_runner.go:150] cp: /home/khadijah/.minikube/certs/ca.pem --> /home/khadijah/.minikube/ca.pem (1082 bytes)
I0603 04:48:48.847520   10365 exec_runner.go:143] found /home/khadijah/.minikube/cert.pem, removing ...
I0603 04:48:48.847526   10365 exec_runner.go:202] rm: /home/khadijah/.minikube/cert.pem
I0603 04:48:48.847590   10365 exec_runner.go:150] cp: /home/khadijah/.minikube/certs/cert.pem --> /home/khadijah/.minikube/cert.pem (1127 bytes)
I0603 04:48:48.847764   10365 exec_runner.go:143] found /home/khadijah/.minikube/key.pem, removing ...
I0603 04:48:48.847770   10365 exec_runner.go:202] rm: /home/khadijah/.minikube/key.pem
I0603 04:48:48.847829   10365 exec_runner.go:150] cp: /home/khadijah/.minikube/certs/key.pem --> /home/khadijah/.minikube/key.pem (1679 bytes)
I0603 04:48:48.851564   10365 provision.go:116] generating server cert: /home/khadijah/.minikube/machines/server.pem ca-key=/home/khadijah/.minikube/certs/ca.pem private-key=/home/khadijah/.minikube/certs/ca-key.pem org=khadijah.minikube san=[127.0.0.1 192.168.49.2 localhost minikube]
I0603 04:48:49.066393   10365 provision.go:176] copyRemoteCerts
I0603 04:48:49.068074   10365 ssh_runner.go:194] Run: sudo mkdir -p /etc/docker /etc/docker /etc/docker
I0603 04:48:49.068188   10365 cli_runner.go:164] Run: docker container inspect -f "'{{(index (index .NetworkSettings.Ports "22/tcp") 0).HostPort}}'" minikube
I0603 04:48:49.120071   10365 sshutil.go:53] new ssh client: &{IP:127.0.0.1 Port:32768 SSHKeyPath:/home/khadijah/.minikube/machines/minikube/id_rsa Username:docker}
I0603 04:48:49.283225   10365 ssh_runner.go:361] scp /home/khadijah/.minikube/machines/server.pem --> /etc/docker/server.pem (1184 bytes)
I0603 04:48:49.339506   10365 ssh_runner.go:361] scp /home/khadijah/.minikube/machines/server-key.pem --> /etc/docker/server-key.pem (1679 bytes)
I0603 04:48:49.397002   10365 ssh_runner.go:361] scp /home/khadijah/.minikube/certs/ca.pem --> /etc/docker/ca.pem (1082 bytes)
I0603 04:48:49.445029   10365 provision.go:86] duration metric: took 641.29023ms to configureAuth
I0603 04:48:49.445053   10365 ubuntu.go:206] setting minikube options for container-runtime
I0603 04:48:49.445399   10365 config.go:183] Loaded profile config "minikube": Driver=docker, ContainerRuntime=docker, KubernetesVersion=v1.35.1
I0603 04:48:49.445473   10365 cli_runner.go:164] Run: docker container inspect -f "'{{(index (index .NetworkSettings.Ports "22/tcp") 0).HostPort}}'" minikube
I0603 04:48:49.489254   10365 main.go:144] libmachine: Using SSH client type: native
I0603 04:48:49.489674   10365 main.go:144] libmachine: &{{{<nil> 0 [] [] []} docker [0x906360] 0x909000 <nil>  [] 0s} 127.0.0.1 32768 <nil> <nil>}
I0603 04:48:49.489684   10365 main.go:144] libmachine: About to run SSH command:
df --output=fstype / | tail -n 1
I0603 04:48:49.692678   10365 main.go:144] libmachine: SSH cmd err, output: <nil>: overlay

I0603 04:48:49.692692   10365 ubuntu.go:71] root file system type: overlay
I0603 04:48:49.692988   10365 provision.go:313] Updating docker unit: /lib/systemd/system/docker.service ...
I0603 04:48:49.693127   10365 cli_runner.go:164] Run: docker container inspect -f "'{{(index (index .NetworkSettings.Ports "22/tcp") 0).HostPort}}'" minikube
I0603 04:48:49.737300   10365 main.go:144] libmachine: Using SSH client type: native
I0603 04:48:49.737640   10365 main.go:144] libmachine: &{{{<nil> 0 [] [] []} docker [0x906360] 0x909000 <nil>  [] 0s} 127.0.0.1 32768 <nil> <nil>}
I0603 04:48:49.737749   10365 main.go:144] libmachine: About to run SSH command:
sudo mkdir -p /lib/systemd/system && printf %s "[Unit]
Description=Docker Application Container Engine
Documentation=https://docs.docker.com
After=network-online.target nss-lookup.target docker.socket firewalld.service containerd.service time-set.target
Wants=network-online.target containerd.service
Requires=docker.socket
StartLimitBurst=3
StartLimitIntervalSec=60

[Service]
Type=notify
Restart=always



# This file is a systemd drop-in unit that inherits from the base dockerd configuration.
# The base configuration already specifies an 'ExecStart=...' command. The first directive
# here is to clear out that command inherited from the base configuration. Without this,
# the command from the base configuration and the command specified here are treated as
# a sequence of commands, which is not the desired behavior, nor is it valid -- systemd
# will catch this invalid input and refuse to start the service with an error like:
#  Service has more than one ExecStart= setting, which is only allowed for Type=oneshot services.

# NOTE: default-ulimit=nofile is set to an arbitrary number for consistency with other
# container runtimes. If left unlimited, it may result in OOM issues with MySQL.
ExecStart=
ExecStart=/usr/bin/dockerd -H tcp://0.0.0.0:2376 \
	-H fd:// --containerd=/run/containerd/containerd.sock \
	-H unix:///var/run/docker.sock \
	--default-ulimit=nofile=1048576:1048576 \
	--tlsverify \
	--tlscacert /etc/docker/ca.pem \
	--tlscert /etc/docker/server.pem \
	--tlskey /etc/docker/server-key.pem --label provider=docker --insecure-registry 10.96.0.0/12 
ExecReload=/bin/kill -s HUP \$MAINPID

# Having non-zero Limit*s causes performance problems due to accounting overhead
# in the kernel. We recommend using cgroups to do container-local accounting.
LimitNOFILE=infinity
LimitNPROC=infinity
LimitCORE=infinity

# Uncomment TasksMax if your systemd version supports it.
# Only systemd 226 and above support this version.
TasksMax=infinity
TimeoutStartSec=0

# set delegate yes so that systemd does not reset the cgroups of docker containers
Delegate=yes

# kill only the docker process, not all processes in the cgroup
KillMode=process
OOMScoreAdjust=-500

[Install]
WantedBy=multi-user.target
" | sudo tee /lib/systemd/system/docker.service.new
I0603 04:48:49.959097   10365 main.go:144] libmachine: SSH cmd err, output: <nil>: [Unit]
Description=Docker Application Container Engine
Documentation=https://docs.docker.com
After=network-online.target nss-lookup.target docker.socket firewalld.service containerd.service time-set.target
Wants=network-online.target containerd.service
Requires=docker.socket
StartLimitBurst=3
StartLimitIntervalSec=60

[Service]
Type=notify
Restart=always



# This file is a systemd drop-in unit that inherits from the base dockerd configuration.
# The base configuration already specifies an 'ExecStart=...' command. The first directive
# here is to clear out that command inherited from the base configuration. Without this,
# the command from the base configuration and the command specified here are treated as
# a sequence of commands, which is not the desired behavior, nor is it valid -- systemd
# will catch this invalid input and refuse to start the service with an error like:
#  Service has more than one ExecStart= setting, which is only allowed for Type=oneshot services.

# NOTE: default-ulimit=nofile is set to an arbitrary number for consistency with other
# container runtimes. If left unlimited, it may result in OOM issues with MySQL.
ExecStart=
ExecStart=/usr/bin/dockerd -H tcp://0.0.0.0:2376 	-H fd:// --containerd=/run/containerd/containerd.sock 	-H unix:///var/run/docker.sock 	--default-ulimit=nofile=1048576:1048576 	--tlsverify 	--tlscacert /etc/docker/ca.pem 	--tlscert /etc/docker/server.pem 	--tlskey /etc/docker/server-key.pem --label provider=docker --insecure-registry 10.96.0.0/12 
ExecReload=/bin/kill -s HUP $MAINPID

# Having non-zero Limit*s causes performance problems due to accounting overhead
# in the kernel. We recommend using cgroups to do container-local accounting.
LimitNOFILE=infinity
LimitNPROC=infinity
LimitCORE=infinity

# Uncomment TasksMax if your systemd version supports it.
# Only systemd 226 and above support this version.
TasksMax=infinity
TimeoutStartSec=0

# set delegate yes so that systemd does not reset the cgroups of docker containers
Delegate=yes

# kill only the docker process, not all processes in the cgroup
KillMode=process
OOMScoreAdjust=-500

[Install]
WantedBy=multi-user.target

I0603 04:48:49.959263   10365 cli_runner.go:164] Run: docker container inspect -f "'{{(index (index .NetworkSettings.Ports "22/tcp") 0).HostPort}}'" minikube
I0603 04:48:50.001532   10365 main.go:144] libmachine: Using SSH client type: native
I0603 04:48:50.002020   10365 main.go:144] libmachine: &{{{<nil> 0 [] [] []} docker [0x906360] 0x909000 <nil>  [] 0s} 127.0.0.1 32768 <nil> <nil>}
I0603 04:48:50.002040   10365 main.go:144] libmachine: About to run SSH command:
sudo diff -u /lib/systemd/system/docker.service /lib/systemd/system/docker.service.new || { sudo mv /lib/systemd/system/docker.service.new /lib/systemd/system/docker.service; sudo systemctl -f daemon-reload && sudo systemctl -f enable docker && sudo systemctl -f restart docker; }
I0603 04:48:53.084297   10365 main.go:144] libmachine: SSH cmd err, output: <nil>: --- /lib/systemd/system/docker.service	2026-02-02 17:15:49.000000000 +0000
+++ /lib/systemd/system/docker.service.new	2026-06-03 01:48:49.951915832 +0000
@@ -9,23 +9,34 @@
 
 [Service]
 Type=notify
-# the default is not to use systemd for cgroups because the delegate issues still
-# exists and systemd currently does not support the cgroup feature set required
-# for containers run by docker
-ExecStart=/usr/bin/dockerd -H fd:// --containerd=/run/containerd/containerd.sock
-ExecReload=/bin/kill -s HUP $MAINPID
-TimeoutStartSec=0
-RestartSec=2
 Restart=always
 
+
+
+# This file is a systemd drop-in unit that inherits from the base dockerd configuration.
+# The base configuration already specifies an 'ExecStart=...' command. The first directive
+# here is to clear out that command inherited from the base configuration. Without this,
+# the command from the base configuration and the command specified here are treated as
+# a sequence of commands, which is not the desired behavior, nor is it valid -- systemd
+# will catch this invalid input and refuse to start the service with an error like:
+#  Service has more than one ExecStart= setting, which is only allowed for Type=oneshot services.
+
+# NOTE: default-ulimit=nofile is set to an arbitrary number for consistency with other
+# container runtimes. If left unlimited, it may result in OOM issues with MySQL.
+ExecStart=
+ExecStart=/usr/bin/dockerd -H tcp://0.0.0.0:2376 	-H fd:// --containerd=/run/containerd/containerd.sock 	-H unix:///var/run/docker.sock 	--default-ulimit=nofile=1048576:1048576 	--tlsverify 	--tlscacert /etc/docker/ca.pem 	--tlscert /etc/docker/server.pem 	--tlskey /etc/docker/server-key.pem --label provider=docker --insecure-registry 10.96.0.0/12 
+ExecReload=/bin/kill -s HUP $MAINPID
+
 # Having non-zero Limit*s causes performance problems due to accounting overhead
 # in the kernel. We recommend using cgroups to do container-local accounting.
+LimitNOFILE=infinity
 LimitNPROC=infinity
 LimitCORE=infinity
 
-# Comment TasksMax if your systemd version does not support it.
-# Only systemd 226 and above support this option.
+# Uncomment TasksMax if your systemd version supports it.
+# Only systemd 226 and above support this version.
 TasksMax=infinity
+TimeoutStartSec=0
 
 # set delegate yes so that systemd does not reset the cgroups of docker containers
 Delegate=yes
Synchronizing state of docker.service with SysV service script with /lib/systemd/systemd-sysv-install.
Executing: /lib/systemd/systemd-sysv-install enable docker

I0603 04:48:53.084335   10365 machine.go:99] duration metric: took 8.10350235s to provisionDockerMachine
I0603 04:48:53.084358   10365 client.go:176] duration metric: took 18.573027305s to LocalClient.Create
I0603 04:48:53.084453   10365 start.go:166] duration metric: took 18.573235293s to libmachine.API.Create "minikube"
I0603 04:48:53.084469   10365 start.go:292] postStartSetup for "minikube" (driver="docker")
I0603 04:48:53.084530   10365 start.go:321] creating required directories: [/etc/kubernetes/addons /etc/kubernetes/manifests /var/tmp/minikube /var/lib/minikube /var/lib/minikube/certs /var/lib/minikube/images /var/lib/minikube/binaries /tmp/gvisor /usr/share/ca-certificates /etc/ssl/certs]
I0603 04:48:53.084732   10365 ssh_runner.go:194] Run: sudo mkdir -p /etc/kubernetes/addons /etc/kubernetes/manifests /var/tmp/minikube /var/lib/minikube /var/lib/minikube/certs /var/lib/minikube/images /var/lib/minikube/binaries /tmp/gvisor /usr/share/ca-certificates /etc/ssl/certs
I0603 04:48:53.085122   10365 cli_runner.go:164] Run: docker container inspect -f "'{{(index (index .NetworkSettings.Ports "22/tcp") 0).HostPort}}'" minikube
I0603 04:48:53.129072   10365 sshutil.go:53] new ssh client: &{IP:127.0.0.1 Port:32768 SSHKeyPath:/home/khadijah/.minikube/machines/minikube/id_rsa Username:docker}
I0603 04:48:53.279951   10365 ssh_runner.go:194] Run: cat /etc/os-release
I0603 04:48:53.289673   10365 main.go:144] libmachine: Couldn't set key VERSION_CODENAME, no corresponding struct field found
I0603 04:48:53.289712   10365 info.go:137] Remote host: Debian GNU/Linux 12 (bookworm)
I0603 04:48:53.289755   10365 filesync.go:125] Scanning /home/khadijah/.minikube/addons for local assets ...
I0603 04:48:53.290420   10365 filesync.go:125] Scanning /home/khadijah/.minikube/files for local assets ...
I0603 04:48:53.290990   10365 start.go:295] duration metric: took 206.50851ms for postStartSetup
I0603 04:48:53.291489   10365 cli_runner.go:164] Run: docker container inspect -f "{{range .NetworkSettings.Networks}}{{.IPAddress}},{{.GlobalIPv6Address}}{{end}}" minikube
I0603 04:48:53.331524   10365 profile.go:143] Saving config to /home/khadijah/.minikube/profiles/minikube/config.json ...
I0603 04:48:53.332053   10365 ssh_runner.go:194] Run: sh -c "df -h /var | awk 'NR==2{print $5}'"
I0603 04:48:53.332107   10365 cli_runner.go:164] Run: docker container inspect -f "'{{(index (index .NetworkSettings.Ports "22/tcp") 0).HostPort}}'" minikube
I0603 04:48:53.373011   10365 sshutil.go:53] new ssh client: &{IP:127.0.0.1 Port:32768 SSHKeyPath:/home/khadijah/.minikube/machines/minikube/id_rsa Username:docker}
I0603 04:48:53.510156   10365 ssh_runner.go:194] Run: sh -c "df -BG /var | awk 'NR==2{print $4}'"
I0603 04:48:53.522542   10365 start.go:127] duration metric: took 19.024006068s to createHost
I0603 04:48:53.522668   10365 cli_runner.go:164] Run: docker container inspect minikube --format={{.State.Status}}
I0603 04:48:53.562271   10365 machine.go:96] provisionDockerMachine start ...
I0603 04:48:53.562388   10365 cli_runner.go:164] Run: docker container inspect -f "'{{(index (index .NetworkSettings.Ports "22/tcp") 0).HostPort}}'" minikube
I0603 04:48:53.604946   10365 main.go:144] libmachine: Using SSH client type: native
I0603 04:48:53.605250   10365 main.go:144] libmachine: &{{{<nil> 0 [] [] []} docker [0x906360] 0x909000 <nil>  [] 0s} 127.0.0.1 32768 <nil> <nil>}
I0603 04:48:53.605258   10365 main.go:144] libmachine: About to run SSH command:
hostname
I0603 04:48:53.805729   10365 main.go:144] libmachine: SSH cmd err, output: <nil>: minikube

I0603 04:48:53.805747   10365 ubuntu.go:182] provisioning hostname "minikube"
I0603 04:48:53.805835   10365 cli_runner.go:164] Run: docker container inspect -f "'{{(index (index .NetworkSettings.Ports "22/tcp") 0).HostPort}}'" minikube
I0603 04:48:53.845737   10365 main.go:144] libmachine: Using SSH client type: native
I0603 04:48:53.846119   10365 main.go:144] libmachine: &{{{<nil> 0 [] [] []} docker [0x906360] 0x909000 <nil>  [] 0s} 127.0.0.1 32768 <nil> <nil>}
I0603 04:48:53.846130   10365 main.go:144] libmachine: About to run SSH command:
sudo hostname minikube && echo "minikube" | sudo tee /etc/hostname
I0603 04:48:54.067738   10365 main.go:144] libmachine: SSH cmd err, output: <nil>: minikube

I0603 04:48:54.067885   10365 cli_runner.go:164] Run: docker container inspect -f "'{{(index (index .NetworkSettings.Ports "22/tcp") 0).HostPort}}'" minikube
I0603 04:48:54.111049   10365 main.go:144] libmachine: Using SSH client type: native
I0603 04:48:54.111363   10365 main.go:144] libmachine: &{{{<nil> 0 [] [] []} docker [0x906360] 0x909000 <nil>  [] 0s} 127.0.0.1 32768 <nil> <nil>}
I0603 04:48:54.111380   10365 main.go:144] libmachine: About to run SSH command:

		if ! grep -xq '.*\sminikube' /etc/hosts; then
			if grep -xq '127.0.1.1\s.*' /etc/hosts; then
				sudo sed -i 's/^127.0.1.1\s.*/127.0.1.1 minikube/g' /etc/hosts;
			else 
				echo '127.0.1.1 minikube' | sudo tee -a /etc/hosts; 
			fi
		fi
I0603 04:48:54.307883   10365 main.go:144] libmachine: SSH cmd err, output: <nil>: 
I0603 04:48:54.307902   10365 ubuntu.go:188] set auth options {CertDir:/home/khadijah/.minikube CaCertPath:/home/khadijah/.minikube/certs/ca.pem CaPrivateKeyPath:/home/khadijah/.minikube/certs/ca-key.pem CaCertRemotePath:/etc/docker/ca.pem ServerCertPath:/home/khadijah/.minikube/machines/server.pem ServerKeyPath:/home/khadijah/.minikube/machines/server-key.pem ClientKeyPath:/home/khadijah/.minikube/certs/key.pem ServerCertRemotePath:/etc/docker/server.pem ServerKeyRemotePath:/etc/docker/server-key.pem ClientCertPath:/home/khadijah/.minikube/certs/cert.pem ServerCertSANs:[] StorePath:/home/khadijah/.minikube}
I0603 04:48:54.307916   10365 ubuntu.go:190] setting up certificates
I0603 04:48:54.307925   10365 provision.go:83] configureAuth start
I0603 04:48:54.308026   10365 cli_runner.go:164] Run: docker container inspect -f "{{range .NetworkSettings.Networks}}{{.IPAddress}},{{.GlobalIPv6Address}}{{end}}" minikube
I0603 04:48:54.349702   10365 provision.go:142] copyHostCerts
I0603 04:48:54.349777   10365 exec_runner.go:143] found /home/khadijah/.minikube/ca.pem, removing ...
I0603 04:48:54.349785   10365 exec_runner.go:202] rm: /home/khadijah/.minikube/ca.pem
I0603 04:48:54.349898   10365 exec_runner.go:150] cp: /home/khadijah/.minikube/certs/ca.pem --> /home/khadijah/.minikube/ca.pem (1082 bytes)
I0603 04:48:54.350200   10365 exec_runner.go:143] found /home/khadijah/.minikube/cert.pem, removing ...
I0603 04:48:54.350207   10365 exec_runner.go:202] rm: /home/khadijah/.minikube/cert.pem
I0603 04:48:54.350280   10365 exec_runner.go:150] cp: /home/khadijah/.minikube/certs/cert.pem --> /home/khadijah/.minikube/cert.pem (1127 bytes)
I0603 04:48:54.350481   10365 exec_runner.go:143] found /home/khadijah/.minikube/key.pem, removing ...
I0603 04:48:54.350487   10365 exec_runner.go:202] rm: /home/khadijah/.minikube/key.pem
I0603 04:48:54.350560   10365 exec_runner.go:150] cp: /home/khadijah/.minikube/certs/key.pem --> /home/khadijah/.minikube/key.pem (1679 bytes)
I0603 04:48:54.350846   10365 provision.go:116] generating server cert: /home/khadijah/.minikube/machines/server.pem ca-key=/home/khadijah/.minikube/certs/ca.pem private-key=/home/khadijah/.minikube/certs/ca-key.pem org=khadijah.minikube san=[127.0.0.1 192.168.49.2 localhost minikube]
I0603 04:48:54.467195   10365 provision.go:176] copyRemoteCerts
I0603 04:48:54.467269   10365 ssh_runner.go:194] Run: sudo mkdir -p /etc/docker /etc/docker /etc/docker
I0603 04:48:54.467328   10365 cli_runner.go:164] Run: docker container inspect -f "'{{(index (index .NetworkSettings.Ports "22/tcp") 0).HostPort}}'" minikube
I0603 04:48:54.506685   10365 sshutil.go:53] new ssh client: &{IP:127.0.0.1 Port:32768 SSHKeyPath:/home/khadijah/.minikube/machines/minikube/id_rsa Username:docker}
I0603 04:48:54.660467   10365 ssh_runner.go:361] scp /home/khadijah/.minikube/certs/ca.pem --> /etc/docker/ca.pem (1082 bytes)
I0603 04:48:54.708719   10365 ssh_runner.go:361] scp /home/khadijah/.minikube/machines/server.pem --> /etc/docker/server.pem (1184 bytes)
I0603 04:48:54.755244   10365 ssh_runner.go:361] scp /home/khadijah/.minikube/machines/server-key.pem --> /etc/docker/server-key.pem (1675 bytes)
I0603 04:48:54.809877   10365 provision.go:86] duration metric: took 501.9354ms to configureAuth
I0603 04:48:54.809907   10365 ubuntu.go:206] setting minikube options for container-runtime
I0603 04:48:54.810200   10365 config.go:183] Loaded profile config "minikube": Driver=docker, ContainerRuntime=docker, KubernetesVersion=v1.35.1
I0603 04:48:54.810279   10365 cli_runner.go:164] Run: docker container inspect -f "'{{(index (index .NetworkSettings.Ports "22/tcp") 0).HostPort}}'" minikube
I0603 04:48:54.852598   10365 main.go:144] libmachine: Using SSH client type: native
I0603 04:48:54.852975   10365 main.go:144] libmachine: &{{{<nil> 0 [] [] []} docker [0x906360] 0x909000 <nil>  [] 0s} 127.0.0.1 32768 <nil> <nil>}
I0603 04:48:54.852986   10365 main.go:144] libmachine: About to run SSH command:
df --output=fstype / | tail -n 1
I0603 04:48:55.050258   10365 main.go:144] libmachine: SSH cmd err, output: <nil>: overlay

I0603 04:48:55.050269   10365 ubuntu.go:71] root file system type: overlay
I0603 04:48:55.050339   10365 provision.go:313] Updating docker unit: /lib/systemd/system/docker.service ...
I0603 04:48:55.050385   10365 cli_runner.go:164] Run: docker container inspect -f "'{{(index (index .NetworkSettings.Ports "22/tcp") 0).HostPort}}'" minikube
I0603 04:48:55.070709   10365 main.go:144] libmachine: Using SSH client type: native
I0603 04:48:55.070867   10365 main.go:144] libmachine: &{{{<nil> 0 [] [] []} docker [0x906360] 0x909000 <nil>  [] 0s} 127.0.0.1 32768 <nil> <nil>}
I0603 04:48:55.070912   10365 main.go:144] libmachine: About to run SSH command:
sudo mkdir -p /lib/systemd/system && printf %s "[Unit]
Description=Docker Application Container Engine
Documentation=https://docs.docker.com
After=network-online.target nss-lookup.target docker.socket firewalld.service containerd.service time-set.target
Wants=network-online.target containerd.service
Requires=docker.socket
StartLimitBurst=3
StartLimitIntervalSec=60

[Service]
Type=notify
Restart=always



# This file is a systemd drop-in unit that inherits from the base dockerd configuration.
# The base configuration already specifies an 'ExecStart=...' command. The first directive
# here is to clear out that command inherited from the base configuration. Without this,
# the command from the base configuration and the command specified here are treated as
# a sequence of commands, which is not the desired behavior, nor is it valid -- systemd
# will catch this invalid input and refuse to start the service with an error like:
#  Service has more than one ExecStart= setting, which is only allowed for Type=oneshot services.

# NOTE: default-ulimit=nofile is set to an arbitrary number for consistency with other
# container runtimes. If left unlimited, it may result in OOM issues with MySQL.
ExecStart=
ExecStart=/usr/bin/dockerd -H tcp://0.0.0.0:2376 \
	-H fd:// --containerd=/run/containerd/containerd.sock \
	-H unix:///var/run/docker.sock \
	--default-ulimit=nofile=1048576:1048576 \
	--tlsverify \
	--tlscacert /etc/docker/ca.pem \
	--tlscert /etc/docker/server.pem \
	--tlskey /etc/docker/server-key.pem --label provider=docker --insecure-registry 10.96.0.0/12 
ExecReload=/bin/kill -s HUP \$MAINPID

# Having non-zero Limit*s causes performance problems due to accounting overhead
# in the kernel. We recommend using cgroups to do container-local accounting.
LimitNOFILE=infinity
LimitNPROC=infinity
LimitCORE=infinity

# Uncomment TasksMax if your systemd version supports it.
# Only systemd 226 and above support this version.
TasksMax=infinity
TimeoutStartSec=0

# set delegate yes so that systemd does not reset the cgroups of docker containers
Delegate=yes

# kill only the docker process, not all processes in the cgroup
KillMode=process
OOMScoreAdjust=-500

[Install]
WantedBy=multi-user.target
" | sudo tee /lib/systemd/system/docker.service.new
I0603 04:48:55.221927   10365 main.go:144] libmachine: SSH cmd err, output: <nil>: [Unit]
Description=Docker Application Container Engine
Documentation=https://docs.docker.com
After=network-online.target nss-lookup.target docker.socket firewalld.service containerd.service time-set.target
Wants=network-online.target containerd.service
Requires=docker.socket
StartLimitBurst=3
StartLimitIntervalSec=60

[Service]
Type=notify
Restart=always



# This file is a systemd drop-in unit that inherits from the base dockerd configuration.
# The base configuration already specifies an 'ExecStart=...' command. The first directive
# here is to clear out that command inherited from the base configuration. Without this,
# the command from the base configuration and the command specified here are treated as
# a sequence of commands, which is not the desired behavior, nor is it valid -- systemd
# will catch this invalid input and refuse to start the service with an error like:
#  Service has more than one ExecStart= setting, which is only allowed for Type=oneshot services.

# NOTE: default-ulimit=nofile is set to an arbitrary number for consistency with other
# container runtimes. If left unlimited, it may result in OOM issues with MySQL.
ExecStart=
ExecStart=/usr/bin/dockerd -H tcp://0.0.0.0:2376 	-H fd:// --containerd=/run/containerd/containerd.sock 	-H unix:///var/run/docker.sock 	--default-ulimit=nofile=1048576:1048576 	--tlsverify 	--tlscacert /etc/docker/ca.pem 	--tlscert /etc/docker/server.pem 	--tlskey /etc/docker/server-key.pem --label provider=docker --insecure-registry 10.96.0.0/12 
ExecReload=/bin/kill -s HUP $MAINPID

# Having non-zero Limit*s causes performance problems due to accounting overhead
# in the kernel. We recommend using cgroups to do container-local accounting.
LimitNOFILE=infinity
LimitNPROC=infinity
LimitCORE=infinity

# Uncomment TasksMax if your systemd version supports it.
# Only systemd 226 and above support this version.
TasksMax=infinity
TimeoutStartSec=0

# set delegate yes so that systemd does not reset the cgroups of docker containers
Delegate=yes

# kill only the docker process, not all processes in the cgroup
KillMode=process
OOMScoreAdjust=-500

[Install]
WantedBy=multi-user.target

I0603 04:48:55.221996   10365 cli_runner.go:164] Run: docker container inspect -f "'{{(index (index .NetworkSettings.Ports "22/tcp") 0).HostPort}}'" minikube
I0603 04:48:55.243998   10365 main.go:144] libmachine: Using SSH client type: native
I0603 04:48:55.250662   10365 main.go:144] libmachine: &{{{<nil> 0 [] [] []} docker [0x906360] 0x909000 <nil>  [] 0s} 127.0.0.1 32768 <nil> <nil>}
I0603 04:48:55.250676   10365 main.go:144] libmachine: About to run SSH command:
sudo diff -u /lib/systemd/system/docker.service /lib/systemd/system/docker.service.new || { sudo mv /lib/systemd/system/docker.service.new /lib/systemd/system/docker.service; sudo systemctl -f daemon-reload && sudo systemctl -f enable docker && sudo systemctl -f restart docker; }
I0603 04:48:55.416107   10365 main.go:144] libmachine: SSH cmd err, output: <nil>: 
I0603 04:48:55.416149   10365 machine.go:99] duration metric: took 1.85385987s to provisionDockerMachine
I0603 04:48:55.416168   10365 start.go:292] postStartSetup for "minikube" (driver="docker")
I0603 04:48:55.416186   10365 start.go:321] creating required directories: [/etc/kubernetes/addons /etc/kubernetes/manifests /var/tmp/minikube /var/lib/minikube /var/lib/minikube/certs /var/lib/minikube/images /var/lib/minikube/binaries /tmp/gvisor /usr/share/ca-certificates /etc/ssl/certs]
I0603 04:48:55.416300   10365 ssh_runner.go:194] Run: sudo mkdir -p /etc/kubernetes/addons /etc/kubernetes/manifests /var/tmp/minikube /var/lib/minikube /var/lib/minikube/certs /var/lib/minikube/images /var/lib/minikube/binaries /tmp/gvisor /usr/share/ca-certificates /etc/ssl/certs
I0603 04:48:55.416405   10365 cli_runner.go:164] Run: docker container inspect -f "'{{(index (index .NetworkSettings.Ports "22/tcp") 0).HostPort}}'" minikube
I0603 04:48:55.456038   10365 sshutil.go:53] new ssh client: &{IP:127.0.0.1 Port:32768 SSHKeyPath:/home/khadijah/.minikube/machines/minikube/id_rsa Username:docker}
I0603 04:48:55.562752   10365 ssh_runner.go:194] Run: cat /etc/os-release
I0603 04:48:55.567480   10365 main.go:144] libmachine: Couldn't set key VERSION_CODENAME, no corresponding struct field found
I0603 04:48:55.567495   10365 info.go:137] Remote host: Debian GNU/Linux 12 (bookworm)
I0603 04:48:55.567504   10365 filesync.go:125] Scanning /home/khadijah/.minikube/addons for local assets ...
I0603 04:48:55.567551   10365 filesync.go:125] Scanning /home/khadijah/.minikube/files for local assets ...
I0603 04:48:55.567570   10365 start.go:295] duration metric: took 151.39589ms for postStartSetup
I0603 04:48:55.567615   10365 ssh_runner.go:194] Run: sh -c "df -h /var | awk 'NR==2{print $5}'"
I0603 04:48:55.567645   10365 cli_runner.go:164] Run: docker container inspect -f "'{{(index (index .NetworkSettings.Ports "22/tcp") 0).HostPort}}'" minikube
I0603 04:48:55.588011   10365 sshutil.go:53] new ssh client: &{IP:127.0.0.1 Port:32768 SSHKeyPath:/home/khadijah/.minikube/machines/minikube/id_rsa Username:docker}
I0603 04:48:55.691076   10365 ssh_runner.go:194] Run: sh -c "df -BG /var | awk 'NR==2{print $4}'"
I0603 04:48:55.697219   10365 fix.go:55] duration metric: took 38.704623549s for fixHost
I0603 04:48:55.697233   10365 start.go:82] releasing machines lock for "minikube", held for 38.7046532s
I0603 04:48:55.697327   10365 cli_runner.go:164] Run: docker container inspect -f "{{range .NetworkSettings.Networks}}{{.IPAddress}},{{.GlobalIPv6Address}}{{end}}" minikube
I0603 04:48:55.718345   10365 ssh_runner.go:194] Run: cat /version.json
I0603 04:48:55.718389   10365 cli_runner.go:164] Run: docker container inspect -f "'{{(index (index .NetworkSettings.Ports "22/tcp") 0).HostPort}}'" minikube
I0603 04:48:55.718473   10365 ssh_runner.go:194] Run: curl -sS -m 2 https://registry.k8s.io/
I0603 04:48:55.719337   10365 cli_runner.go:164] Run: docker container inspect -f "'{{(index (index .NetworkSettings.Ports "22/tcp") 0).HostPort}}'" minikube
I0603 04:48:55.743647   10365 sshutil.go:53] new ssh client: &{IP:127.0.0.1 Port:32768 SSHKeyPath:/home/khadijah/.minikube/machines/minikube/id_rsa Username:docker}
I0603 04:48:55.743910   10365 sshutil.go:53] new ssh client: &{IP:127.0.0.1 Port:32768 SSHKeyPath:/home/khadijah/.minikube/machines/minikube/id_rsa Username:docker}
I0603 04:48:55.846225   10365 ssh_runner.go:194] Run: systemctl --version
I0603 04:48:56.329336   10365 ssh_runner.go:194] Run: sh -c "stat /etc/cni/net.d/*loopback.conf*"
W0603 04:48:56.344977   10365 cni.go:208] loopback cni configuration skipped: "/etc/cni/net.d/*loopback.conf*" not found
I0603 04:48:56.345081   10365 ssh_runner.go:194] Run: sudo find /etc/cni/net.d -maxdepth 1 -type f ( ( -name *bridge* -or -name *podman* ) -and -not -name *.mk_disabled ) -printf "%p, " -exec sh -c "sudo mv {} {}.mk_disabled" ;
I0603 04:48:56.385985   10365 cni.go:261] disabled [/etc/cni/net.d/10-crio-bridge.conflist.disabled, /etc/cni/net.d/87-podman-bridge.conflist] bridge cni config(s)
I0603 04:48:56.385997   10365 start.go:497] detecting cgroup driver to use...
I0603 04:48:56.386019   10365 detect.go:178] detected "systemd" cgroup driver on host os
I0603 04:48:56.386086   10365 ssh_runner.go:194] Run: /bin/bash -c "sudo mkdir -p /etc && printf %s "runtime-endpoint: unix:///run/containerd/containerd.sock
" | sudo tee /etc/crictl.yaml"
I0603 04:48:56.407271   10365 ssh_runner.go:194] Run: sh -c "sudo sed -i -r 's|^( *)sandbox_image = .*$|\1sandbox_image = "registry.k8s.io/pause:3.10.1"|' /etc/containerd/config.toml"
I0603 04:48:56.420677   10365 ssh_runner.go:194] Run: sh -c "sudo sed -i -r 's|^( *)restrict_oom_score_adj = .*$|\1restrict_oom_score_adj = false|' /etc/containerd/config.toml"
I0603 04:48:56.432542   10365 containerd.go:146] configuring containerd to use "systemd" as cgroup driver...
I0603 04:48:56.432596   10365 ssh_runner.go:194] Run: sh -c "sudo sed -i -r 's|^( *)SystemdCgroup = .*$|\1SystemdCgroup = true|g' /etc/containerd/config.toml"
I0603 04:48:56.445413   10365 ssh_runner.go:194] Run: sh -c "sudo sed -i 's|"io.containerd.runtime.v1.linux"|"io.containerd.runc.v2"|g' /etc/containerd/config.toml"
I0603 04:48:56.457550   10365 ssh_runner.go:194] Run: sh -c "sudo sed -i '/systemd_cgroup/d' /etc/containerd/config.toml"
I0603 04:48:56.468765   10365 ssh_runner.go:194] Run: sh -c "sudo sed -i 's|"io.containerd.runc.v1"|"io.containerd.runc.v2"|g' /etc/containerd/config.toml"
I0603 04:48:56.480767   10365 ssh_runner.go:194] Run: sh -c "sudo rm -rf /etc/cni/net.mk"
I0603 04:48:56.494799   10365 ssh_runner.go:194] Run: sh -c "sudo sed -i -r 's|^( *)conf_dir = .*$|\1conf_dir = "/etc/cni/net.d"|g' /etc/containerd/config.toml"
I0603 04:48:56.507673   10365 ssh_runner.go:194] Run: sh -c "sudo sed -i '/^ *enable_unprivileged_ports = .*/d' /etc/containerd/config.toml"
I0603 04:48:56.520008   10365 ssh_runner.go:194] Run: sh -c "sudo sed -i -r 's|^( *)\[plugins."io.containerd.grpc.v1.cri"\]|&\n\1  enable_unprivileged_ports = true|' /etc/containerd/config.toml"
I0603 04:48:56.531635   10365 ssh_runner.go:194] Run: sudo sysctl net.bridge.bridge-nf-call-iptables
I0603 04:48:56.543850   10365 ssh_runner.go:194] Run: sudo sh -c "echo 1 > /proc/sys/net/ipv4/ip_forward"
I0603 04:48:56.555746   10365 ssh_runner.go:194] Run: sudo systemctl daemon-reload
I0603 04:48:56.666655   10365 ssh_runner.go:194] Run: sudo systemctl restart containerd
I0603 04:48:56.827037   10365 start.go:497] detecting cgroup driver to use...
I0603 04:48:56.827078   10365 detect.go:178] detected "systemd" cgroup driver on host os
I0603 04:48:56.827147   10365 ssh_runner.go:194] Run: sudo systemctl cat docker.service
I0603 04:48:56.845147   10365 ssh_runner.go:194] Run: sudo systemctl is-active --quiet service containerd
I0603 04:48:56.860992   10365 ssh_runner.go:194] Run: sudo systemctl stop -f containerd
I0603 04:48:56.906463   10365 ssh_runner.go:194] Run: sudo systemctl is-active --quiet service containerd
I0603 04:48:56.921806   10365 ssh_runner.go:194] Run: sudo systemctl is-active --quiet service crio
I0603 04:48:56.937747   10365 ssh_runner.go:194] Run: /bin/bash -c "sudo mkdir -p /etc && printf %s "runtime-endpoint: unix:///var/run/cri-dockerd.sock
" | sudo tee /etc/crictl.yaml"
I0603 04:48:56.957844   10365 ssh_runner.go:194] Run: which cri-dockerd
I0603 04:48:56.962500   10365 ssh_runner.go:194] Run: sudo mkdir -p /etc/systemd/system/cri-docker.service.d
I0603 04:48:56.973487   10365 ssh_runner.go:361] scp memory --> /etc/systemd/system/cri-docker.service.d/10-cni.conf (192 bytes)
I0603 04:48:56.992321   10365 ssh_runner.go:194] Run: sudo systemctl unmask docker.service
I0603 04:48:57.122637   10365 ssh_runner.go:194] Run: sudo systemctl enable docker.socket
I0603 04:48:57.241111   10365 docker.go:577] configuring docker to use "systemd" as cgroup driver...
I0603 04:48:57.241226   10365 ssh_runner.go:361] scp memory --> /etc/docker/daemon.json (129 bytes)
I0603 04:48:57.259231   10365 ssh_runner.go:194] Run: sudo systemctl reset-failed docker
I0603 04:48:57.274080   10365 ssh_runner.go:194] Run: sudo systemctl daemon-reload
I0603 04:48:57.399625   10365 ssh_runner.go:194] Run: sudo systemctl restart docker
I0603 04:48:59.183690   10365 ssh_runner.go:234] Completed: sudo systemctl restart docker: (1.784039173s)
I0603 04:48:59.183773   10365 ssh_runner.go:194] Run: sudo systemctl is-active --quiet service docker
I0603 04:48:59.199390   10365 ssh_runner.go:194] Run: sudo systemctl is-active --quiet service cri-docker.socket
I0603 04:48:59.217942   10365 ssh_runner.go:194] Run: sudo systemctl is-active --quiet service cri-docker.service
I0603 04:48:59.233948   10365 ssh_runner.go:194] Run: sudo systemctl unmask cri-docker.socket
I0603 04:48:59.363291   10365 ssh_runner.go:194] Run: sudo systemctl enable cri-docker.socket
I0603 04:48:59.473893   10365 ssh_runner.go:194] Run: sudo systemctl daemon-reload
I0603 04:48:59.594998   10365 ssh_runner.go:194] Run: sudo systemctl restart cri-docker.socket
I0603 04:48:59.644075   10365 ssh_runner.go:194] Run: sudo systemctl reset-failed cri-docker.service
I0603 04:48:59.658322   10365 ssh_runner.go:194] Run: sudo systemctl daemon-reload
I0603 04:48:59.776547   10365 ssh_runner.go:194] Run: sudo systemctl restart cri-docker.service
I0603 04:49:00.259340   10365 ssh_runner.go:194] Run: sudo systemctl is-active --quiet service cri-docker.service
I0603 04:49:00.295360   10365 start.go:554] Will wait 60s for socket path /var/run/cri-dockerd.sock
I0603 04:49:00.295565   10365 ssh_runner.go:194] Run: stat /var/run/cri-dockerd.sock
I0603 04:49:00.307006   10365 start.go:575] Will wait 60s for crictl version
I0603 04:49:00.307104   10365 ssh_runner.go:194] Run: which crictl
I0603 04:49:00.317833   10365 ssh_runner.go:194] Run: sudo /usr/local/bin/crictl version
I0603 04:49:00.599342   10365 start.go:591] Version:  0.1.0
RuntimeName:  docker
RuntimeVersion:  29.2.1
RuntimeApiVersion:  v1
I0603 04:49:00.599432   10365 ssh_runner.go:194] Run: docker version --format {{.Server.Version}}
I0603 04:49:00.869143   10365 ssh_runner.go:194] Run: docker version --format {{.Server.Version}}
I0603 04:49:00.950779   10365 out.go:252] 🐳  Preparing Kubernetes v1.35.1 on Docker 29.2.1 ...
I0603 04:49:00.951399   10365 cli_runner.go:164] Run: docker network inspect minikube --format "{"Name": "{{.Name}}","Driver": "{{.Driver}}","Subnet": "{{range .IPAM.Config}}{{.Subnet}}{{end}}","Gateway": "{{range .IPAM.Config}}{{.Gateway}}{{end}}","MTU": {{if (index .Options "com.docker.network.driver.mtu")}}{{(index .Options "com.docker.network.driver.mtu")}}{{else}}0{{end}}, "ContainerIPs": [{{range $k,$v := .Containers }}"{{$v.IPv4Address}}",{{end}}]}"
I0603 04:49:00.996398   10365 ssh_runner.go:194] Run: grep 192.168.49.1	host.minikube.internal$ /etc/hosts
I0603 04:49:01.007029   10365 ssh_runner.go:194] Run: /bin/bash -c "{ grep -v $'\thost.minikube.internal$' "/etc/hosts"; echo "192.168.49.1	host.minikube.internal"; } > /tmp/h.$$; sudo cp /tmp/h.$$ "/etc/hosts""
I0603 04:49:01.040072   10365 cli_runner.go:164] Run: docker container inspect -f "'{{(index (index .NetworkSettings.Ports "8443/tcp") 0).HostPort}}'" minikube
I0603 04:49:01.088341   10365 kubeadm.go:883] updating cluster {Name:minikube KeepContext:false EmbedCerts:false MinikubeISO: KicBaseImage:gcr.io/k8s-minikube/kicbase:v0.0.50@sha256:eb4fec00e8ad70adf8e6436f195cc429825ffb85f95afcdb5d8d9deb576f3e93 Memory:3072 CPUs:2 DiskSize:20000 Driver:docker HyperkitVpnKitSock: HyperkitVSockPorts:[] DockerEnv:[] ContainerVolumeMounts:[] InsecureRegistry:[] RegistryMirror:[] HostOnlyCIDR:192.168.59.1/24 HypervVirtualSwitch: HypervUseExternalSwitch:false HypervExternalAdapter: KVMNetwork:default KVMQemuURI:qemu:///system KVMGPU:false KVMHidden:false KVMNUMACount:1 APIServerPort:8443 DockerOpt:[] DisableDriverMounts:false NFSShare:[] NFSSharesRoot:/nfsshares UUID: NoVTXCheck:false DNSProxy:false HostDNSResolver:true HostOnlyNicType:virtio NatNicType:virtio SSHIPAddress: SSHUser:root SSHKey: SSHPort:22 KubernetesConfig:{KubernetesVersion:v1.35.1 ClusterName:minikube Namespace:default APIServerHAVIP: APIServerName:minikubeCA APIServerNames:[] APIServerIPs:[] DNSDomain:cluster.local ContainerRuntime:docker CRISocket: NetworkPlugin:cni FeatureGates: ServiceCIDR:10.96.0.0/12 ImageRepository: LoadBalancerStartIP: LoadBalancerEndIP: CustomIngressCert: RegistryAliases: ExtraOptions:[] ShouldLoadCachedImages:true EnableDefaultCNI:false CNI:} Nodes:[{Name: IP:192.168.49.2 Port:8443 KubernetesVersion:v1.35.1 ContainerRuntime:docker ControlPlane:true Worker:true}] Addons:map[default-storageclass:true ingress:true storage-provisioner:true] CustomAddonImages:map[] CustomAddonRegistries:map[] VerifyComponents:map[apiserver:true system_pods:true] StartHostTimeout:6m0s ScheduledStop:<nil> ExposedPorts:[] ListenAddress: Network: Subnet: MultiNodeRequested:false ExtraDisks:0 CertExpiration:26280h0m0s MountString: Mount9PVersion:9p2000.L MountGID:docker MountIP: MountMSize:262144 MountOptions:[] MountPort:0 MountType:9p MountUID:docker BinaryMirror: DisableOptimizations:false DisableMetrics:false DisableCoreDNSLog:false CustomQemuFirmwarePath: SocketVMnetClientPath: SocketVMnetPath: StaticIP: SSHAuthSock: SSHAgentPID:0 GPUs: AutoPauseInterval:1m0s Rosetta:false} ...
I0603 04:49:01.088558   10365 preload.go:187] Checking if preload exists for k8s version v1.35.1 and runtime docker
I0603 04:49:01.088642   10365 ssh_runner.go:194] Run: docker images --format {{.Repository}}:{{.Tag}}
I0603 04:49:01.153108   10365 docker.go:693] Got preloaded images: -- stdout --
registry.k8s.io/kube-apiserver:v1.35.1
registry.k8s.io/kube-proxy:v1.35.1
registry.k8s.io/kube-controller-manager:v1.35.1
registry.k8s.io/kube-scheduler:v1.35.1
registry.k8s.io/etcd:3.6.6-0
registry.k8s.io/coredns/coredns:v1.13.1
registry.k8s.io/pause:3.10.1
gcr.io/k8s-minikube/storage-provisioner:v5

-- /stdout --
I0603 04:49:01.153128   10365 docker.go:623] Images already preloaded, skipping extraction
I0603 04:49:01.153238   10365 ssh_runner.go:194] Run: docker images --format {{.Repository}}:{{.Tag}}
I0603 04:49:01.211937   10365 docker.go:693] Got preloaded images: -- stdout --
registry.k8s.io/kube-apiserver:v1.35.1
registry.k8s.io/kube-scheduler:v1.35.1
registry.k8s.io/kube-controller-manager:v1.35.1
registry.k8s.io/kube-proxy:v1.35.1
registry.k8s.io/etcd:3.6.6-0
registry.k8s.io/coredns/coredns:v1.13.1
registry.k8s.io/pause:3.10.1
gcr.io/k8s-minikube/storage-provisioner:v5

-- /stdout --
I0603 04:49:01.211979   10365 cache_images.go:85] Images are preloaded, skipping loading
I0603 04:49:01.211990   10365 kubeadm.go:934] updating node { 192.168.49.2 8443 v1.35.1 docker true true} ...
I0603 04:49:01.212284   10365 kubeadm.go:946] kubelet [Unit]
Wants=docker.socket

[Service]
ExecStart=
ExecStart=/var/lib/minikube/binaries/v1.35.1/kubelet --bootstrap-kubeconfig=/etc/kubernetes/bootstrap-kubelet.conf --config=/var/lib/kubelet/config.yaml --hostname-override=minikube --kubeconfig=/etc/kubernetes/kubelet.conf --node-ip=192.168.49.2

[Install]
 config:
{KubernetesVersion:v1.35.1 ClusterName:minikube Namespace:default APIServerHAVIP: APIServerName:minikubeCA APIServerNames:[] APIServerIPs:[] DNSDomain:cluster.local ContainerRuntime:docker CRISocket: NetworkPlugin:cni FeatureGates: ServiceCIDR:10.96.0.0/12 ImageRepository: LoadBalancerStartIP: LoadBalancerEndIP: CustomIngressCert: RegistryAliases: ExtraOptions:[] ShouldLoadCachedImages:true EnableDefaultCNI:false CNI:}
I0603 04:49:01.212428   10365 ssh_runner.go:194] Run: docker info --format {{.CgroupDriver}}
I0603 04:49:01.821651   10365 cni.go:83] Creating CNI manager for ""
I0603 04:49:01.821700   10365 cni.go:157] "docker" driver + "docker" container runtime found on kubernetes v1.24+, recommending bridge
I0603 04:49:01.821738   10365 kubeadm.go:84] Using pod CIDR: 10.244.0.0/16
I0603 04:49:01.821878   10365 kubeadm.go:196] kubeadm options: {CertDir:/var/lib/minikube/certs ServiceCIDR:10.96.0.0/12 PodSubnet:10.244.0.0/16 AdvertiseAddress:192.168.49.2 APIServerPort:8443 KubernetesVersion:v1.35.1 EtcdDataDir:/var/lib/minikube/etcd EtcdExtraArgs:map[] ClusterName:minikube NodeName:minikube DNSDomain:cluster.local CRISocket:/var/run/cri-dockerd.sock ImageRepository: ComponentOptions:[{Component:apiServer ExtraArgs:map[enable-admission-plugins:NamespaceLifecycle,LimitRanger,ServiceAccount,DefaultStorageClass,DefaultTolerationSeconds,NodeRestriction,MutatingAdmissionWebhook,ValidatingAdmissionWebhook,ResourceQuota] Pairs:map[certSANs:["127.0.0.1", "localhost", "192.168.49.2"]]} {Component:controllerManager ExtraArgs:map[allocate-node-cidrs:true leader-elect:false] Pairs:map[]} {Component:scheduler ExtraArgs:map[leader-elect:false] Pairs:map[]}] FeatureArgs:map[] NodeIP:192.168.49.2 CgroupDriver:systemd ClientCAFile:/var/lib/minikube/certs/ca.crt StaticPodPath:/etc/kubernetes/manifests ControlPlaneAddress:control-plane.minikube.internal KubeProxyOptions:map[] ResolvConfSearchRegression:false KubeletConfigOpts:map[containerRuntimeEndpoint:unix:///var/run/cri-dockerd.sock hairpinMode:hairpin-veth runtimeRequestTimeout:15m] PrependCriSocketUnix:true}
I0603 04:49:01.822110   10365 kubeadm.go:202] kubeadm config:
apiVersion: kubeadm.k8s.io/v1beta4
kind: InitConfiguration
localAPIEndpoint:
  advertiseAddress: 192.168.49.2
  bindPort: 8443
bootstrapTokens:
  - groups:
      - system:bootstrappers:kubeadm:default-node-token
    ttl: 24h0m0s
    usages:
      - signing
      - authentication
nodeRegistration:
  criSocket: unix:///var/run/cri-dockerd.sock
  name: "minikube"
  kubeletExtraArgs:
    - name: "node-ip"
      value: "192.168.49.2"
  taints: []
---
apiVersion: kubeadm.k8s.io/v1beta4
kind: ClusterConfiguration
apiServer:
  certSANs: ["127.0.0.1", "localhost", "192.168.49.2"]
  extraArgs:
    - name: "enable-admission-plugins"
      value: "NamespaceLifecycle,LimitRanger,ServiceAccount,DefaultStorageClass,DefaultTolerationSeconds,NodeRestriction,MutatingAdmissionWebhook,ValidatingAdmissionWebhook,ResourceQuota"
controllerManager:
  extraArgs:
    - name: "allocate-node-cidrs"
      value: "true"
    - name: "leader-elect"
      value: "false"
scheduler:
  extraArgs:
    - name: "leader-elect"
      value: "false"
certificatesDir: /var/lib/minikube/certs
clusterName: mk
controlPlaneEndpoint: control-plane.minikube.internal:8443
etcd:
  local:
    dataDir: /var/lib/minikube/etcd
kubernetesVersion: v1.35.1
networking:
  dnsDomain: cluster.local
  podSubnet: "10.244.0.0/16"
  serviceSubnet: 10.96.0.0/12
---
apiVersion: kubelet.config.k8s.io/v1beta1
kind: KubeletConfiguration
authentication:
  x509:
    clientCAFile: /var/lib/minikube/certs/ca.crt
cgroupDriver: systemd
containerRuntimeEndpoint: unix:///var/run/cri-dockerd.sock
hairpinMode: hairpin-veth
runtimeRequestTimeout: 15m
clusterDomain: "cluster.local"
# disable disk resource management by default
imageGCHighThresholdPercent: 100
evictionHard:
  nodefs.available: "0%"
  nodefs.inodesFree: "0%"
  imagefs.available: "0%"
failSwapOn: false
staticPodPath: /etc/kubernetes/manifests
---
apiVersion: kubeproxy.config.k8s.io/v1alpha1
kind: KubeProxyConfiguration
clusterCIDR: "10.244.0.0/16"
metricsBindAddress: 0.0.0.0:10249
conntrack:
  maxPerCore: 0
# Skip setting "net.netfilter.nf_conntrack_tcp_timeout_established"
  tcpEstablishedTimeout: 0s
# Skip setting "net.netfilter.nf_conntrack_tcp_timeout_close"
  tcpCloseWaitTimeout: 0s

I0603 04:49:01.822216   10365 ssh_runner.go:194] Run: sudo ls /var/lib/minikube/binaries/v1.35.1
I0603 04:49:01.848626   10365 binaries.go:50] Found k8s binaries, skipping transfer
I0603 04:49:01.848750   10365 ssh_runner.go:194] Run: sudo mkdir -p /etc/systemd/system/kubelet.service.d /lib/systemd/system /var/tmp/minikube
I0603 04:49:01.873559   10365 ssh_runner.go:361] scp memory --> /etc/systemd/system/kubelet.service.d/10-kubeadm.conf (307 bytes)
I0603 04:49:01.912120   10365 ssh_runner.go:361] scp memory --> /lib/systemd/system/kubelet.service (352 bytes)
I0603 04:49:01.951532   10365 ssh_runner.go:361] scp memory --> /var/tmp/minikube/kubeadm.yaml.new (2208 bytes)
I0603 04:49:01.990658   10365 ssh_runner.go:194] Run: grep 192.168.49.2	control-plane.minikube.internal$ /etc/hosts
I0603 04:49:02.001235   10365 ssh_runner.go:194] Run: /bin/bash -c "{ grep -v $'\tcontrol-plane.minikube.internal$' "/etc/hosts"; echo "192.168.49.2	control-plane.minikube.internal"; } > /tmp/h.$$; sudo cp /tmp/h.$$ "/etc/hosts""
I0603 04:49:02.029988   10365 ssh_runner.go:194] Run: sudo systemctl daemon-reload
I0603 04:49:02.262413   10365 ssh_runner.go:194] Run: sudo systemctl start kubelet
I0603 04:49:02.315051   10365 certs.go:67] Setting up /home/khadijah/.minikube/profiles/minikube for IP: 192.168.49.2
I0603 04:49:02.315064   10365 certs.go:193] generating shared ca certs ...
I0603 04:49:02.315081   10365 certs.go:225] acquiring lock for ca certs: {Name:mka3376c14c24cb92371a6ec23b7c41b6177403d Timeout:1m0s Delay:500ms}
I0603 04:49:02.316036   10365 certs.go:234] skipping valid "minikubeCA" ca cert: /home/khadijah/.minikube/ca.key
I0603 04:49:02.316726   10365 certs.go:234] skipping valid "proxyClientCA" ca cert: /home/khadijah/.minikube/proxy-client-ca.key
I0603 04:49:02.316772   10365 certs.go:255] generating profile certs ...
I0603 04:49:02.317675   10365 certs.go:358] skipping valid signed profile cert regeneration for "minikube-user": /home/khadijah/.minikube/profiles/minikube/client.key
I0603 04:49:02.318460   10365 certs.go:358] skipping valid signed profile cert regeneration for "minikube": /home/khadijah/.minikube/profiles/minikube/apiserver.key.7fb57e3c
I0603 04:49:02.319083   10365 certs.go:358] skipping valid signed profile cert regeneration for "aggregator": /home/khadijah/.minikube/profiles/minikube/proxy-client.key
I0603 04:49:02.319388   10365 certs.go:482] found cert: /home/khadijah/.minikube/certs/ca-key.pem (1675 bytes)
I0603 04:49:02.319447   10365 certs.go:482] found cert: /home/khadijah/.minikube/certs/ca.pem (1082 bytes)
I0603 04:49:02.319499   10365 certs.go:482] found cert: /home/khadijah/.minikube/certs/cert.pem (1127 bytes)
I0603 04:49:02.319546   10365 certs.go:482] found cert: /home/khadijah/.minikube/certs/key.pem (1679 bytes)
I0603 04:49:02.321770   10365 ssh_runner.go:361] scp /home/khadijah/.minikube/ca.crt --> /var/lib/minikube/certs/ca.crt (1111 bytes)
I0603 04:49:02.385460   10365 ssh_runner.go:361] scp /home/khadijah/.minikube/ca.key --> /var/lib/minikube/certs/ca.key (1679 bytes)
I0603 04:49:02.443946   10365 ssh_runner.go:361] scp /home/khadijah/.minikube/proxy-client-ca.crt --> /var/lib/minikube/certs/proxy-client-ca.crt (1119 bytes)
I0603 04:49:02.499811   10365 ssh_runner.go:361] scp /home/khadijah/.minikube/proxy-client-ca.key --> /var/lib/minikube/certs/proxy-client-ca.key (1671 bytes)
I0603 04:49:02.554894   10365 ssh_runner.go:361] scp /home/khadijah/.minikube/profiles/minikube/apiserver.crt --> /var/lib/minikube/certs/apiserver.crt (1411 bytes)
I0603 04:49:02.609935   10365 ssh_runner.go:361] scp /home/khadijah/.minikube/profiles/minikube/apiserver.key --> /var/lib/minikube/certs/apiserver.key (1675 bytes)
I0603 04:49:02.666813   10365 ssh_runner.go:361] scp /home/khadijah/.minikube/profiles/minikube/proxy-client.crt --> /var/lib/minikube/certs/proxy-client.crt (1147 bytes)
I0603 04:49:02.719274   10365 ssh_runner.go:361] scp /home/khadijah/.minikube/profiles/minikube/proxy-client.key --> /var/lib/minikube/certs/proxy-client.key (1675 bytes)
I0603 04:49:02.775950   10365 ssh_runner.go:361] scp /home/khadijah/.minikube/ca.crt --> /usr/share/ca-certificates/minikubeCA.pem (1111 bytes)
I0603 04:49:02.831207   10365 ssh_runner.go:361] scp memory --> /var/lib/minikube/kubeconfig (724 bytes)
I0603 04:49:02.870760   10365 ssh_runner.go:194] Run: openssl version
I0603 04:49:02.893476   10365 ssh_runner.go:194] Run: sudo test -s /usr/share/ca-certificates/minikubeCA.pem
I0603 04:49:02.915122   10365 ssh_runner.go:194] Run: sudo ln -fs /usr/share/ca-certificates/minikubeCA.pem /etc/ssl/certs/minikubeCA.pem
I0603 04:49:02.940634   10365 ssh_runner.go:194] Run: ls -la /usr/share/ca-certificates/minikubeCA.pem
I0603 04:49:02.953155   10365 certs.go:526] hashing: -rw-r--r-- 1 root root 1111 Apr  9 22:36 /usr/share/ca-certificates/minikubeCA.pem
I0603 04:49:02.953241   10365 ssh_runner.go:194] Run: openssl x509 -hash -noout -in /usr/share/ca-certificates/minikubeCA.pem
I0603 04:49:03.031293   10365 ssh_runner.go:194] Run: sudo test -L /etc/ssl/certs/b5213941.0
I0603 04:49:03.054317   10365 ssh_runner.go:194] Run: sudo ln -fs /etc/ssl/certs/minikubeCA.pem /etc/ssl/certs/b5213941.0
I0603 04:49:03.076279   10365 ssh_runner.go:194] Run: stat /var/lib/minikube/certs/apiserver-kubelet-client.crt
I0603 04:49:03.086776   10365 ssh_runner.go:194] Run: openssl x509 -noout -in /var/lib/minikube/certs/apiserver-etcd-client.crt -checkend 86400
I0603 04:49:03.165797   10365 ssh_runner.go:194] Run: openssl x509 -noout -in /var/lib/minikube/certs/apiserver-kubelet-client.crt -checkend 86400
I0603 04:49:03.243715   10365 ssh_runner.go:194] Run: openssl x509 -noout -in /var/lib/minikube/certs/etcd/server.crt -checkend 86400
I0603 04:49:03.332042   10365 ssh_runner.go:194] Run: openssl x509 -noout -in /var/lib/minikube/certs/etcd/healthcheck-client.crt -checkend 86400
I0603 04:49:03.460978   10365 ssh_runner.go:194] Run: openssl x509 -noout -in /var/lib/minikube/certs/etcd/peer.crt -checkend 86400
I0603 04:49:03.570963   10365 ssh_runner.go:194] Run: openssl x509 -noout -in /var/lib/minikube/certs/front-proxy-client.crt -checkend 86400
I0603 04:49:03.653068   10365 kubeadm.go:400] StartCluster: {Name:minikube KeepContext:false EmbedCerts:false MinikubeISO: KicBaseImage:gcr.io/k8s-minikube/kicbase:v0.0.50@sha256:eb4fec00e8ad70adf8e6436f195cc429825ffb85f95afcdb5d8d9deb576f3e93 Memory:3072 CPUs:2 DiskSize:20000 Driver:docker HyperkitVpnKitSock: HyperkitVSockPorts:[] DockerEnv:[] ContainerVolumeMounts:[] InsecureRegistry:[] RegistryMirror:[] HostOnlyCIDR:192.168.59.1/24 HypervVirtualSwitch: HypervUseExternalSwitch:false HypervExternalAdapter: KVMNetwork:default KVMQemuURI:qemu:///system KVMGPU:false KVMHidden:false KVMNUMACount:1 APIServerPort:8443 DockerOpt:[] DisableDriverMounts:false NFSShare:[] NFSSharesRoot:/nfsshares UUID: NoVTXCheck:false DNSProxy:false HostDNSResolver:true HostOnlyNicType:virtio NatNicType:virtio SSHIPAddress: SSHUser:root SSHKey: SSHPort:22 KubernetesConfig:{KubernetesVersion:v1.35.1 ClusterName:minikube Namespace:default APIServerHAVIP: APIServerName:minikubeCA APIServerNames:[] APIServerIPs:[] DNSDomain:cluster.local ContainerRuntime:docker CRISocket: NetworkPlugin:cni FeatureGates: ServiceCIDR:10.96.0.0/12 ImageRepository: LoadBalancerStartIP: LoadBalancerEndIP: CustomIngressCert: RegistryAliases: ExtraOptions:[] ShouldLoadCachedImages:true EnableDefaultCNI:false CNI:} Nodes:[{Name: IP:192.168.49.2 Port:8443 KubernetesVersion:v1.35.1 ContainerRuntime:docker ControlPlane:true Worker:true}] Addons:map[default-storageclass:true ingress:true storage-provisioner:true] CustomAddonImages:map[] CustomAddonRegistries:map[] VerifyComponents:map[apiserver:true system_pods:true] StartHostTimeout:6m0s ScheduledStop:<nil> ExposedPorts:[] ListenAddress: Network: Subnet: MultiNodeRequested:false ExtraDisks:0 CertExpiration:26280h0m0s MountString: Mount9PVersion:9p2000.L MountGID:docker MountIP: MountMSize:262144 MountOptions:[] MountPort:0 MountType:9p MountUID:docker BinaryMirror: DisableOptimizations:false DisableMetrics:false DisableCoreDNSLog:false CustomQemuFirmwarePath: SocketVMnetClientPath: SocketVMnetPath: StaticIP: SSHAuthSock: SSHAgentPID:0 GPUs: AutoPauseInterval:1m0s Rosetta:false}
I0603 04:49:03.653319   10365 ssh_runner.go:194] Run: docker ps --filter status=paused --filter=name=k8s_.*_(kube-system)_ --format={{.ID}}
I0603 04:49:03.705582   10365 ssh_runner.go:194] Run: sudo ls /var/lib/kubelet/kubeadm-flags.env /var/lib/kubelet/config.yaml /var/lib/minikube/etcd
I0603 04:49:03.729252   10365 kubeadm.go:416] found existing configuration files, will attempt cluster restart
I0603 04:49:03.729264   10365 kubeadm.go:597] restartPrimaryControlPlane start ...
I0603 04:49:03.729343   10365 ssh_runner.go:194] Run: sudo test -d /data/minikube
I0603 04:49:03.751649   10365 kubeadm.go:130] /data/minikube skipping compat symlinks: sudo test -d /data/minikube: Process exited with status 1
stdout:

stderr:
I0603 04:49:03.751759   10365 cli_runner.go:164] Run: docker container inspect -f "'{{(index (index .NetworkSettings.Ports "8443/tcp") 0).HostPort}}'" minikube
I0603 04:49:03.796683   10365 kubeconfig.go:124] found "minikube" server: "https://127.0.0.1:32771"
I0603 04:49:03.825640   10365 ssh_runner.go:194] Run: sudo diff -u /var/tmp/minikube/kubeadm.yaml /var/tmp/minikube/kubeadm.yaml.new
I0603 04:49:03.847954   10365 kubeadm.go:634] The running cluster does not require reconfiguration: 127.0.0.1
I0603 04:49:03.847983   10365 kubeadm.go:601] duration metric: took 118.712799ms to restartPrimaryControlPlane
I0603 04:49:03.847993   10365 kubeadm.go:402] duration metric: took 194.975665ms to StartCluster
I0603 04:49:03.848011   10365 settings.go:141] acquiring lock: {Name:mkf9c88db14e311db58d52115de92adb17249fba Timeout:1m0s Delay:500ms}
I0603 04:49:03.848151   10365 settings.go:149] Updating kubeconfig:  /home/khadijah/.kube/config
I0603 04:49:03.850744   10365 lock.go:61] WriteFile acquiring /home/khadijah/.kube/config: {Name:mkefcc1f635b1578e2aaa72258deaf5ce5735fb7 Timeout:1m0s Delay:500ms}
I0603 04:49:03.851409   10365 start.go:237] Will wait 6m0s for node &{Name: IP:192.168.49.2 Port:8443 KubernetesVersion:v1.35.1 ContainerRuntime:docker ControlPlane:true Worker:true}
I0603 04:49:03.851624   10365 addons.go:528] enable addons start: toEnable=map[ambassador:false amd-gpu-device-plugin:false auto-pause:false cloud-spanner:false csi-hostpath-driver:false dashboard:false default-storageclass:true efk:false freshpod:false gcp-auth:false gvisor:false headlamp:false inaccel:false ingress:true ingress-dns:false inspektor-gadget:false istio:false istio-provisioner:false kong:false kubeflow:false kubetail:false kubevirt:false logviewer:false metallb:false metrics-server:false nvidia-device-plugin:false nvidia-driver-installer:false nvidia-gpu-device-plugin:false olm:false pod-security-policy:false portainer:false registry:false registry-aliases:false registry-creds:false storage-provisioner:true storage-provisioner-rancher:false volcano:false volumesnapshots:false yakd:false]
I0603 04:49:03.851761   10365 addons.go:71] Setting storage-provisioner=true in profile "minikube"
I0603 04:49:03.851786   10365 addons.go:240] Setting addon storage-provisioner=true in "minikube"
W0603 04:49:03.851794   10365 addons.go:249] addon storage-provisioner should already be in state true
I0603 04:49:03.851824   10365 host.go:67] Checking if "minikube" exists ...
I0603 04:49:03.851827   10365 addons.go:71] Setting default-storageclass=true in profile "minikube"
I0603 04:49:03.851843   10365 config.go:183] Loaded profile config "minikube": Driver=docker, ContainerRuntime=docker, KubernetesVersion=v1.35.1
I0603 04:49:03.851852   10365 addons_storage_classes.go:34] enableOrDisableStorageClasses default-storageclass=true on "minikube"
I0603 04:49:03.851959   10365 addons.go:71] Setting ingress=true in profile "minikube"
I0603 04:49:03.851998   10365 addons.go:240] Setting addon ingress=true in "minikube"
W0603 04:49:03.852037   10365 addons.go:249] addon ingress should already be in state true
I0603 04:49:03.852086   10365 host.go:67] Checking if "minikube" exists ...
I0603 04:49:03.852608   10365 cli_runner.go:164] Run: docker container inspect minikube --format={{.State.Status}}
I0603 04:49:03.852913   10365 cli_runner.go:164] Run: docker container inspect minikube --format={{.State.Status}}
I0603 04:49:03.853370   10365 cli_runner.go:164] Run: docker container inspect minikube --format={{.State.Status}}
I0603 04:49:03.859154   10365 out.go:179] 🔎  Verifying Kubernetes components...
I0603 04:49:03.864882   10365 ssh_runner.go:194] Run: sudo systemctl daemon-reload
I0603 04:49:03.928389   10365 out.go:179]     ▪ Using image gcr.io/k8s-minikube/storage-provisioner:v5
I0603 04:49:03.928706   10365 out.go:179]     ▪ Using image registry.k8s.io/ingress-nginx/controller:v1.14.3
I0603 04:49:03.929232   10365 addons.go:240] Setting addon default-storageclass=true in "minikube"
W0603 04:49:03.929262   10365 addons.go:249] addon default-storageclass should already be in state true
I0603 04:49:03.929306   10365 host.go:67] Checking if "minikube" exists ...
I0603 04:49:03.930589   10365 cli_runner.go:164] Run: docker container inspect minikube --format={{.State.Status}}
I0603 04:49:03.933213   10365 addons.go:437] installing /etc/kubernetes/addons/storage-provisioner.yaml
I0603 04:49:03.933235   10365 ssh_runner.go:361] scp memory --> /etc/kubernetes/addons/storage-provisioner.yaml (2676 bytes)
I0603 04:49:03.933351   10365 cli_runner.go:164] Run: docker container inspect -f "'{{(index (index .NetworkSettings.Ports "22/tcp") 0).HostPort}}'" minikube
I0603 04:49:03.937788   10365 out.go:179]     ▪ Using image registry.k8s.io/ingress-nginx/kube-webhook-certgen:v1.6.7
I0603 04:49:03.943908   10365 out.go:179]     ▪ Using image registry.k8s.io/ingress-nginx/kube-webhook-certgen:v1.6.7
I0603 04:49:03.951249   10365 addons.go:437] installing /etc/kubernetes/addons/ingress-deploy.yaml
I0603 04:49:03.951275   10365 ssh_runner.go:361] scp memory --> /etc/kubernetes/addons/ingress-deploy.yaml (16078 bytes)
I0603 04:49:03.951402   10365 cli_runner.go:164] Run: docker container inspect -f "'{{(index (index .NetworkSettings.Ports "22/tcp") 0).HostPort}}'" minikube
I0603 04:49:04.013449   10365 sshutil.go:53] new ssh client: &{IP:127.0.0.1 Port:32768 SSHKeyPath:/home/khadijah/.minikube/machines/minikube/id_rsa Username:docker}
I0603 04:49:04.029488   10365 addons.go:437] installing /etc/kubernetes/addons/storageclass.yaml
I0603 04:49:04.029512   10365 ssh_runner.go:361] scp storageclass/storageclass.yaml --> /etc/kubernetes/addons/storageclass.yaml (271 bytes)
I0603 04:49:04.029645   10365 cli_runner.go:164] Run: docker container inspect -f "'{{(index (index .NetworkSettings.Ports "22/tcp") 0).HostPort}}'" minikube
I0603 04:49:04.045871   10365 sshutil.go:53] new ssh client: &{IP:127.0.0.1 Port:32768 SSHKeyPath:/home/khadijah/.minikube/machines/minikube/id_rsa Username:docker}
I0603 04:49:04.084680   10365 sshutil.go:53] new ssh client: &{IP:127.0.0.1 Port:32768 SSHKeyPath:/home/khadijah/.minikube/machines/minikube/id_rsa Username:docker}
I0603 04:49:04.176921   10365 ssh_runner.go:194] Run: sudo systemctl start kubelet
I0603 04:49:04.199596   10365 ssh_runner.go:194] Run: sudo KUBECONFIG=/var/lib/minikube/kubeconfig /var/lib/minikube/binaries/v1.35.1/kubectl apply -f /etc/kubernetes/addons/storage-provisioner.yaml
I0603 04:49:04.216350   10365 cli_runner.go:164] Run: docker container inspect -f "'{{(index (index .NetworkSettings.Ports "8443/tcp") 0).HostPort}}'" minikube
I0603 04:49:04.232588   10365 ssh_runner.go:194] Run: sudo KUBECONFIG=/var/lib/minikube/kubeconfig /var/lib/minikube/binaries/v1.35.1/kubectl apply -f /etc/kubernetes/addons/ingress-deploy.yaml
I0603 04:49:04.273644   10365 api_server.go:51] waiting for apiserver process to appear ...
I0603 04:49:04.273806   10365 ssh_runner.go:194] Run: sudo pgrep -xnf kube-apiserver.*minikube.*
I0603 04:49:04.279454   10365 ssh_runner.go:194] Run: sudo KUBECONFIG=/var/lib/minikube/kubeconfig /var/lib/minikube/binaries/v1.35.1/kubectl apply -f /etc/kubernetes/addons/storageclass.yaml
W0603 04:49:04.400517   10365 addons.go:478] apply failed, will retry: sudo KUBECONFIG=/var/lib/minikube/kubeconfig /var/lib/minikube/binaries/v1.35.1/kubectl apply -f /etc/kubernetes/addons/storage-provisioner.yaml: Process exited with status 1
stdout:

stderr:
error: error validating "/etc/kubernetes/addons/storage-provisioner.yaml": error validating data: failed to download openapi: Get "https://localhost:8443/openapi/v2?timeout=32s": dial tcp [::1]:8443: connect: connection refused; if you choose to ignore these errors, turn validation off with --validate=false
I0603 04:49:04.400567   10365 retry.go:85] will retry after 200ms: sudo KUBECONFIG=/var/lib/minikube/kubeconfig /var/lib/minikube/binaries/v1.35.1/kubectl apply -f /etc/kubernetes/addons/storage-provisioner.yaml: Process exited with status 1
stdout:

stderr:
error: error validating "/etc/kubernetes/addons/storage-provisioner.yaml": error validating data: failed to download openapi: Get "https://localhost:8443/openapi/v2?timeout=32s": dial tcp [::1]:8443: connect: connection refused; if you choose to ignore these errors, turn validation off with --validate=false
W0603 04:49:04.433197   10365 addons.go:478] apply failed, will retry: sudo KUBECONFIG=/var/lib/minikube/kubeconfig /var/lib/minikube/binaries/v1.35.1/kubectl apply -f /etc/kubernetes/addons/ingress-deploy.yaml: Process exited with status 1
stdout:

stderr:
error: error validating "/etc/kubernetes/addons/ingress-deploy.yaml": error validating data: failed to download openapi: Get "https://localhost:8443/openapi/v2?timeout=32s": dial tcp [::1]:8443: connect: connection refused; if you choose to ignore these errors, turn validation off with --validate=false
W0603 04:49:04.458818   10365 addons.go:478] apply failed, will retry: sudo KUBECONFIG=/var/lib/minikube/kubeconfig /var/lib/minikube/binaries/v1.35.1/kubectl apply -f /etc/kubernetes/addons/storageclass.yaml: Process exited with status 1
stdout:

stderr:
error: error validating "/etc/kubernetes/addons/storageclass.yaml": error validating data: failed to download openapi: Get "https://localhost:8443/openapi/v2?timeout=32s": dial tcp [::1]:8443: connect: connection refused; if you choose to ignore these errors, turn validation off with --validate=false
I0603 04:49:04.606779   10365 ssh_runner.go:194] Run: sudo KUBECONFIG=/var/lib/minikube/kubeconfig /var/lib/minikube/binaries/v1.35.1/kubectl apply --force -f /etc/kubernetes/addons/storageclass.yaml
I0603 04:49:04.617554   10365 ssh_runner.go:194] Run: sudo KUBECONFIG=/var/lib/minikube/kubeconfig /var/lib/minikube/binaries/v1.35.1/kubectl apply --force -f /etc/kubernetes/addons/storage-provisioner.yaml
I0603 04:49:04.631659   10365 ssh_runner.go:194] Run: sudo KUBECONFIG=/var/lib/minikube/kubeconfig /var/lib/minikube/binaries/v1.35.1/kubectl apply --force -f /etc/kubernetes/addons/ingress-deploy.yaml
I0603 04:49:04.774587   10365 ssh_runner.go:194] Run: sudo pgrep -xnf kube-apiserver.*minikube.*
W0603 04:49:04.790936   10365 addons.go:478] apply failed, will retry: sudo KUBECONFIG=/var/lib/minikube/kubeconfig /var/lib/minikube/binaries/v1.35.1/kubectl apply --force -f /etc/kubernetes/addons/storageclass.yaml: Process exited with status 1
stdout:

stderr:
error: error validating "/etc/kubernetes/addons/storageclass.yaml": error validating data: failed to download openapi: Get "https://localhost:8443/openapi/v2?timeout=32s": dial tcp [::1]:8443: connect: connection refused; if you choose to ignore these errors, turn validation off with --validate=false
W0603 04:49:04.790958   10365 addons.go:478] apply failed, will retry: sudo KUBECONFIG=/var/lib/minikube/kubeconfig /var/lib/minikube/binaries/v1.35.1/kubectl apply --force -f /etc/kubernetes/addons/storage-provisioner.yaml: Process exited with status 1
stdout:

stderr:
error: error validating "/etc/kubernetes/addons/storage-provisioner.yaml": error validating data: failed to download openapi: Get "https://localhost:8443/openapi/v2?timeout=32s": dial tcp [::1]:8443: connect: connection refused; if you choose to ignore these errors, turn validation off with --validate=false
W0603 04:49:04.806086   10365 addons.go:478] apply failed, will retry: sudo KUBECONFIG=/var/lib/minikube/kubeconfig /var/lib/minikube/binaries/v1.35.1/kubectl apply --force -f /etc/kubernetes/addons/ingress-deploy.yaml: Process exited with status 1
stdout:

stderr:
error: error validating "/etc/kubernetes/addons/ingress-deploy.yaml": error validating data: failed to download openapi: Get "https://localhost:8443/openapi/v2?timeout=32s": dial tcp [::1]:8443: connect: connection refused; if you choose to ignore these errors, turn validation off with --validate=false
I0603 04:49:05.061899   10365 ssh_runner.go:194] Run: sudo KUBECONFIG=/var/lib/minikube/kubeconfig /var/lib/minikube/binaries/v1.35.1/kubectl apply --force -f /etc/kubernetes/addons/storageclass.yaml
I0603 04:49:05.092148   10365 ssh_runner.go:194] Run: sudo KUBECONFIG=/var/lib/minikube/kubeconfig /var/lib/minikube/binaries/v1.35.1/kubectl apply --force -f /etc/kubernetes/addons/ingress-deploy.yaml
I0603 04:49:05.211141   10365 ssh_runner.go:194] Run: sudo KUBECONFIG=/var/lib/minikube/kubeconfig /var/lib/minikube/binaries/v1.35.1/kubectl apply --force -f /etc/kubernetes/addons/storage-provisioner.yaml
W0603 04:49:05.236473   10365 addons.go:478] apply failed, will retry: sudo KUBECONFIG=/var/lib/minikube/kubeconfig /var/lib/minikube/binaries/v1.35.1/kubectl apply --force -f /etc/kubernetes/addons/storageclass.yaml: Process exited with status 1
stdout:

stderr:
error: error validating "/etc/kubernetes/addons/storageclass.yaml": error validating data: failed to download openapi: Get "https://localhost:8443/openapi/v2?timeout=32s": dial tcp [::1]:8443: connect: connection refused; if you choose to ignore these errors, turn validation off with --validate=false
W0603 04:49:05.261408   10365 addons.go:478] apply failed, will retry: sudo KUBECONFIG=/var/lib/minikube/kubeconfig /var/lib/minikube/binaries/v1.35.1/kubectl apply --force -f /etc/kubernetes/addons/ingress-deploy.yaml: Process exited with status 1
stdout:

stderr:
error: error validating "/etc/kubernetes/addons/ingress-deploy.yaml": error validating data: failed to download openapi: Get "https://localhost:8443/openapi/v2?timeout=32s": dial tcp [::1]:8443: connect: connection refused; if you choose to ignore these errors, turn validation off with --validate=false
I0603 04:49:05.274740   10365 ssh_runner.go:194] Run: sudo pgrep -xnf kube-apiserver.*minikube.*
W0603 04:49:05.355242   10365 addons.go:478] apply failed, will retry: sudo KUBECONFIG=/var/lib/minikube/kubeconfig /var/lib/minikube/binaries/v1.35.1/kubectl apply --force -f /etc/kubernetes/addons/storage-provisioner.yaml: Process exited with status 1
stdout:

stderr:
error: error validating "/etc/kubernetes/addons/storage-provisioner.yaml": error validating data: failed to download openapi: Get "https://localhost:8443/openapi/v2?timeout=32s": dial tcp [::1]:8443: connect: connection refused; if you choose to ignore these errors, turn validation off with --validate=false
I0603 04:49:05.769245   10365 ssh_runner.go:194] Run: sudo KUBECONFIG=/var/lib/minikube/kubeconfig /var/lib/minikube/binaries/v1.35.1/kubectl apply --force -f /etc/kubernetes/addons/storageclass.yaml
I0603 04:49:05.774213   10365 ssh_runner.go:194] Run: sudo pgrep -xnf kube-apiserver.*minikube.*
W0603 04:49:05.898619   10365 addons.go:478] apply failed, will retry: sudo KUBECONFIG=/var/lib/minikube/kubeconfig /var/lib/minikube/binaries/v1.35.1/kubectl apply --force -f /etc/kubernetes/addons/storageclass.yaml: Process exited with status 1
stdout:

stderr:
error: error validating "/etc/kubernetes/addons/storageclass.yaml": error validating data: failed to download openapi: Get "https://localhost:8443/openapi/v2?timeout=32s": dial tcp [::1]:8443: connect: connection refused; if you choose to ignore these errors, turn validation off with --validate=false
I0603 04:49:05.938291   10365 ssh_runner.go:194] Run: sudo KUBECONFIG=/var/lib/minikube/kubeconfig /var/lib/minikube/binaries/v1.35.1/kubectl apply --force -f /etc/kubernetes/addons/storage-provisioner.yaml
I0603 04:49:05.946153   10365 ssh_runner.go:194] Run: sudo KUBECONFIG=/var/lib/minikube/kubeconfig /var/lib/minikube/binaries/v1.35.1/kubectl apply --force -f /etc/kubernetes/addons/ingress-deploy.yaml
W0603 04:49:06.074625   10365 addons.go:478] apply failed, will retry: sudo KUBECONFIG=/var/lib/minikube/kubeconfig /var/lib/minikube/binaries/v1.35.1/kubectl apply --force -f /etc/kubernetes/addons/storage-provisioner.yaml: Process exited with status 1
stdout:

stderr:
error: error validating "/etc/kubernetes/addons/storage-provisioner.yaml": error validating data: failed to download openapi: Get "https://localhost:8443/openapi/v2?timeout=32s": dial tcp [::1]:8443: connect: connection refused; if you choose to ignore these errors, turn validation off with --validate=false
W0603 04:49:06.082403   10365 addons.go:478] apply failed, will retry: sudo KUBECONFIG=/var/lib/minikube/kubeconfig /var/lib/minikube/binaries/v1.35.1/kubectl apply --force -f /etc/kubernetes/addons/ingress-deploy.yaml: Process exited with status 1
stdout:

stderr:
error: error validating "/etc/kubernetes/addons/ingress-deploy.yaml": error validating data: failed to download openapi: Get "https://localhost:8443/openapi/v2?timeout=32s": dial tcp [::1]:8443: connect: connection refused; if you choose to ignore these errors, turn validation off with --validate=false
I0603 04:49:06.274043   10365 ssh_runner.go:194] Run: sudo pgrep -xnf kube-apiserver.*minikube.*
I0603 04:49:06.757105   10365 ssh_runner.go:194] Run: sudo KUBECONFIG=/var/lib/minikube/kubeconfig /var/lib/minikube/binaries/v1.35.1/kubectl apply --force -f /etc/kubernetes/addons/ingress-deploy.yaml
I0603 04:49:06.774727   10365 ssh_runner.go:194] Run: sudo pgrep -xnf kube-apiserver.*minikube.*
I0603 04:49:06.860958   10365 ssh_runner.go:194] Run: sudo KUBECONFIG=/var/lib/minikube/kubeconfig /var/lib/minikube/binaries/v1.35.1/kubectl apply --force -f /etc/kubernetes/addons/storageclass.yaml
W0603 04:49:06.920294   10365 addons.go:478] apply failed, will retry: sudo KUBECONFIG=/var/lib/minikube/kubeconfig /var/lib/minikube/binaries/v1.35.1/kubectl apply --force -f /etc/kubernetes/addons/ingress-deploy.yaml: Process exited with status 1
stdout:

stderr:
error: error validating "/etc/kubernetes/addons/ingress-deploy.yaml": error validating data: failed to download openapi: Get "https://localhost:8443/openapi/v2?timeout=32s": dial tcp [::1]:8443: connect: connection refused; if you choose to ignore these errors, turn validation off with --validate=false
W0603 04:49:07.001471   10365 addons.go:478] apply failed, will retry: sudo KUBECONFIG=/var/lib/minikube/kubeconfig /var/lib/minikube/binaries/v1.35.1/kubectl apply --force -f /etc/kubernetes/addons/storageclass.yaml: Process exited with status 1
stdout:

stderr:
error: error validating "/etc/kubernetes/addons/storageclass.yaml": error validating data: failed to download openapi: Get "https://localhost:8443/openapi/v2?timeout=32s": dial tcp [::1]:8443: connect: connection refused; if you choose to ignore these errors, turn validation off with --validate=false
I0603 04:49:07.074456   10365 ssh_runner.go:194] Run: sudo KUBECONFIG=/var/lib/minikube/kubeconfig /var/lib/minikube/binaries/v1.35.1/kubectl apply --force -f /etc/kubernetes/addons/storage-provisioner.yaml
W0603 04:49:07.223338   10365 addons.go:478] apply failed, will retry: sudo KUBECONFIG=/var/lib/minikube/kubeconfig /var/lib/minikube/binaries/v1.35.1/kubectl apply --force -f /etc/kubernetes/addons/storage-provisioner.yaml: Process exited with status 1
stdout:

stderr:
error: error validating "/etc/kubernetes/addons/storage-provisioner.yaml": error validating data: failed to download openapi: Get "https://localhost:8443/openapi/v2?timeout=32s": dial tcp [::1]:8443: connect: connection refused; if you choose to ignore these errors, turn validation off with --validate=false
I0603 04:49:07.274857   10365 ssh_runner.go:194] Run: sudo pgrep -xnf kube-apiserver.*minikube.*
I0603 04:49:07.774646   10365 ssh_runner.go:194] Run: sudo pgrep -xnf kube-apiserver.*minikube.*
I0603 04:49:08.189785   10365 ssh_runner.go:194] Run: sudo KUBECONFIG=/var/lib/minikube/kubeconfig /var/lib/minikube/binaries/v1.35.1/kubectl apply --force -f /etc/kubernetes/addons/storageclass.yaml
W0603 04:49:08.270377   10365 addons.go:478] apply failed, will retry: sudo KUBECONFIG=/var/lib/minikube/kubeconfig /var/lib/minikube/binaries/v1.35.1/kubectl apply --force -f /etc/kubernetes/addons/storageclass.yaml: Process exited with status 1
stdout:

stderr:
error: error validating "/etc/kubernetes/addons/storageclass.yaml": error validating data: failed to download openapi: Get "https://localhost:8443/openapi/v2?timeout=32s": dial tcp [::1]:8443: connect: connection refused; if you choose to ignore these errors, turn validation off with --validate=false
I0603 04:49:08.274777   10365 ssh_runner.go:194] Run: sudo KUBECONFIG=/var/lib/minikube/kubeconfig /var/lib/minikube/binaries/v1.35.1/kubectl apply --force -f /etc/kubernetes/addons/storage-provisioner.yaml
I0603 04:49:08.274867   10365 ssh_runner.go:194] Run: sudo pgrep -xnf kube-apiserver.*minikube.*
W0603 04:49:08.360221   10365 addons.go:478] apply failed, will retry: sudo KUBECONFIG=/var/lib/minikube/kubeconfig /var/lib/minikube/binaries/v1.35.1/kubectl apply --force -f /etc/kubernetes/addons/storage-provisioner.yaml: Process exited with status 1
stdout:

stderr:
error: error validating "/etc/kubernetes/addons/storage-provisioner.yaml": error validating data: failed to download openapi: Get "https://localhost:8443/openapi/v2?timeout=32s": dial tcp [::1]:8443: connect: connection refused; if you choose to ignore these errors, turn validation off with --validate=false
I0603 04:49:08.415678   10365 ssh_runner.go:194] Run: sudo KUBECONFIG=/var/lib/minikube/kubeconfig /var/lib/minikube/binaries/v1.35.1/kubectl apply --force -f /etc/kubernetes/addons/ingress-deploy.yaml
W0603 04:49:08.482975   10365 addons.go:478] apply failed, will retry: sudo KUBECONFIG=/var/lib/minikube/kubeconfig /var/lib/minikube/binaries/v1.35.1/kubectl apply --force -f /etc/kubernetes/addons/ingress-deploy.yaml: Process exited with status 1
stdout:

stderr:
error: error validating "/etc/kubernetes/addons/ingress-deploy.yaml": error validating data: failed to download openapi: Get "https://localhost:8443/openapi/v2?timeout=32s": dial tcp [::1]:8443: connect: connection refused; if you choose to ignore these errors, turn validation off with --validate=false
I0603 04:49:08.777247   10365 ssh_runner.go:194] Run: sudo pgrep -xnf kube-apiserver.*minikube.*
I0603 04:49:10.884226   10365 ssh_runner.go:194] Run: sudo pgrep -xnf kube-apiserver.*minikube.*
I0603 04:49:11.364232   10365 ssh_runner.go:194] Run: sudo KUBECONFIG=/var/lib/minikube/kubeconfig /var/lib/minikube/binaries/v1.35.1/kubectl apply --force -f /etc/kubernetes/addons/storageclass.yaml
I0603 04:49:11.376921   10365 ssh_runner.go:194] Run: sudo pgrep -xnf kube-apiserver.*minikube.*
W0603 04:49:11.478339   10365 addons.go:478] apply failed, will retry: sudo KUBECONFIG=/var/lib/minikube/kubeconfig /var/lib/minikube/binaries/v1.35.1/kubectl apply --force -f /etc/kubernetes/addons/storageclass.yaml: Process exited with status 1
stdout:

stderr:
error: error validating "/etc/kubernetes/addons/storageclass.yaml": error validating data: failed to download openapi: Get "https://localhost:8443/openapi/v2?timeout=32s": dial tcp [::1]:8443: connect: connection refused; if you choose to ignore these errors, turn validation off with --validate=false
I0603 04:49:11.877051   10365 ssh_runner.go:194] Run: sudo pgrep -xnf kube-apiserver.*minikube.*
I0603 04:49:12.379443   10365 ssh_runner.go:194] Run: sudo pgrep -xnf kube-apiserver.*minikube.*
I0603 04:49:12.463084   10365 ssh_runner.go:194] Run: sudo KUBECONFIG=/var/lib/minikube/kubeconfig /var/lib/minikube/binaries/v1.35.1/kubectl apply --force -f /etc/kubernetes/addons/storage-provisioner.yaml
W0603 04:49:12.526663   10365 addons.go:478] apply failed, will retry: sudo KUBECONFIG=/var/lib/minikube/kubeconfig /var/lib/minikube/binaries/v1.35.1/kubectl apply --force -f /etc/kubernetes/addons/storage-provisioner.yaml: Process exited with status 1
stdout:

stderr:
error: error validating "/etc/kubernetes/addons/storage-provisioner.yaml": error validating data: failed to download openapi: Get "https://localhost:8443/openapi/v2?timeout=32s": dial tcp [::1]:8443: connect: connection refused; if you choose to ignore these errors, turn validation off with --validate=false
I0603 04:49:12.877387   10365 ssh_runner.go:194] Run: sudo pgrep -xnf kube-apiserver.*minikube.*
I0603 04:49:12.883421   10365 ssh_runner.go:194] Run: sudo KUBECONFIG=/var/lib/minikube/kubeconfig /var/lib/minikube/binaries/v1.35.1/kubectl apply --force -f /etc/kubernetes/addons/ingress-deploy.yaml
W0603 04:49:13.031221   10365 addons.go:478] apply failed, will retry: sudo KUBECONFIG=/var/lib/minikube/kubeconfig /var/lib/minikube/binaries/v1.35.1/kubectl apply --force -f /etc/kubernetes/addons/ingress-deploy.yaml: Process exited with status 1
stdout:

stderr:
error: error validating "/etc/kubernetes/addons/ingress-deploy.yaml": error validating data: failed to download openapi: Get "https://localhost:8443/openapi/v2?timeout=32s": dial tcp [::1]:8443: connect: connection refused; if you choose to ignore these errors, turn validation off with --validate=false
I0603 04:49:13.376469   10365 ssh_runner.go:194] Run: sudo pgrep -xnf kube-apiserver.*minikube.*
I0603 04:49:13.876902   10365 ssh_runner.go:194] Run: sudo pgrep -xnf kube-apiserver.*minikube.*
I0603 04:49:14.121464   10365 ssh_runner.go:194] Run: sudo KUBECONFIG=/var/lib/minikube/kubeconfig /var/lib/minikube/binaries/v1.35.1/kubectl apply --force -f /etc/kubernetes/addons/storageclass.yaml
W0603 04:49:14.181608   10365 addons.go:478] apply failed, will retry: sudo KUBECONFIG=/var/lib/minikube/kubeconfig /var/lib/minikube/binaries/v1.35.1/kubectl apply --force -f /etc/kubernetes/addons/storageclass.yaml: Process exited with status 1
stdout:

stderr:
error: error validating "/etc/kubernetes/addons/storageclass.yaml": error validating data: failed to download openapi: Get "https://localhost:8443/openapi/v2?timeout=32s": dial tcp [::1]:8443: connect: connection refused; if you choose to ignore these errors, turn validation off with --validate=false
I0603 04:49:14.376269   10365 ssh_runner.go:194] Run: sudo pgrep -xnf kube-apiserver.*minikube.*
I0603 04:49:14.876459   10365 ssh_runner.go:194] Run: sudo pgrep -xnf kube-apiserver.*minikube.*
I0603 04:49:15.376184   10365 ssh_runner.go:194] Run: sudo pgrep -xnf kube-apiserver.*minikube.*
I0603 04:49:15.872877   10365 ssh_runner.go:194] Run: sudo KUBECONFIG=/var/lib/minikube/kubeconfig /var/lib/minikube/binaries/v1.35.1/kubectl apply --force -f /etc/kubernetes/addons/storage-provisioner.yaml
I0603 04:49:15.876501   10365 ssh_runner.go:194] Run: sudo pgrep -xnf kube-apiserver.*minikube.*
W0603 04:49:15.938892   10365 addons.go:478] apply failed, will retry: sudo KUBECONFIG=/var/lib/minikube/kubeconfig /var/lib/minikube/binaries/v1.35.1/kubectl apply --force -f /etc/kubernetes/addons/storage-provisioner.yaml: Process exited with status 1
stdout:

stderr:
error: error validating "/etc/kubernetes/addons/storage-provisioner.yaml": error validating data: failed to download openapi: Get "https://localhost:8443/openapi/v2?timeout=32s": dial tcp [::1]:8443: connect: connection refused; if you choose to ignore these errors, turn validation off with --validate=false
I0603 04:49:16.308445   10365 ssh_runner.go:194] Run: sudo KUBECONFIG=/var/lib/minikube/kubeconfig /var/lib/minikube/binaries/v1.35.1/kubectl apply --force -f /etc/kubernetes/addons/ingress-deploy.yaml
W0603 04:49:16.373354   10365 addons.go:478] apply failed, will retry: sudo KUBECONFIG=/var/lib/minikube/kubeconfig /var/lib/minikube/binaries/v1.35.1/kubectl apply --force -f /etc/kubernetes/addons/ingress-deploy.yaml: Process exited with status 1
stdout:

stderr:
error: error validating "/etc/kubernetes/addons/ingress-deploy.yaml": error validating data: failed to download openapi: Get "https://localhost:8443/openapi/v2?timeout=32s": dial tcp [::1]:8443: connect: connection refused; if you choose to ignore these errors, turn validation off with --validate=false
I0603 04:49:16.376627   10365 ssh_runner.go:194] Run: sudo pgrep -xnf kube-apiserver.*minikube.*
I0603 04:49:16.877697   10365 ssh_runner.go:194] Run: sudo pgrep -xnf kube-apiserver.*minikube.*
I0603 04:49:17.264950   10365 ssh_runner.go:194] Run: sudo KUBECONFIG=/var/lib/minikube/kubeconfig /var/lib/minikube/binaries/v1.35.1/kubectl apply --force -f /etc/kubernetes/addons/storageclass.yaml
W0603 04:49:17.322436   10365 addons.go:478] apply failed, will retry: sudo KUBECONFIG=/var/lib/minikube/kubeconfig /var/lib/minikube/binaries/v1.35.1/kubectl apply --force -f /etc/kubernetes/addons/storageclass.yaml: Process exited with status 1
stdout:

stderr:
error: error validating "/etc/kubernetes/addons/storageclass.yaml": error validating data: failed to download openapi: Get "https://localhost:8443/openapi/v2?timeout=32s": dial tcp [::1]:8443: connect: connection refused; if you choose to ignore these errors, turn validation off with --validate=false
I0603 04:49:17.376140   10365 ssh_runner.go:194] Run: sudo pgrep -xnf kube-apiserver.*minikube.*
I0603 04:49:17.876265   10365 ssh_runner.go:194] Run: sudo pgrep -xnf kube-apiserver.*minikube.*
I0603 04:49:18.376874   10365 ssh_runner.go:194] Run: sudo pgrep -xnf kube-apiserver.*minikube.*
I0603 04:49:18.876111   10365 ssh_runner.go:194] Run: sudo pgrep -xnf kube-apiserver.*minikube.*
I0603 04:49:19.376584   10365 ssh_runner.go:194] Run: sudo pgrep -xnf kube-apiserver.*minikube.*
I0603 04:49:19.446377   10365 ssh_runner.go:194] Run: sudo KUBECONFIG=/var/lib/minikube/kubeconfig /var/lib/minikube/binaries/v1.35.1/kubectl apply --force -f /etc/kubernetes/addons/storage-provisioner.yaml
W0603 04:49:19.516105   10365 addons.go:478] apply failed, will retry: sudo KUBECONFIG=/var/lib/minikube/kubeconfig /var/lib/minikube/binaries/v1.35.1/kubectl apply --force -f /etc/kubernetes/addons/storage-provisioner.yaml: Process exited with status 1
stdout:

stderr:
error: error validating "/etc/kubernetes/addons/storage-provisioner.yaml": error validating data: failed to download openapi: Get "https://localhost:8443/openapi/v2?timeout=32s": dial tcp [::1]:8443: connect: connection refused; if you choose to ignore these errors, turn validation off with --validate=false
I0603 04:49:19.876602   10365 ssh_runner.go:194] Run: sudo pgrep -xnf kube-apiserver.*minikube.*
I0603 04:49:20.376340   10365 ssh_runner.go:194] Run: sudo pgrep -xnf kube-apiserver.*minikube.*
I0603 04:49:20.876951   10365 ssh_runner.go:194] Run: sudo pgrep -xnf kube-apiserver.*minikube.*
I0603 04:49:21.376679   10365 ssh_runner.go:194] Run: sudo pgrep -xnf kube-apiserver.*minikube.*
I0603 04:49:21.556958   10365 ssh_runner.go:194] Run: sudo KUBECONFIG=/var/lib/minikube/kubeconfig /var/lib/minikube/binaries/v1.35.1/kubectl apply --force -f /etc/kubernetes/addons/ingress-deploy.yaml
W0603 04:49:21.665957   10365 addons.go:478] apply failed, will retry: sudo KUBECONFIG=/var/lib/minikube/kubeconfig /var/lib/minikube/binaries/v1.35.1/kubectl apply --force -f /etc/kubernetes/addons/ingress-deploy.yaml: Process exited with status 1
stdout:

stderr:
error: error validating "/etc/kubernetes/addons/ingress-deploy.yaml": error validating data: failed to download openapi: Get "https://localhost:8443/openapi/v2?timeout=32s": dial tcp [::1]:8443: connect: connection refused; if you choose to ignore these errors, turn validation off with --validate=false
I0603 04:49:21.876189   10365 ssh_runner.go:194] Run: sudo pgrep -xnf kube-apiserver.*minikube.*
I0603 04:49:22.376189   10365 ssh_runner.go:194] Run: sudo pgrep -xnf kube-apiserver.*minikube.*
I0603 04:49:22.876404   10365 ssh_runner.go:194] Run: sudo pgrep -xnf kube-apiserver.*minikube.*
I0603 04:49:23.376255   10365 ssh_runner.go:194] Run: sudo pgrep -xnf kube-apiserver.*minikube.*
I0603 04:49:23.436133   10365 ssh_runner.go:194] Run: sudo KUBECONFIG=/var/lib/minikube/kubeconfig /var/lib/minikube/binaries/v1.35.1/kubectl apply --force -f /etc/kubernetes/addons/storageclass.yaml
W0603 04:49:23.499602   10365 addons.go:478] apply failed, will retry: sudo KUBECONFIG=/var/lib/minikube/kubeconfig /var/lib/minikube/binaries/v1.35.1/kubectl apply --force -f /etc/kubernetes/addons/storageclass.yaml: Process exited with status 1
stdout:

stderr:
error: error validating "/etc/kubernetes/addons/storageclass.yaml": error validating data: failed to download openapi: Get "https://localhost:8443/openapi/v2?timeout=32s": dial tcp [::1]:8443: connect: connection refused; if you choose to ignore these errors, turn validation off with --validate=false
I0603 04:49:23.876842   10365 ssh_runner.go:194] Run: sudo pgrep -xnf kube-apiserver.*minikube.*
I0603 04:49:24.376437   10365 ssh_runner.go:194] Run: sudo pgrep -xnf kube-apiserver.*minikube.*
I0603 04:49:24.876092   10365 ssh_runner.go:194] Run: sudo pgrep -xnf kube-apiserver.*minikube.*
I0603 04:49:25.376730   10365 ssh_runner.go:194] Run: sudo pgrep -xnf kube-apiserver.*minikube.*
I0603 04:49:25.832026   10365 ssh_runner.go:194] Run: sudo KUBECONFIG=/var/lib/minikube/kubeconfig /var/lib/minikube/binaries/v1.35.1/kubectl apply --force -f /etc/kubernetes/addons/storage-provisioner.yaml
I0603 04:49:25.876403   10365 ssh_runner.go:194] Run: sudo pgrep -xnf kube-apiserver.*minikube.*
W0603 04:49:25.893321   10365 addons.go:478] apply failed, will retry: sudo KUBECONFIG=/var/lib/minikube/kubeconfig /var/lib/minikube/binaries/v1.35.1/kubectl apply --force -f /etc/kubernetes/addons/storage-provisioner.yaml: Process exited with status 1
stdout:

stderr:
error: error validating "/etc/kubernetes/addons/storage-provisioner.yaml": error validating data: failed to download openapi: Get "https://localhost:8443/openapi/v2?timeout=32s": dial tcp [::1]:8443: connect: connection refused; if you choose to ignore these errors, turn validation off with --validate=false
I0603 04:49:26.376194   10365 ssh_runner.go:194] Run: sudo pgrep -xnf kube-apiserver.*minikube.*
I0603 04:49:26.876775   10365 ssh_runner.go:194] Run: sudo pgrep -xnf kube-apiserver.*minikube.*
I0603 04:49:27.376188   10365 ssh_runner.go:194] Run: sudo pgrep -xnf kube-apiserver.*minikube.*
I0603 04:49:27.876385   10365 ssh_runner.go:194] Run: sudo pgrep -xnf kube-apiserver.*minikube.*
I0603 04:49:28.375985   10365 ssh_runner.go:194] Run: sudo pgrep -xnf kube-apiserver.*minikube.*
I0603 04:49:28.875970   10365 ssh_runner.go:194] Run: sudo pgrep -xnf kube-apiserver.*minikube.*
I0603 04:49:29.376092   10365 ssh_runner.go:194] Run: sudo pgrep -xnf kube-apiserver.*minikube.*
I0603 04:49:29.876139   10365 ssh_runner.go:194] Run: sudo pgrep -xnf kube-apiserver.*minikube.*
I0603 04:49:30.367199   10365 ssh_runner.go:194] Run: sudo KUBECONFIG=/var/lib/minikube/kubeconfig /var/lib/minikube/binaries/v1.35.1/kubectl apply --force -f /etc/kubernetes/addons/ingress-deploy.yaml
I0603 04:49:30.376960   10365 ssh_runner.go:194] Run: sudo pgrep -xnf kube-apiserver.*minikube.*
W0603 04:49:30.427439   10365 addons.go:478] apply failed, will retry: sudo KUBECONFIG=/var/lib/minikube/kubeconfig /var/lib/minikube/binaries/v1.35.1/kubectl apply --force -f /etc/kubernetes/addons/ingress-deploy.yaml: Process exited with status 1
stdout:

stderr:
error: error validating "/etc/kubernetes/addons/ingress-deploy.yaml": error validating data: failed to download openapi: Get "https://localhost:8443/openapi/v2?timeout=32s": dial tcp [::1]:8443: connect: connection refused; if you choose to ignore these errors, turn validation off with --validate=false
I0603 04:49:30.427462   10365 retry.go:85] will retry after 13.7s: sudo KUBECONFIG=/var/lib/minikube/kubeconfig /var/lib/minikube/binaries/v1.35.1/kubectl apply --force -f /etc/kubernetes/addons/ingress-deploy.yaml: Process exited with status 1
stdout:

stderr:
error: error validating "/etc/kubernetes/addons/ingress-deploy.yaml": error validating data: failed to download openapi: Get "https://localhost:8443/openapi/v2?timeout=32s": dial tcp [::1]:8443: connect: connection refused; if you choose to ignore these errors, turn validation off with --validate=false
I0603 04:49:30.876291   10365 ssh_runner.go:194] Run: sudo pgrep -xnf kube-apiserver.*minikube.*
I0603 04:49:31.376580   10365 ssh_runner.go:194] Run: sudo pgrep -xnf kube-apiserver.*minikube.*
I0603 04:49:31.876226   10365 ssh_runner.go:194] Run: sudo pgrep -xnf kube-apiserver.*minikube.*
I0603 04:49:32.376228   10365 ssh_runner.go:194] Run: sudo pgrep -xnf kube-apiserver.*minikube.*
I0603 04:49:32.876940   10365 ssh_runner.go:194] Run: sudo pgrep -xnf kube-apiserver.*minikube.*
I0603 04:49:33.377053   10365 ssh_runner.go:194] Run: sudo pgrep -xnf kube-apiserver.*minikube.*
I0603 04:49:33.876500   10365 ssh_runner.go:194] Run: sudo pgrep -xnf kube-apiserver.*minikube.*
I0603 04:49:33.932419   10365 ssh_runner.go:194] Run: sudo KUBECONFIG=/var/lib/minikube/kubeconfig /var/lib/minikube/binaries/v1.35.1/kubectl apply --force -f /etc/kubernetes/addons/storageclass.yaml
W0603 04:49:34.060162   10365 addons.go:478] apply failed, will retry: sudo KUBECONFIG=/var/lib/minikube/kubeconfig /var/lib/minikube/binaries/v1.35.1/kubectl apply --force -f /etc/kubernetes/addons/storageclass.yaml: Process exited with status 1
stdout:

stderr:
error: error validating "/etc/kubernetes/addons/storageclass.yaml": error validating data: failed to download openapi: Get "https://localhost:8443/openapi/v2?timeout=32s": dial tcp [::1]:8443: connect: connection refused; if you choose to ignore these errors, turn validation off with --validate=false
I0603 04:49:34.060180   10365 retry.go:85] will retry after 21.1s: sudo KUBECONFIG=/var/lib/minikube/kubeconfig /var/lib/minikube/binaries/v1.35.1/kubectl apply --force -f /etc/kubernetes/addons/storageclass.yaml: Process exited with status 1
stdout:

stderr:
error: error validating "/etc/kubernetes/addons/storageclass.yaml": error validating data: failed to download openapi: Get "https://localhost:8443/openapi/v2?timeout=32s": dial tcp [::1]:8443: connect: connection refused; if you choose to ignore these errors, turn validation off with --validate=false
I0603 04:49:34.166617   10365 ssh_runner.go:194] Run: sudo KUBECONFIG=/var/lib/minikube/kubeconfig /var/lib/minikube/binaries/v1.35.1/kubectl apply --force -f /etc/kubernetes/addons/storage-provisioner.yaml
W0603 04:49:34.233041   10365 addons.go:478] apply failed, will retry: sudo KUBECONFIG=/var/lib/minikube/kubeconfig /var/lib/minikube/binaries/v1.35.1/kubectl apply --force -f /etc/kubernetes/addons/storage-provisioner.yaml: Process exited with status 1
stdout:

stderr:
error: error validating "/etc/kubernetes/addons/storage-provisioner.yaml": error validating data: failed to download openapi: Get "https://localhost:8443/openapi/v2?timeout=32s": dial tcp [::1]:8443: connect: connection refused; if you choose to ignore these errors, turn validation off with --validate=false
I0603 04:49:34.376530   10365 ssh_runner.go:194] Run: sudo pgrep -xnf kube-apiserver.*minikube.*
I0603 04:49:34.877029   10365 ssh_runner.go:194] Run: sudo pgrep -xnf kube-apiserver.*minikube.*
I0603 04:49:35.376683   10365 ssh_runner.go:194] Run: sudo pgrep -xnf kube-apiserver.*minikube.*
I0603 04:49:35.876546   10365 ssh_runner.go:194] Run: sudo pgrep -xnf kube-apiserver.*minikube.*
I0603 04:49:36.376696   10365 ssh_runner.go:194] Run: sudo pgrep -xnf kube-apiserver.*minikube.*
I0603 04:49:36.876249   10365 ssh_runner.go:194] Run: sudo pgrep -xnf kube-apiserver.*minikube.*
I0603 04:49:37.376793   10365 ssh_runner.go:194] Run: sudo pgrep -xnf kube-apiserver.*minikube.*
I0603 04:49:37.876391   10365 ssh_runner.go:194] Run: sudo pgrep -xnf kube-apiserver.*minikube.*
I0603 04:49:38.376823   10365 ssh_runner.go:194] Run: sudo pgrep -xnf kube-apiserver.*minikube.*
I0603 04:49:38.876376   10365 ssh_runner.go:194] Run: sudo pgrep -xnf kube-apiserver.*minikube.*
I0603 04:49:39.376886   10365 ssh_runner.go:194] Run: sudo pgrep -xnf kube-apiserver.*minikube.*
I0603 04:49:39.876575   10365 ssh_runner.go:194] Run: sudo pgrep -xnf kube-apiserver.*minikube.*
I0603 04:49:40.376409   10365 ssh_runner.go:194] Run: sudo pgrep -xnf kube-apiserver.*minikube.*
I0603 04:49:40.876837   10365 ssh_runner.go:194] Run: sudo pgrep -xnf kube-apiserver.*minikube.*
I0603 04:49:41.376265   10365 ssh_runner.go:194] Run: sudo pgrep -xnf kube-apiserver.*minikube.*
I0603 04:49:41.876942   10365 ssh_runner.go:194] Run: sudo pgrep -xnf kube-apiserver.*minikube.*
I0603 04:49:42.376727   10365 ssh_runner.go:194] Run: sudo pgrep -xnf kube-apiserver.*minikube.*
I0603 04:49:44.543326   10365 ssh_runner.go:194] Run: sudo pgrep -xnf kube-apiserver.*minikube.*
I0603 04:49:45.044001   10365 ssh_runner.go:194] Run: sudo pgrep -xnf kube-apiserver.*minikube.*
I0603 04:49:45.543319   10365 ssh_runner.go:194] Run: sudo pgrep -xnf kube-apiserver.*minikube.*
I0603 04:49:45.841943   10365 ssh_runner.go:194] Run: sudo KUBECONFIG=/var/lib/minikube/kubeconfig /var/lib/minikube/binaries/v1.35.1/kubectl apply --force -f /etc/kubernetes/addons/ingress-deploy.yaml
W0603 04:49:45.938388   10365 addons.go:478] apply failed, will retry: sudo KUBECONFIG=/var/lib/minikube/kubeconfig /var/lib/minikube/binaries/v1.35.1/kubectl apply --force -f /etc/kubernetes/addons/ingress-deploy.yaml: Process exited with status 1
stdout:

stderr:
error: error validating "/etc/kubernetes/addons/ingress-deploy.yaml": error validating data: failed to download openapi: Get "https://localhost:8443/openapi/v2?timeout=32s": dial tcp [::1]:8443: connect: connection refused; if you choose to ignore these errors, turn validation off with --validate=false
I0603 04:49:45.938409   10365 retry.go:85] will retry after 12.4s: sudo KUBECONFIG=/var/lib/minikube/kubeconfig /var/lib/minikube/binaries/v1.35.1/kubectl apply --force -f /etc/kubernetes/addons/ingress-deploy.yaml: Process exited with status 1
stdout:

stderr:
error: error validating "/etc/kubernetes/addons/ingress-deploy.yaml": error validating data: failed to download openapi: Get "https://localhost:8443/openapi/v2?timeout=32s": dial tcp [::1]:8443: connect: connection refused; if you choose to ignore these errors, turn validation off with --validate=false
I0603 04:49:46.043767   10365 ssh_runner.go:194] Run: sudo pgrep -xnf kube-apiserver.*minikube.*
I0603 04:49:46.543352   10365 ssh_runner.go:194] Run: sudo pgrep -xnf kube-apiserver.*minikube.*
I0603 04:49:47.044409   10365 ssh_runner.go:194] Run: sudo pgrep -xnf kube-apiserver.*minikube.*
I0603 04:49:47.543413   10365 ssh_runner.go:194] Run: sudo pgrep -xnf kube-apiserver.*minikube.*
I0603 04:49:48.043328   10365 ssh_runner.go:194] Run: sudo pgrep -xnf kube-apiserver.*minikube.*
I0603 04:49:48.543698   10365 ssh_runner.go:194] Run: sudo pgrep -xnf kube-apiserver.*minikube.*
I0603 04:49:49.043307   10365 ssh_runner.go:194] Run: sudo pgrep -xnf kube-apiserver.*minikube.*
I0603 04:49:49.543542   10365 ssh_runner.go:194] Run: sudo pgrep -xnf kube-apiserver.*minikube.*
I0603 04:49:50.044100   10365 ssh_runner.go:194] Run: sudo pgrep -xnf kube-apiserver.*minikube.*
I0603 04:49:50.544094   10365 ssh_runner.go:194] Run: sudo pgrep -xnf kube-apiserver.*minikube.*
I0603 04:49:51.043380   10365 ssh_runner.go:194] Run: sudo pgrep -xnf kube-apiserver.*minikube.*
I0603 04:49:51.543428   10365 ssh_runner.go:194] Run: sudo pgrep -xnf kube-apiserver.*minikube.*
I0603 04:49:52.043534   10365 ssh_runner.go:194] Run: sudo pgrep -xnf kube-apiserver.*minikube.*
I0603 04:49:52.543801   10365 ssh_runner.go:194] Run: sudo pgrep -xnf kube-apiserver.*minikube.*
I0603 04:49:53.043638   10365 ssh_runner.go:194] Run: sudo pgrep -xnf kube-apiserver.*minikube.*
I0603 04:49:53.543455   10365 ssh_runner.go:194] Run: sudo pgrep -xnf kube-apiserver.*minikube.*
I0603 04:49:54.044019   10365 ssh_runner.go:194] Run: sudo pgrep -xnf kube-apiserver.*minikube.*
I0603 04:49:54.543932   10365 ssh_runner.go:194] Run: sudo pgrep -xnf kube-apiserver.*minikube.*
I0603 04:49:55.043304   10365 ssh_runner.go:194] Run: sudo pgrep -xnf kube-apiserver.*minikube.*
I0603 04:49:55.543735   10365 ssh_runner.go:194] Run: sudo pgrep -xnf kube-apiserver.*minikube.*
I0603 04:49:56.043436   10365 ssh_runner.go:194] Run: sudo pgrep -xnf kube-apiserver.*minikube.*
I0603 04:49:56.181961   10365 ssh_runner.go:194] Run: sudo KUBECONFIG=/var/lib/minikube/kubeconfig /var/lib/minikube/binaries/v1.35.1/kubectl apply --force -f /etc/kubernetes/addons/storage-provisioner.yaml
W0603 04:49:56.247036   10365 addons.go:478] apply failed, will retry: sudo KUBECONFIG=/var/lib/minikube/kubeconfig /var/lib/minikube/binaries/v1.35.1/kubectl apply --force -f /etc/kubernetes/addons/storage-provisioner.yaml: Process exited with status 1
stdout:

stderr:
error: error validating "/etc/kubernetes/addons/storage-provisioner.yaml": error validating data: failed to download openapi: Get "https://localhost:8443/openapi/v2?timeout=32s": dial tcp [::1]:8443: connect: connection refused; if you choose to ignore these errors, turn validation off with --validate=false
I0603 04:49:56.247060   10365 retry.go:85] will retry after 12.8s: sudo KUBECONFIG=/var/lib/minikube/kubeconfig /var/lib/minikube/binaries/v1.35.1/kubectl apply --force -f /etc/kubernetes/addons/storage-provisioner.yaml: Process exited with status 1
stdout:

stderr:
error: error validating "/etc/kubernetes/addons/storage-provisioner.yaml": error validating data: failed to download openapi: Get "https://localhost:8443/openapi/v2?timeout=32s": dial tcp [::1]:8443: connect: connection refused; if you choose to ignore these errors, turn validation off with --validate=false
I0603 04:49:56.543565   10365 ssh_runner.go:194] Run: sudo pgrep -xnf kube-apiserver.*minikube.*
I0603 04:49:56.813975   10365 ssh_runner.go:194] Run: sudo KUBECONFIG=/var/lib/minikube/kubeconfig /var/lib/minikube/binaries/v1.35.1/kubectl apply --force -f /etc/kubernetes/addons/storageclass.yaml
W0603 04:49:56.921298   10365 addons.go:478] apply failed, will retry: sudo KUBECONFIG=/var/lib/minikube/kubeconfig /var/lib/minikube/binaries/v1.35.1/kubectl apply --force -f /etc/kubernetes/addons/storageclass.yaml: Process exited with status 1
stdout:

stderr:
error: error validating "/etc/kubernetes/addons/storageclass.yaml": error validating data: failed to download openapi: Get "https://localhost:8443/openapi/v2?timeout=32s": dial tcp [::1]:8443: connect: connection refused; if you choose to ignore these errors, turn validation off with --validate=false
I0603 04:49:57.043466   10365 ssh_runner.go:194] Run: sudo pgrep -xnf kube-apiserver.*minikube.*
I0603 04:49:57.543175   10365 ssh_runner.go:194] Run: sudo pgrep -xnf kube-apiserver.*minikube.*
I0603 04:49:58.044710   10365 ssh_runner.go:194] Run: sudo pgrep -xnf kube-apiserver.*minikube.*
I0603 04:49:58.325399   10365 ssh_runner.go:194] Run: sudo KUBECONFIG=/var/lib/minikube/kubeconfig /var/lib/minikube/binaries/v1.35.1/kubectl apply --force -f /etc/kubernetes/addons/ingress-deploy.yaml
W0603 04:49:58.443213   10365 addons.go:478] apply failed, will retry: sudo KUBECONFIG=/var/lib/minikube/kubeconfig /var/lib/minikube/binaries/v1.35.1/kubectl apply --force -f /etc/kubernetes/addons/ingress-deploy.yaml: Process exited with status 1
stdout:

stderr:
error: error validating "/etc/kubernetes/addons/ingress-deploy.yaml": error validating data: failed to download openapi: Get "https://localhost:8443/openapi/v2?timeout=32s": dial tcp [::1]:8443: connect: connection refused; if you choose to ignore these errors, turn validation off with --validate=false
I0603 04:49:58.545598   10365 ssh_runner.go:194] Run: sudo pgrep -xnf kube-apiserver.*minikube.*
I0603 04:49:59.043198   10365 ssh_runner.go:194] Run: sudo pgrep -xnf kube-apiserver.*minikube.*
I0603 04:49:59.549782   10365 ssh_runner.go:194] Run: sudo pgrep -xnf kube-apiserver.*minikube.*
I0603 04:50:00.044584   10365 ssh_runner.go:194] Run: sudo pgrep -xnf kube-apiserver.*minikube.*
I0603 04:50:00.544202   10365 ssh_runner.go:194] Run: sudo pgrep -xnf kube-apiserver.*minikube.*
I0603 04:50:01.043306   10365 ssh_runner.go:194] Run: sudo pgrep -xnf kube-apiserver.*minikube.*
I0603 04:50:01.544025   10365 ssh_runner.go:194] Run: sudo pgrep -xnf kube-apiserver.*minikube.*
I0603 04:50:02.045501   10365 ssh_runner.go:194] Run: sudo pgrep -xnf kube-apiserver.*minikube.*
I0603 04:50:02.544658   10365 ssh_runner.go:194] Run: sudo pgrep -xnf kube-apiserver.*minikube.*
I0603 04:50:03.043981   10365 ssh_runner.go:194] Run: sudo pgrep -xnf kube-apiserver.*minikube.*
I0603 04:50:03.544427   10365 ssh_runner.go:194] Run: sudo pgrep -xnf kube-apiserver.*minikube.*
I0603 04:50:04.044145   10365 ssh_runner.go:194] Run: sudo pgrep -xnf kube-apiserver.*minikube.*
I0603 04:50:04.543547   10365 ssh_runner.go:194] Run: sudo pgrep -xnf kube-apiserver.*minikube.*
I0603 04:50:05.044009   10365 ssh_runner.go:194] Run: sudo pgrep -xnf kube-apiserver.*minikube.*
I0603 04:50:05.544289   10365 ssh_runner.go:194] Run: sudo pgrep -xnf kube-apiserver.*minikube.*
I0603 04:50:06.044138   10365 ssh_runner.go:194] Run: sudo pgrep -xnf kube-apiserver.*minikube.*
I0603 04:50:06.543147   10365 ssh_runner.go:194] Run: sudo pgrep -xnf kube-apiserver.*minikube.*
I0603 04:50:07.043282   10365 ssh_runner.go:194] Run: sudo pgrep -xnf kube-apiserver.*minikube.*
I0603 04:50:07.543282   10365 ssh_runner.go:194] Run: docker ps -a --filter=name=k8s_kube-apiserver --format={{.ID}}
I0603 04:50:07.593464   10365 logs.go:281] 2 containers: [42270be2365f 85e4dc7631be]
I0603 04:50:07.593655   10365 ssh_runner.go:194] Run: docker ps -a --filter=name=k8s_etcd --format={{.ID}}
I0603 04:50:07.645602   10365 logs.go:281] 2 containers: [349258b6df58 21e19412e264]
I0603 04:50:07.645659   10365 ssh_runner.go:194] Run: docker ps -a --filter=name=k8s_coredns --format={{.ID}}
I0603 04:50:07.669728   10365 logs.go:281] 2 containers: [ac03be6e1600 cd9183ebaff4]
I0603 04:50:07.669810   10365 ssh_runner.go:194] Run: docker ps -a --filter=name=k8s_kube-scheduler --format={{.ID}}
I0603 04:50:07.694527   10365 logs.go:281] 2 containers: [a19d97dd9309 b898e357825c]
I0603 04:50:07.694595   10365 ssh_runner.go:194] Run: docker ps -a --filter=name=k8s_kube-proxy --format={{.ID}}
I0603 04:50:07.718437   10365 logs.go:281] 2 containers: [d57eab1ae12c 613db8e8654c]
I0603 04:50:07.718506   10365 ssh_runner.go:194] Run: docker ps -a --filter=name=k8s_kube-controller-manager --format={{.ID}}
I0603 04:50:07.742796   10365 logs.go:281] 2 containers: [142a54608b27 06814c3285c9]
I0603 04:50:07.742858   10365 ssh_runner.go:194] Run: docker ps -a --filter=name=k8s_kindnet --format={{.ID}}
I0603 04:50:07.766101   10365 logs.go:281] 0 containers: []
W0603 04:50:07.766114   10365 logs.go:283] No container was found matching "kindnet"
I0603 04:50:07.766164   10365 ssh_runner.go:194] Run: docker ps -a --filter=name=k8s_controller_ingress --format={{.ID}}
I0603 04:50:07.793745   10365 logs.go:281] 1 containers: [435dd4d847ee]
I0603 04:50:07.793802   10365 ssh_runner.go:194] Run: docker ps -a --filter=name=k8s_storage-provisioner --format={{.ID}}
I0603 04:50:07.817848   10365 logs.go:281] 2 containers: [4d2d81331688 bbe49a8a0f86]
I0603 04:50:07.817872   10365 logs.go:122] Gathering logs for dmesg ...
I0603 04:50:07.817881   10365 ssh_runner.go:194] Run: /bin/bash -c "sudo dmesg -PH -L=never --level warn,err,crit,alert,emerg | tail -n 400"
I0603 04:50:07.833269   10365 logs.go:122] Gathering logs for etcd [21e19412e264] ...
I0603 04:50:07.833280   10365 ssh_runner.go:194] Run: /bin/bash -c "docker logs --tail 400 21e19412e264"
I0603 04:50:07.919328   10365 logs.go:122] Gathering logs for kube-scheduler [b898e357825c] ...
I0603 04:50:07.919349   10365 ssh_runner.go:194] Run: /bin/bash -c "docker logs --tail 400 b898e357825c"
I0603 04:50:07.959219   10365 logs.go:122] Gathering logs for controller_ingress [435dd4d847ee] ...
I0603 04:50:07.959236   10365 ssh_runner.go:194] Run: /bin/bash -c "docker logs --tail 400 435dd4d847ee"
I0603 04:50:07.991422   10365 logs.go:122] Gathering logs for storage-provisioner [4d2d81331688] ...
I0603 04:50:07.991441   10365 ssh_runner.go:194] Run: /bin/bash -c "docker logs --tail 400 4d2d81331688"
I0603 04:50:08.045097   10365 logs.go:122] Gathering logs for kubelet ...
I0603 04:50:08.045112   10365 ssh_runner.go:194] Run: /bin/bash -c "sudo journalctl -u kubelet -n 400"
I0603 04:50:08.088154   10365 logs.go:122] Gathering logs for kube-apiserver [85e4dc7631be] ...
I0603 04:50:08.088170   10365 ssh_runner.go:194] Run: /bin/bash -c "docker logs --tail 400 85e4dc7631be"
I0603 04:50:08.182535   10365 logs.go:122] Gathering logs for kube-proxy [d57eab1ae12c] ...
I0603 04:50:08.182550   10365 ssh_runner.go:194] Run: /bin/bash -c "docker logs --tail 400 d57eab1ae12c"
I0603 04:50:08.211983   10365 logs.go:122] Gathering logs for storage-provisioner [bbe49a8a0f86] ...
I0603 04:50:08.211998   10365 ssh_runner.go:194] Run: /bin/bash -c "docker logs --tail 400 bbe49a8a0f86"
I0603 04:50:08.257135   10365 logs.go:122] Gathering logs for Docker ...
I0603 04:50:08.257158   10365 ssh_runner.go:194] Run: /bin/bash -c "sudo journalctl -u docker -u cri-docker -n 400"
I0603 04:50:08.284202   10365 logs.go:122] Gathering logs for kube-proxy [613db8e8654c] ...
I0603 04:50:08.284223   10365 ssh_runner.go:194] Run: /bin/bash -c "docker logs --tail 400 613db8e8654c"
I0603 04:50:08.314487   10365 logs.go:122] Gathering logs for kube-controller-manager [142a54608b27] ...
I0603 04:50:08.314508   10365 ssh_runner.go:194] Run: /bin/bash -c "docker logs --tail 400 142a54608b27"
I0603 04:50:08.354190   10365 logs.go:122] Gathering logs for describe nodes ...
I0603 04:50:08.354206   10365 ssh_runner.go:194] Run: /bin/bash -c "sudo /var/lib/minikube/binaries/v1.35.1/kubectl describe nodes --kubeconfig=/var/lib/minikube/kubeconfig"
W0603 04:50:08.423161   10365 logs.go:129] failed describe nodes: command: /bin/bash -c "sudo /var/lib/minikube/binaries/v1.35.1/kubectl describe nodes --kubeconfig=/var/lib/minikube/kubeconfig" /bin/bash -c "sudo /var/lib/minikube/binaries/v1.35.1/kubectl describe nodes --kubeconfig=/var/lib/minikube/kubeconfig": Process exited with status 1
stdout:

stderr:
E0603 01:50:08.413898    3852 memcache.go:265] "Unhandled Error" err="couldn't get current server API group list: Get \"https://localhost:8443/api?timeout=32s\": dial tcp [::1]:8443: connect: connection refused"
E0603 01:50:08.414658    3852 memcache.go:265] "Unhandled Error" err="couldn't get current server API group list: Get \"https://localhost:8443/api?timeout=32s\": dial tcp [::1]:8443: connect: connection refused"
E0603 01:50:08.415780    3852 memcache.go:265] "Unhandled Error" err="couldn't get current server API group list: Get \"https://localhost:8443/api?timeout=32s\": dial tcp [::1]:8443: connect: connection refused"
E0603 01:50:08.416426    3852 memcache.go:265] "Unhandled Error" err="couldn't get current server API group list: Get \"https://localhost:8443/api?timeout=32s\": dial tcp [::1]:8443: connect: connection refused"
E0603 01:50:08.418991    3852 memcache.go:265] "Unhandled Error" err="couldn't get current server API group list: Get \"https://localhost:8443/api?timeout=32s\": dial tcp [::1]:8443: connect: connection refused"
The connection to the server localhost:8443 was refused - did you specify the right host or port?
 output: 
** stderr ** 
E0603 01:50:08.413898    3852 memcache.go:265] "Unhandled Error" err="couldn't get current server API group list: Get \"https://localhost:8443/api?timeout=32s\": dial tcp [::1]:8443: connect: connection refused"
E0603 01:50:08.414658    3852 memcache.go:265] "Unhandled Error" err="couldn't get current server API group list: Get \"https://localhost:8443/api?timeout=32s\": dial tcp [::1]:8443: connect: connection refused"
E0603 01:50:08.415780    3852 memcache.go:265] "Unhandled Error" err="couldn't get current server API group list: Get \"https://localhost:8443/api?timeout=32s\": dial tcp [::1]:8443: connect: connection refused"
E0603 01:50:08.416426    3852 memcache.go:265] "Unhandled Error" err="couldn't get current server API group list: Get \"https://localhost:8443/api?timeout=32s\": dial tcp [::1]:8443: connect: connection refused"
E0603 01:50:08.418991    3852 memcache.go:265] "Unhandled Error" err="couldn't get current server API group list: Get \"https://localhost:8443/api?timeout=32s\": dial tcp [::1]:8443: connect: connection refused"
The connection to the server localhost:8443 was refused - did you specify the right host or port?

** /stderr **
I0603 04:50:08.423171   10365 logs.go:122] Gathering logs for kube-apiserver [42270be2365f] ...
I0603 04:50:08.423179   10365 ssh_runner.go:194] Run: /bin/bash -c "docker logs --tail 400 42270be2365f"
I0603 04:50:08.481882   10365 logs.go:122] Gathering logs for etcd [349258b6df58] ...
I0603 04:50:08.481903   10365 ssh_runner.go:194] Run: /bin/bash -c "docker logs --tail 400 349258b6df58"
I0603 04:50:08.579782   10365 logs.go:122] Gathering logs for coredns [ac03be6e1600] ...
I0603 04:50:08.579804   10365 ssh_runner.go:194] Run: /bin/bash -c "docker logs --tail 400 ac03be6e1600"
I0603 04:50:08.658121   10365 logs.go:122] Gathering logs for coredns [cd9183ebaff4] ...
I0603 04:50:08.658147   10365 ssh_runner.go:194] Run: /bin/bash -c "docker logs --tail 400 cd9183ebaff4"
I0603 04:50:08.694651   10365 logs.go:122] Gathering logs for kube-scheduler [a19d97dd9309] ...
I0603 04:50:08.694663   10365 ssh_runner.go:194] Run: /bin/bash -c "docker logs --tail 400 a19d97dd9309"
I0603 04:50:08.722428   10365 logs.go:122] Gathering logs for kube-controller-manager [06814c3285c9] ...
I0603 04:50:08.722440   10365 ssh_runner.go:194] Run: /bin/bash -c "docker logs --tail 400 06814c3285c9"
I0603 04:50:08.764415   10365 logs.go:122] Gathering logs for container status ...
I0603 04:50:08.764428   10365 ssh_runner.go:194] Run: /bin/bash -c "sudo `which crictl || echo crictl` ps -a || sudo docker ps -a"
I0603 04:50:09.037404   10365 ssh_runner.go:194] Run: sudo KUBECONFIG=/var/lib/minikube/kubeconfig /var/lib/minikube/binaries/v1.35.1/kubectl apply --force -f /etc/kubernetes/addons/storage-provisioner.yaml
W0603 04:50:09.124102   10365 addons.go:478] apply failed, will retry: sudo KUBECONFIG=/var/lib/minikube/kubeconfig /var/lib/minikube/binaries/v1.35.1/kubectl apply --force -f /etc/kubernetes/addons/storage-provisioner.yaml: Process exited with status 1
stdout:

stderr:
error: error validating "/etc/kubernetes/addons/storage-provisioner.yaml": error validating data: failed to download openapi: Get "https://localhost:8443/openapi/v2?timeout=32s": dial tcp [::1]:8443: connect: connection refused; if you choose to ignore these errors, turn validation off with --validate=false
I0603 04:50:09.124123   10365 retry.go:85] will retry after 26.4s: sudo KUBECONFIG=/var/lib/minikube/kubeconfig /var/lib/minikube/binaries/v1.35.1/kubectl apply --force -f /etc/kubernetes/addons/storage-provisioner.yaml: Process exited with status 1
stdout:

stderr:
error: error validating "/etc/kubernetes/addons/storage-provisioner.yaml": error validating data: failed to download openapi: Get "https://localhost:8443/openapi/v2?timeout=32s": dial tcp [::1]:8443: connect: connection refused; if you choose to ignore these errors, turn validation off with --validate=false
I0603 04:50:11.332290   10365 ssh_runner.go:194] Run: sudo pgrep -xnf kube-apiserver.*minikube.*
I0603 04:50:11.383337   10365 ssh_runner.go:194] Run: docker ps -a --filter=name=k8s_kube-apiserver --format={{.ID}}
I0603 04:50:11.440249   10365 logs.go:281] 2 containers: [42270be2365f 85e4dc7631be]
I0603 04:50:11.440400   10365 ssh_runner.go:194] Run: docker ps -a --filter=name=k8s_etcd --format={{.ID}}
I0603 04:50:11.495722   10365 logs.go:281] 2 containers: [349258b6df58 21e19412e264]
I0603 04:50:11.495853   10365 ssh_runner.go:194] Run: docker ps -a --filter=name=k8s_coredns --format={{.ID}}
I0603 04:50:11.549070   10365 logs.go:281] 2 containers: [ac03be6e1600 cd9183ebaff4]
I0603 04:50:11.549187   10365 ssh_runner.go:194] Run: docker ps -a --filter=name=k8s_kube-scheduler --format={{.ID}}
I0603 04:50:11.598236   10365 logs.go:281] 2 containers: [a19d97dd9309 b898e357825c]
I0603 04:50:11.598335   10365 ssh_runner.go:194] Run: docker ps -a --filter=name=k8s_kube-proxy --format={{.ID}}
I0603 04:50:11.651514   10365 logs.go:281] 2 containers: [d57eab1ae12c 613db8e8654c]
I0603 04:50:11.651660   10365 ssh_runner.go:194] Run: docker ps -a --filter=name=k8s_kube-controller-manager --format={{.ID}}
I0603 04:50:11.706888   10365 logs.go:281] 2 containers: [142a54608b27 06814c3285c9]
I0603 04:50:11.707018   10365 ssh_runner.go:194] Run: docker ps -a --filter=name=k8s_kindnet --format={{.ID}}
I0603 04:50:11.761095   10365 logs.go:281] 0 containers: []
W0603 04:50:11.761114   10365 logs.go:283] No container was found matching "kindnet"
I0603 04:50:11.761205   10365 ssh_runner.go:194] Run: docker ps -a --filter=name=k8s_controller_ingress --format={{.ID}}
I0603 04:50:11.811741   10365 logs.go:281] 1 containers: [435dd4d847ee]
I0603 04:50:11.811871   10365 ssh_runner.go:194] Run: docker ps -a --filter=name=k8s_storage-provisioner --format={{.ID}}
I0603 04:50:11.863302   10365 logs.go:281] 2 containers: [4d2d81331688 bbe49a8a0f86]
I0603 04:50:11.863331   10365 logs.go:122] Gathering logs for kube-scheduler [b898e357825c] ...
I0603 04:50:11.863344   10365 ssh_runner.go:194] Run: /bin/bash -c "docker logs --tail 400 b898e357825c"
I0603 04:50:11.931840   10365 logs.go:122] Gathering logs for kube-controller-manager [06814c3285c9] ...
I0603 04:50:11.931863   10365 ssh_runner.go:194] Run: /bin/bash -c "docker logs --tail 400 06814c3285c9"
I0603 04:50:12.006375   10365 logs.go:122] Gathering logs for kube-proxy [d57eab1ae12c] ...
I0603 04:50:12.006399   10365 ssh_runner.go:194] Run: /bin/bash -c "docker logs --tail 400 d57eab1ae12c"
I0603 04:50:12.062908   10365 logs.go:122] Gathering logs for storage-provisioner [4d2d81331688] ...
I0603 04:50:12.062935   10365 ssh_runner.go:194] Run: /bin/bash -c "docker logs --tail 400 4d2d81331688"
I0603 04:50:12.170759   10365 logs.go:122] Gathering logs for storage-provisioner [bbe49a8a0f86] ...
I0603 04:50:12.170782   10365 ssh_runner.go:194] Run: /bin/bash -c "docker logs --tail 400 bbe49a8a0f86"
I0603 04:50:12.262908   10365 logs.go:122] Gathering logs for Docker ...
I0603 04:50:12.262932   10365 ssh_runner.go:194] Run: /bin/bash -c "sudo journalctl -u docker -u cri-docker -n 400"
I0603 04:50:12.323177   10365 logs.go:122] Gathering logs for container status ...
I0603 04:50:12.323201   10365 ssh_runner.go:194] Run: /bin/bash -c "sudo `which crictl || echo crictl` ps -a || sudo docker ps -a"
I0603 04:50:12.452947   10365 logs.go:122] Gathering logs for etcd [21e19412e264] ...
I0603 04:50:12.452980   10365 ssh_runner.go:194] Run: /bin/bash -c "docker logs --tail 400 21e19412e264"
I0603 04:50:12.543170   10365 logs.go:122] Gathering logs for controller_ingress [435dd4d847ee] ...
I0603 04:50:12.543193   10365 ssh_runner.go:194] Run: /bin/bash -c "docker logs --tail 400 435dd4d847ee"
I0603 04:50:12.605157   10365 logs.go:122] Gathering logs for kubelet ...
I0603 04:50:12.605180   10365 ssh_runner.go:194] Run: /bin/bash -c "sudo journalctl -u kubelet -n 400"
I0603 04:50:12.696578   10365 logs.go:122] Gathering logs for describe nodes ...
I0603 04:50:12.696602   10365 ssh_runner.go:194] Run: /bin/bash -c "sudo /var/lib/minikube/binaries/v1.35.1/kubectl describe nodes --kubeconfig=/var/lib/minikube/kubeconfig"
W0603 04:50:12.836322   10365 logs.go:129] failed describe nodes: command: /bin/bash -c "sudo /var/lib/minikube/binaries/v1.35.1/kubectl describe nodes --kubeconfig=/var/lib/minikube/kubeconfig" /bin/bash -c "sudo /var/lib/minikube/binaries/v1.35.1/kubectl describe nodes --kubeconfig=/var/lib/minikube/kubeconfig": Process exited with status 1
stdout:

stderr:
E0603 01:50:12.822020    4206 memcache.go:265] "Unhandled Error" err="couldn't get current server API group list: Get \"https://localhost:8443/api?timeout=32s\": dial tcp [::1]:8443: connect: connection refused"
E0603 01:50:12.823581    4206 memcache.go:265] "Unhandled Error" err="couldn't get current server API group list: Get \"https://localhost:8443/api?timeout=32s\": dial tcp [::1]:8443: connect: connection refused"
E0603 01:50:12.824950    4206 memcache.go:265] "Unhandled Error" err="couldn't get current server API group list: Get \"https://localhost:8443/api?timeout=32s\": dial tcp [::1]:8443: connect: connection refused"
E0603 01:50:12.826505    4206 memcache.go:265] "Unhandled Error" err="couldn't get current server API group list: Get \"https://localhost:8443/api?timeout=32s\": dial tcp [::1]:8443: connect: connection refused"
E0603 01:50:12.827717    4206 memcache.go:265] "Unhandled Error" err="couldn't get current server API group list: Get \"https://localhost:8443/api?timeout=32s\": dial tcp [::1]:8443: connect: connection refused"
The connection to the server localhost:8443 was refused - did you specify the right host or port?
 output: 
** stderr ** 
E0603 01:50:12.822020    4206 memcache.go:265] "Unhandled Error" err="couldn't get current server API group list: Get \"https://localhost:8443/api?timeout=32s\": dial tcp [::1]:8443: connect: connection refused"
E0603 01:50:12.823581    4206 memcache.go:265] "Unhandled Error" err="couldn't get current server API group list: Get \"https://localhost:8443/api?timeout=32s\": dial tcp [::1]:8443: connect: connection refused"
E0603 01:50:12.824950    4206 memcache.go:265] "Unhandled Error" err="couldn't get current server API group list: Get \"https://localhost:8443/api?timeout=32s\": dial tcp [::1]:8443: connect: connection refused"
E0603 01:50:12.826505    4206 memcache.go:265] "Unhandled Error" err="couldn't get current server API group list: Get \"https://localhost:8443/api?timeout=32s\": dial tcp [::1]:8443: connect: connection refused"
E0603 01:50:12.827717    4206 memcache.go:265] "Unhandled Error" err="couldn't get current server API group list: Get \"https://localhost:8443/api?timeout=32s\": dial tcp [::1]:8443: connect: connection refused"
The connection to the server localhost:8443 was refused - did you specify the right host or port?

** /stderr **
I0603 04:50:12.836335   10365 logs.go:122] Gathering logs for kube-apiserver [85e4dc7631be] ...
I0603 04:50:12.836348   10365 ssh_runner.go:194] Run: /bin/bash -c "docker logs --tail 400 85e4dc7631be"
I0603 04:50:12.984484   10365 logs.go:122] Gathering logs for etcd [349258b6df58] ...
I0603 04:50:12.984528   10365 ssh_runner.go:194] Run: /bin/bash -c "docker logs --tail 400 349258b6df58"
I0603 04:50:13.180526   10365 logs.go:122] Gathering logs for coredns [cd9183ebaff4] ...
I0603 04:50:13.180551   10365 ssh_runner.go:194] Run: /bin/bash -c "docker logs --tail 400 cd9183ebaff4"
I0603 04:50:13.236297   10365 logs.go:122] Gathering logs for kube-scheduler [a19d97dd9309] ...
I0603 04:50:13.236315   10365 ssh_runner.go:194] Run: /bin/bash -c "docker logs --tail 400 a19d97dd9309"
I0603 04:50:13.293316   10365 logs.go:122] Gathering logs for kube-proxy [613db8e8654c] ...
I0603 04:50:13.293337   10365 ssh_runner.go:194] Run: /bin/bash -c "docker logs --tail 400 613db8e8654c"
I0603 04:50:13.350001   10365 logs.go:122] Gathering logs for kube-controller-manager [142a54608b27] ...
I0603 04:50:13.350020   10365 ssh_runner.go:194] Run: /bin/bash -c "docker logs --tail 400 142a54608b27"
I0603 04:50:13.432502   10365 logs.go:122] Gathering logs for dmesg ...
I0603 04:50:13.432525   10365 ssh_runner.go:194] Run: /bin/bash -c "sudo dmesg -PH -L=never --level warn,err,crit,alert,emerg | tail -n 400"
I0603 04:50:13.464863   10365 logs.go:122] Gathering logs for kube-apiserver [42270be2365f] ...
I0603 04:50:13.464882   10365 ssh_runner.go:194] Run: /bin/bash -c "docker logs --tail 400 42270be2365f"
I0603 04:50:13.569527   10365 logs.go:122] Gathering logs for coredns [ac03be6e1600] ...
I0603 04:50:13.569550   10365 ssh_runner.go:194] Run: /bin/bash -c "docker logs --tail 400 ac03be6e1600"
I0603 04:50:15.904004   10365 ssh_runner.go:194] Run: sudo KUBECONFIG=/var/lib/minikube/kubeconfig /var/lib/minikube/binaries/v1.35.1/kubectl apply --force -f /etc/kubernetes/addons/ingress-deploy.yaml
W0603 04:50:15.971336   10365 addons.go:478] apply failed, will retry: sudo KUBECONFIG=/var/lib/minikube/kubeconfig /var/lib/minikube/binaries/v1.35.1/kubectl apply --force -f /etc/kubernetes/addons/ingress-deploy.yaml: Process exited with status 1
stdout:

stderr:
error: error validating "/etc/kubernetes/addons/ingress-deploy.yaml": error validating data: failed to download openapi: Get "https://localhost:8443/openapi/v2?timeout=32s": dial tcp [::1]:8443: connect: connection refused; if you choose to ignore these errors, turn validation off with --validate=false
I0603 04:50:15.971362   10365 retry.go:85] will retry after 25.6s: sudo KUBECONFIG=/var/lib/minikube/kubeconfig /var/lib/minikube/binaries/v1.35.1/kubectl apply --force -f /etc/kubernetes/addons/ingress-deploy.yaml: Process exited with status 1
stdout:

stderr:
error: error validating "/etc/kubernetes/addons/ingress-deploy.yaml": error validating data: failed to download openapi: Get "https://localhost:8443/openapi/v2?timeout=32s": dial tcp [::1]:8443: connect: connection refused; if you choose to ignore these errors, turn validation off with --validate=false
I0603 04:50:16.139667   10365 ssh_runner.go:194] Run: sudo pgrep -xnf kube-apiserver.*minikube.*
I0603 04:50:16.155338   10365 ssh_runner.go:194] Run: docker ps -a --filter=name=k8s_kube-apiserver --format={{.ID}}
I0603 04:50:16.180211   10365 logs.go:281] 2 containers: [42270be2365f 85e4dc7631be]
I0603 04:50:16.180280   10365 ssh_runner.go:194] Run: docker ps -a --filter=name=k8s_etcd --format={{.ID}}
I0603 04:50:16.204594   10365 logs.go:281] 2 containers: [349258b6df58 21e19412e264]
I0603 04:50:16.204673   10365 ssh_runner.go:194] Run: docker ps -a --filter=name=k8s_coredns --format={{.ID}}
I0603 04:50:16.229487   10365 logs.go:281] 2 containers: [ac03be6e1600 cd9183ebaff4]
I0603 04:50:16.229545   10365 ssh_runner.go:194] Run: docker ps -a --filter=name=k8s_kube-scheduler --format={{.ID}}
I0603 04:50:16.252539   10365 logs.go:281] 2 containers: [a19d97dd9309 b898e357825c]
I0603 04:50:16.252610   10365 ssh_runner.go:194] Run: docker ps -a --filter=name=k8s_kube-proxy --format={{.ID}}
I0603 04:50:16.275954   10365 logs.go:281] 2 containers: [d57eab1ae12c 613db8e8654c]
I0603 04:50:16.276050   10365 ssh_runner.go:194] Run: docker ps -a --filter=name=k8s_kube-controller-manager --format={{.ID}}
I0603 04:50:16.299583   10365 logs.go:281] 2 containers: [142a54608b27 06814c3285c9]
I0603 04:50:16.299656   10365 ssh_runner.go:194] Run: docker ps -a --filter=name=k8s_kindnet --format={{.ID}}
I0603 04:50:16.323434   10365 logs.go:281] 0 containers: []
W0603 04:50:16.323444   10365 logs.go:283] No container was found matching "kindnet"
I0603 04:50:16.323488   10365 ssh_runner.go:194] Run: docker ps -a --filter=name=k8s_controller_ingress --format={{.ID}}
I0603 04:50:16.346532   10365 logs.go:281] 1 containers: [435dd4d847ee]
I0603 04:50:16.346589   10365 ssh_runner.go:194] Run: docker ps -a --filter=name=k8s_storage-provisioner --format={{.ID}}
I0603 04:50:16.371111   10365 logs.go:281] 2 containers: [4d2d81331688 bbe49a8a0f86]
I0603 04:50:16.371138   10365 logs.go:122] Gathering logs for controller_ingress [435dd4d847ee] ...
I0603 04:50:16.371147   10365 ssh_runner.go:194] Run: /bin/bash -c "docker logs --tail 400 435dd4d847ee"
I0603 04:50:16.410403   10365 logs.go:122] Gathering logs for storage-provisioner [4d2d81331688] ...
I0603 04:50:16.410421   10365 ssh_runner.go:194] Run: /bin/bash -c "docker logs --tail 400 4d2d81331688"
I0603 04:50:16.468009   10365 logs.go:122] Gathering logs for storage-provisioner [bbe49a8a0f86] ...
I0603 04:50:16.468025   10365 ssh_runner.go:194] Run: /bin/bash -c "docker logs --tail 400 bbe49a8a0f86"
I0603 04:50:16.531902   10365 logs.go:122] Gathering logs for dmesg ...
I0603 04:50:16.531915   10365 ssh_runner.go:194] Run: /bin/bash -c "sudo dmesg -PH -L=never --level warn,err,crit,alert,emerg | tail -n 400"
I0603 04:50:16.545205   10365 logs.go:122] Gathering logs for etcd [21e19412e264] ...
I0603 04:50:16.545218   10365 ssh_runner.go:194] Run: /bin/bash -c "docker logs --tail 400 21e19412e264"
I0603 04:50:16.585233   10365 logs.go:122] Gathering logs for kube-scheduler [a19d97dd9309] ...
I0603 04:50:16.585247   10365 ssh_runner.go:194] Run: /bin/bash -c "docker logs --tail 400 a19d97dd9309"
I0603 04:50:16.613196   10365 logs.go:122] Gathering logs for kube-controller-manager [06814c3285c9] ...
I0603 04:50:16.613208   10365 ssh_runner.go:194] Run: /bin/bash -c "docker logs --tail 400 06814c3285c9"
I0603 04:50:16.649281   10365 logs.go:122] Gathering logs for Docker ...
I0603 04:50:16.649299   10365 ssh_runner.go:194] Run: /bin/bash -c "sudo journalctl -u docker -u cri-docker -n 400"
I0603 04:50:16.675804   10365 logs.go:122] Gathering logs for container status ...
I0603 04:50:16.675817   10365 ssh_runner.go:194] Run: /bin/bash -c "sudo `which crictl || echo crictl` ps -a || sudo docker ps -a"
I0603 04:50:17.324728   10365 logs.go:122] Gathering logs for describe nodes ...
I0603 04:50:17.324749   10365 ssh_runner.go:194] Run: /bin/bash -c "sudo /var/lib/minikube/binaries/v1.35.1/kubectl describe nodes --kubeconfig=/var/lib/minikube/kubeconfig"
W0603 04:50:17.391199   10365 logs.go:129] failed describe nodes: command: /bin/bash -c "sudo /var/lib/minikube/binaries/v1.35.1/kubectl describe nodes --kubeconfig=/var/lib/minikube/kubeconfig" /bin/bash -c "sudo /var/lib/minikube/binaries/v1.35.1/kubectl describe nodes --kubeconfig=/var/lib/minikube/kubeconfig": Process exited with status 1
stdout:

stderr:
E0603 01:50:17.381760    4528 memcache.go:265] "Unhandled Error" err="couldn't get current server API group list: Get \"https://localhost:8443/api?timeout=32s\": dial tcp [::1]:8443: connect: connection refused"
E0603 01:50:17.382721    4528 memcache.go:265] "Unhandled Error" err="couldn't get current server API group list: Get \"https://localhost:8443/api?timeout=32s\": dial tcp [::1]:8443: connect: connection refused"
E0603 01:50:17.384725    4528 memcache.go:265] "Unhandled Error" err="couldn't get current server API group list: Get \"https://localhost:8443/api?timeout=32s\": dial tcp [::1]:8443: connect: connection refused"
E0603 01:50:17.385283    4528 memcache.go:265] "Unhandled Error" err="couldn't get current server API group list: Get \"https://localhost:8443/api?timeout=32s\": dial tcp [::1]:8443: connect: connection refused"
E0603 01:50:17.387140    4528 memcache.go:265] "Unhandled Error" err="couldn't get current server API group list: Get \"https://localhost:8443/api?timeout=32s\": dial tcp [::1]:8443: connect: connection refused"
The connection to the server localhost:8443 was refused - did you specify the right host or port?
 output: 
** stderr ** 
E0603 01:50:17.381760    4528 memcache.go:265] "Unhandled Error" err="couldn't get current server API group list: Get \"https://localhost:8443/api?timeout=32s\": dial tcp [::1]:8443: connect: connection refused"
E0603 01:50:17.382721    4528 memcache.go:265] "Unhandled Error" err="couldn't get current server API group list: Get \"https://localhost:8443/api?timeout=32s\": dial tcp [::1]:8443: connect: connection refused"
E0603 01:50:17.384725    4528 memcache.go:265] "Unhandled Error" err="couldn't get current server API group list: Get \"https://localhost:8443/api?timeout=32s\": dial tcp [::1]:8443: connect: connection refused"
E0603 01:50:17.385283    4528 memcache.go:265] "Unhandled Error" err="couldn't get current server API group list: Get \"https://localhost:8443/api?timeout=32s\": dial tcp [::1]:8443: connect: connection refused"
E0603 01:50:17.387140    4528 memcache.go:265] "Unhandled Error" err="couldn't get current server API group list: Get \"https://localhost:8443/api?timeout=32s\": dial tcp [::1]:8443: connect: connection refused"
The connection to the server localhost:8443 was refused - did you specify the right host or port?

** /stderr **
I0603 04:50:17.391206   10365 logs.go:122] Gathering logs for kube-apiserver [42270be2365f] ...
I0603 04:50:17.391215   10365 ssh_runner.go:194] Run: /bin/bash -c "docker logs --tail 400 42270be2365f"
I0603 04:50:17.438002   10365 logs.go:122] Gathering logs for kube-controller-manager [142a54608b27] ...
I0603 04:50:17.438017   10365 ssh_runner.go:194] Run: /bin/bash -c "docker logs --tail 400 142a54608b27"
I0603 04:50:17.495248   10365 logs.go:122] Gathering logs for etcd [349258b6df58] ...
I0603 04:50:17.495262   10365 ssh_runner.go:194] Run: /bin/bash -c "docker logs --tail 400 349258b6df58"
I0603 04:50:17.587060   10365 logs.go:122] Gathering logs for coredns [cd9183ebaff4] ...
I0603 04:50:17.587074   10365 ssh_runner.go:194] Run: /bin/bash -c "docker logs --tail 400 cd9183ebaff4"
I0603 04:50:17.613399   10365 logs.go:122] Gathering logs for kube-proxy [613db8e8654c] ...
I0603 04:50:17.613411   10365 ssh_runner.go:194] Run: /bin/bash -c "docker logs --tail 400 613db8e8654c"
I0603 04:50:17.640141   10365 logs.go:122] Gathering logs for kubelet ...
I0603 04:50:17.640153   10365 ssh_runner.go:194] Run: /bin/bash -c "sudo journalctl -u kubelet -n 400"
I0603 04:50:17.681694   10365 logs.go:122] Gathering logs for kube-apiserver [85e4dc7631be] ...
I0603 04:50:17.681710   10365 ssh_runner.go:194] Run: /bin/bash -c "docker logs --tail 400 85e4dc7631be"
I0603 04:50:17.751376   10365 logs.go:122] Gathering logs for coredns [ac03be6e1600] ...
I0603 04:50:17.751393   10365 ssh_runner.go:194] Run: /bin/bash -c "docker logs --tail 400 ac03be6e1600"
I0603 04:50:17.788255   10365 logs.go:122] Gathering logs for kube-scheduler [b898e357825c] ...
I0603 04:50:17.788268   10365 ssh_runner.go:194] Run: /bin/bash -c "docker logs --tail 400 b898e357825c"
I0603 04:50:17.820547   10365 logs.go:122] Gathering logs for kube-proxy [d57eab1ae12c] ...
I0603 04:50:17.820561   10365 ssh_runner.go:194] Run: /bin/bash -c "docker logs --tail 400 d57eab1ae12c"
I0603 04:50:20.346965   10365 ssh_runner.go:194] Run: sudo pgrep -xnf kube-apiserver.*minikube.*
I0603 04:50:20.378161   10365 ssh_runner.go:194] Run: docker ps -a --filter=name=k8s_kube-apiserver --format={{.ID}}
I0603 04:50:20.430553   10365 logs.go:281] 2 containers: [42270be2365f 85e4dc7631be]
I0603 04:50:20.430671   10365 ssh_runner.go:194] Run: docker ps -a --filter=name=k8s_etcd --format={{.ID}}
I0603 04:50:20.484378   10365 logs.go:281] 2 containers: [349258b6df58 21e19412e264]
I0603 04:50:20.484477   10365 ssh_runner.go:194] Run: docker ps -a --filter=name=k8s_coredns --format={{.ID}}
I0603 04:50:20.546094   10365 logs.go:281] 2 containers: [ac03be6e1600 cd9183ebaff4]
I0603 04:50:20.546254   10365 ssh_runner.go:194] Run: docker ps -a --filter=name=k8s_kube-scheduler --format={{.ID}}
I0603 04:50:20.597445   10365 logs.go:281] 2 containers: [a19d97dd9309 b898e357825c]
I0603 04:50:20.597556   10365 ssh_runner.go:194] Run: docker ps -a --filter=name=k8s_kube-proxy --format={{.ID}}
I0603 04:50:20.648560   10365 logs.go:281] 2 containers: [d57eab1ae12c 613db8e8654c]
I0603 04:50:20.648661   10365 ssh_runner.go:194] Run: docker ps -a --filter=name=k8s_kube-controller-manager --format={{.ID}}
I0603 04:50:20.699158   10365 logs.go:281] 2 containers: [142a54608b27 06814c3285c9]
I0603 04:50:20.699281   10365 ssh_runner.go:194] Run: docker ps -a --filter=name=k8s_kindnet --format={{.ID}}
I0603 04:50:20.768003   10365 logs.go:281] 0 containers: []
W0603 04:50:20.768028   10365 logs.go:283] No container was found matching "kindnet"
I0603 04:50:20.768139   10365 ssh_runner.go:194] Run: docker ps -a --filter=name=k8s_controller_ingress --format={{.ID}}
I0603 04:50:20.827692   10365 logs.go:281] 1 containers: [435dd4d847ee]
I0603 04:50:20.827842   10365 ssh_runner.go:194] Run: docker ps -a --filter=name=k8s_storage-provisioner --format={{.ID}}
I0603 04:50:20.882279   10365 logs.go:281] 2 containers: [4d2d81331688 bbe49a8a0f86]
I0603 04:50:20.882320   10365 logs.go:122] Gathering logs for describe nodes ...
I0603 04:50:20.882337   10365 ssh_runner.go:194] Run: /bin/bash -c "sudo /var/lib/minikube/binaries/v1.35.1/kubectl describe nodes --kubeconfig=/var/lib/minikube/kubeconfig"
W0603 04:50:21.021876   10365 logs.go:129] failed describe nodes: command: /bin/bash -c "sudo /var/lib/minikube/binaries/v1.35.1/kubectl describe nodes --kubeconfig=/var/lib/minikube/kubeconfig" /bin/bash -c "sudo /var/lib/minikube/binaries/v1.35.1/kubectl describe nodes --kubeconfig=/var/lib/minikube/kubeconfig": Process exited with status 1
stdout:

stderr:
E0603 01:50:21.006740    4775 memcache.go:265] "Unhandled Error" err="couldn't get current server API group list: Get \"https://localhost:8443/api?timeout=32s\": dial tcp [::1]:8443: connect: connection refused"
E0603 01:50:21.008178    4775 memcache.go:265] "Unhandled Error" err="couldn't get current server API group list: Get \"https://localhost:8443/api?timeout=32s\": dial tcp [::1]:8443: connect: connection refused"
E0603 01:50:21.009382    4775 memcache.go:265] "Unhandled Error" err="couldn't get current server API group list: Get \"https://localhost:8443/api?timeout=32s\": dial tcp [::1]:8443: connect: connection refused"
E0603 01:50:21.010835    4775 memcache.go:265] "Unhandled Error" err="couldn't get current server API group list: Get \"https://localhost:8443/api?timeout=32s\": dial tcp [::1]:8443: connect: connection refused"
E0603 01:50:21.012258    4775 memcache.go:265] "Unhandled Error" err="couldn't get current server API group list: Get \"https://localhost:8443/api?timeout=32s\": dial tcp [::1]:8443: connect: connection refused"
The connection to the server localhost:8443 was refused - did you specify the right host or port?
 output: 
** stderr ** 
E0603 01:50:21.006740    4775 memcache.go:265] "Unhandled Error" err="couldn't get current server API group list: Get \"https://localhost:8443/api?timeout=32s\": dial tcp [::1]:8443: connect: connection refused"
E0603 01:50:21.008178    4775 memcache.go:265] "Unhandled Error" err="couldn't get current server API group list: Get \"https://localhost:8443/api?timeout=32s\": dial tcp [::1]:8443: connect: connection refused"
E0603 01:50:21.009382    4775 memcache.go:265] "Unhandled Error" err="couldn't get current server API group list: Get \"https://localhost:8443/api?timeout=32s\": dial tcp [::1]:8443: connect: connection refused"
E0603 01:50:21.010835    4775 memcache.go:265] "Unhandled Error" err="couldn't get current server API group list: Get \"https://localhost:8443/api?timeout=32s\": dial tcp [::1]:8443: connect: connection refused"
E0603 01:50:21.012258    4775 memcache.go:265] "Unhandled Error" err="couldn't get current server API group list: Get \"https://localhost:8443/api?timeout=32s\": dial tcp [::1]:8443: connect: connection refused"
The connection to the server localhost:8443 was refused - did you specify the right host or port?

** /stderr **
I0603 04:50:21.021895   10365 logs.go:122] Gathering logs for kube-apiserver [85e4dc7631be] ...
I0603 04:50:21.021919   10365 ssh_runner.go:194] Run: /bin/bash -c "docker logs --tail 400 85e4dc7631be"
I0603 04:50:21.191902   10365 logs.go:122] Gathering logs for etcd [21e19412e264] ...
I0603 04:50:21.191928   10365 ssh_runner.go:194] Run: /bin/bash -c "docker logs --tail 400 21e19412e264"
I0603 04:50:21.279466   10365 logs.go:122] Gathering logs for coredns [cd9183ebaff4] ...
I0603 04:50:21.279490   10365 ssh_runner.go:194] Run: /bin/bash -c "docker logs --tail 400 cd9183ebaff4"
I0603 04:50:21.334748   10365 logs.go:122] Gathering logs for kube-scheduler [a19d97dd9309] ...
I0603 04:50:21.334766   10365 ssh_runner.go:194] Run: /bin/bash -c "docker logs --tail 400 a19d97dd9309"
I0603 04:50:21.391246   10365 logs.go:122] Gathering logs for kube-scheduler [b898e357825c] ...
I0603 04:50:21.391266   10365 ssh_runner.go:194] Run: /bin/bash -c "docker logs --tail 400 b898e357825c"
I0603 04:50:21.457759   10365 logs.go:122] Gathering logs for kube-proxy [613db8e8654c] ...
I0603 04:50:21.457782   10365 ssh_runner.go:194] Run: /bin/bash -c "docker logs --tail 400 613db8e8654c"
I0603 04:50:21.514501   10365 logs.go:122] Gathering logs for kube-controller-manager [142a54608b27] ...
I0603 04:50:21.514526   10365 ssh_runner.go:194] Run: /bin/bash -c "docker logs --tail 400 142a54608b27"
I0603 04:50:21.588993   10365 logs.go:122] Gathering logs for kube-apiserver [42270be2365f] ...
I0603 04:50:21.589015   10365 ssh_runner.go:194] Run: /bin/bash -c "docker logs --tail 400 42270be2365f"
I0603 04:50:21.699223   10365 logs.go:122] Gathering logs for coredns [ac03be6e1600] ...
I0603 04:50:21.699247   10365 ssh_runner.go:194] Run: /bin/bash -c "docker logs --tail 400 ac03be6e1600"
I0603 04:50:21.770013   10365 logs.go:122] Gathering logs for kube-controller-manager [06814c3285c9] ...
I0603 04:50:21.770034   10365 ssh_runner.go:194] Run: /bin/bash -c "docker logs --tail 400 06814c3285c9"
I0603 04:50:21.846578   10365 logs.go:122] Gathering logs for controller_ingress [435dd4d847ee] ...
I0603 04:50:21.846603   10365 ssh_runner.go:194] Run: /bin/bash -c "docker logs --tail 400 435dd4d847ee"
I0603 04:50:21.908326   10365 logs.go:122] Gathering logs for storage-provisioner [bbe49a8a0f86] ...
I0603 04:50:21.908346   10365 ssh_runner.go:194] Run: /bin/bash -c "docker logs --tail 400 bbe49a8a0f86"
I0603 04:50:21.994837   10365 logs.go:122] Gathering logs for container status ...
I0603 04:50:21.994860   10365 ssh_runner.go:194] Run: /bin/bash -c "sudo `which crictl || echo crictl` ps -a || sudo docker ps -a"
I0603 04:50:22.094016   10365 logs.go:122] Gathering logs for etcd [349258b6df58] ...
I0603 04:50:22.094037   10365 ssh_runner.go:194] Run: /bin/bash -c "docker logs --tail 400 349258b6df58"
I0603 04:50:22.276281   10365 logs.go:122] Gathering logs for kube-proxy [d57eab1ae12c] ...
I0603 04:50:22.276318   10365 ssh_runner.go:194] Run: /bin/bash -c "docker logs --tail 400 d57eab1ae12c"
I0603 04:50:22.332754   10365 logs.go:122] Gathering logs for storage-provisioner [4d2d81331688] ...
I0603 04:50:22.332776   10365 ssh_runner.go:194] Run: /bin/bash -c "docker logs --tail 400 4d2d81331688"
I0603 04:50:22.427486   10365 logs.go:122] Gathering logs for kubelet ...
I0603 04:50:22.427517   10365 ssh_runner.go:194] Run: /bin/bash -c "sudo journalctl -u kubelet -n 400"
I0603 04:50:22.517344   10365 logs.go:122] Gathering logs for dmesg ...
I0603 04:50:22.517441   10365 ssh_runner.go:194] Run: /bin/bash -c "sudo dmesg -PH -L=never --level warn,err,crit,alert,emerg | tail -n 400"
I0603 04:50:22.545829   10365 logs.go:122] Gathering logs for Docker ...
I0603 04:50:22.545852   10365 ssh_runner.go:194] Run: /bin/bash -c "sudo journalctl -u docker -u cri-docker -n 400"
I0603 04:50:25.111997   10365 ssh_runner.go:194] Run: sudo pgrep -xnf kube-apiserver.*minikube.*
I0603 04:50:25.126135   10365 ssh_runner.go:194] Run: docker ps -a --filter=name=k8s_kube-apiserver --format={{.ID}}
I0603 04:50:25.151502   10365 logs.go:281] 2 containers: [42270be2365f 85e4dc7631be]
I0603 04:50:25.151569   10365 ssh_runner.go:194] Run: docker ps -a --filter=name=k8s_etcd --format={{.ID}}
I0603 04:50:25.178532   10365 logs.go:281] 2 containers: [349258b6df58 21e19412e264]
I0603 04:50:25.178589   10365 ssh_runner.go:194] Run: docker ps -a --filter=name=k8s_coredns --format={{.ID}}
I0603 04:50:25.202634   10365 logs.go:281] 2 containers: [ac03be6e1600 cd9183ebaff4]
I0603 04:50:25.202693   10365 ssh_runner.go:194] Run: docker ps -a --filter=name=k8s_kube-scheduler --format={{.ID}}
I0603 04:50:25.226723   10365 logs.go:281] 2 containers: [a19d97dd9309 b898e357825c]
I0603 04:50:25.226783   10365 ssh_runner.go:194] Run: docker ps -a --filter=name=k8s_kube-proxy --format={{.ID}}
I0603 04:50:25.250002   10365 logs.go:281] 2 containers: [d57eab1ae12c 613db8e8654c]
I0603 04:50:25.250065   10365 ssh_runner.go:194] Run: docker ps -a --filter=name=k8s_kube-controller-manager --format={{.ID}}
I0603 04:50:25.274356   10365 logs.go:281] 2 containers: [142a54608b27 06814c3285c9]
I0603 04:50:25.274452   10365 ssh_runner.go:194] Run: docker ps -a --filter=name=k8s_kindnet --format={{.ID}}
I0603 04:50:25.299552   10365 logs.go:281] 0 containers: []
W0603 04:50:25.299563   10365 logs.go:283] No container was found matching "kindnet"
I0603 04:50:25.299607   10365 ssh_runner.go:194] Run: docker ps -a --filter=name=k8s_controller_ingress --format={{.ID}}
I0603 04:50:25.322930   10365 logs.go:281] 1 containers: [435dd4d847ee]
I0603 04:50:25.322991   10365 ssh_runner.go:194] Run: docker ps -a --filter=name=k8s_storage-provisioner --format={{.ID}}
I0603 04:50:25.345762   10365 logs.go:281] 2 containers: [4d2d81331688 bbe49a8a0f86]
I0603 04:50:25.345781   10365 logs.go:122] Gathering logs for dmesg ...
I0603 04:50:25.345791   10365 ssh_runner.go:194] Run: /bin/bash -c "sudo dmesg -PH -L=never --level warn,err,crit,alert,emerg | tail -n 400"
I0603 04:50:25.358938   10365 logs.go:122] Gathering logs for describe nodes ...
I0603 04:50:25.358951   10365 ssh_runner.go:194] Run: /bin/bash -c "sudo /var/lib/minikube/binaries/v1.35.1/kubectl describe nodes --kubeconfig=/var/lib/minikube/kubeconfig"
W0603 04:50:25.423561   10365 logs.go:129] failed describe nodes: command: /bin/bash -c "sudo /var/lib/minikube/binaries/v1.35.1/kubectl describe nodes --kubeconfig=/var/lib/minikube/kubeconfig" /bin/bash -c "sudo /var/lib/minikube/binaries/v1.35.1/kubectl describe nodes --kubeconfig=/var/lib/minikube/kubeconfig": Process exited with status 1
stdout:

stderr:
E0603 01:50:25.413328    5118 memcache.go:265] "Unhandled Error" err="couldn't get current server API group list: Get \"https://localhost:8443/api?timeout=32s\": dial tcp [::1]:8443: connect: connection refused"
E0603 01:50:25.414094    5118 memcache.go:265] "Unhandled Error" err="couldn't get current server API group list: Get \"https://localhost:8443/api?timeout=32s\": dial tcp [::1]:8443: connect: connection refused"
E0603 01:50:25.416666    5118 memcache.go:265] "Unhandled Error" err="couldn't get current server API group list: Get \"https://localhost:8443/api?timeout=32s\": dial tcp [::1]:8443: connect: connection refused"
E0603 01:50:25.417385    5118 memcache.go:265] "Unhandled Error" err="couldn't get current server API group list: Get \"https://localhost:8443/api?timeout=32s\": dial tcp [::1]:8443: connect: connection refused"
E0603 01:50:25.419358    5118 memcache.go:265] "Unhandled Error" err="couldn't get current server API group list: Get \"https://localhost:8443/api?timeout=32s\": dial tcp [::1]:8443: connect: connection refused"
The connection to the server localhost:8443 was refused - did you specify the right host or port?
 output: 
** stderr ** 
E0603 01:50:25.413328    5118 memcache.go:265] "Unhandled Error" err="couldn't get current server API group list: Get \"https://localhost:8443/api?timeout=32s\": dial tcp [::1]:8443: connect: connection refused"
E0603 01:50:25.414094    5118 memcache.go:265] "Unhandled Error" err="couldn't get current server API group list: Get \"https://localhost:8443/api?timeout=32s\": dial tcp [::1]:8443: connect: connection refused"
E0603 01:50:25.416666    5118 memcache.go:265] "Unhandled Error" err="couldn't get current server API group list: Get \"https://localhost:8443/api?timeout=32s\": dial tcp [::1]:8443: connect: connection refused"
E0603 01:50:25.417385    5118 memcache.go:265] "Unhandled Error" err="couldn't get current server API group list: Get \"https://localhost:8443/api?timeout=32s\": dial tcp [::1]:8443: connect: connection refused"
E0603 01:50:25.419358    5118 memcache.go:265] "Unhandled Error" err="couldn't get current server API group list: Get \"https://localhost:8443/api?timeout=32s\": dial tcp [::1]:8443: connect: connection refused"
The connection to the server localhost:8443 was refused - did you specify the right host or port?

** /stderr **
I0603 04:50:25.423569   10365 logs.go:122] Gathering logs for kube-scheduler [a19d97dd9309] ...
I0603 04:50:25.423576   10365 ssh_runner.go:194] Run: /bin/bash -c "docker logs --tail 400 a19d97dd9309"
I0603 04:50:25.449882   10365 logs.go:122] Gathering logs for kube-controller-manager [142a54608b27] ...
I0603 04:50:25.449893   10365 ssh_runner.go:194] Run: /bin/bash -c "docker logs --tail 400 142a54608b27"
I0603 04:50:25.487330   10365 logs.go:122] Gathering logs for container status ...
I0603 04:50:25.487343   10365 ssh_runner.go:194] Run: /bin/bash -c "sudo `which crictl || echo crictl` ps -a || sudo docker ps -a"
I0603 04:50:25.539661   10365 logs.go:122] Gathering logs for kubelet ...
I0603 04:50:25.539678   10365 ssh_runner.go:194] Run: /bin/bash -c "sudo journalctl -u kubelet -n 400"
I0603 04:50:25.581452   10365 logs.go:122] Gathering logs for kube-apiserver [42270be2365f] ...
I0603 04:50:25.581468   10365 ssh_runner.go:194] Run: /bin/bash -c "docker logs --tail 400 42270be2365f"
I0603 04:50:25.629328   10365 logs.go:122] Gathering logs for coredns [ac03be6e1600] ...
I0603 04:50:25.629342   10365 ssh_runner.go:194] Run: /bin/bash -c "docker logs --tail 400 ac03be6e1600"
I0603 04:50:25.662477   10365 logs.go:122] Gathering logs for kube-scheduler [b898e357825c] ...
I0603 04:50:25.662493   10365 ssh_runner.go:194] Run: /bin/bash -c "docker logs --tail 400 b898e357825c"
I0603 04:50:25.697045   10365 logs.go:122] Gathering logs for kube-proxy [d57eab1ae12c] ...
I0603 04:50:25.697057   10365 ssh_runner.go:194] Run: /bin/bash -c "docker logs --tail 400 d57eab1ae12c"
I0603 04:50:25.739270   10365 logs.go:122] Gathering logs for kube-controller-manager [06814c3285c9] ...
I0603 04:50:25.739285   10365 ssh_runner.go:194] Run: /bin/bash -c "docker logs --tail 400 06814c3285c9"
I0603 04:50:25.782015   10365 logs.go:122] Gathering logs for kube-apiserver [85e4dc7631be] ...
I0603 04:50:25.782031   10365 ssh_runner.go:194] Run: /bin/bash -c "docker logs --tail 400 85e4dc7631be"
I0603 04:50:25.852641   10365 logs.go:122] Gathering logs for storage-provisioner [bbe49a8a0f86] ...
I0603 04:50:25.852657   10365 ssh_runner.go:194] Run: /bin/bash -c "docker logs --tail 400 bbe49a8a0f86"
I0603 04:50:25.893961   10365 logs.go:122] Gathering logs for Docker ...
I0603 04:50:25.893975   10365 ssh_runner.go:194] Run: /bin/bash -c "sudo journalctl -u docker -u cri-docker -n 400"
I0603 04:50:25.919921   10365 logs.go:122] Gathering logs for kube-proxy [613db8e8654c] ...
I0603 04:50:25.919935   10365 ssh_runner.go:194] Run: /bin/bash -c "docker logs --tail 400 613db8e8654c"
I0603 04:50:25.945745   10365 logs.go:122] Gathering logs for etcd [349258b6df58] ...
I0603 04:50:25.945758   10365 ssh_runner.go:194] Run: /bin/bash -c "docker logs --tail 400 349258b6df58"
I0603 04:50:26.029842   10365 logs.go:122] Gathering logs for etcd [21e19412e264] ...
I0603 04:50:26.029859   10365 ssh_runner.go:194] Run: /bin/bash -c "docker logs --tail 400 21e19412e264"
I0603 04:50:26.070183   10365 logs.go:122] Gathering logs for coredns [cd9183ebaff4] ...
I0603 04:50:26.070196   10365 ssh_runner.go:194] Run: /bin/bash -c "docker logs --tail 400 cd9183ebaff4"
I0603 04:50:26.096944   10365 logs.go:122] Gathering logs for controller_ingress [435dd4d847ee] ...
I0603 04:50:26.096955   10365 ssh_runner.go:194] Run: /bin/bash -c "docker logs --tail 400 435dd4d847ee"
I0603 04:50:26.124579   10365 logs.go:122] Gathering logs for storage-provisioner [4d2d81331688] ...
I0603 04:50:26.124592   10365 ssh_runner.go:194] Run: /bin/bash -c "docker logs --tail 400 4d2d81331688"
I0603 04:50:26.634884   10365 ssh_runner.go:194] Run: sudo KUBECONFIG=/var/lib/minikube/kubeconfig /var/lib/minikube/binaries/v1.35.1/kubectl apply --force -f /etc/kubernetes/addons/storageclass.yaml
W0603 04:50:26.705986   10365 addons.go:478] apply failed, will retry: sudo KUBECONFIG=/var/lib/minikube/kubeconfig /var/lib/minikube/binaries/v1.35.1/kubectl apply --force -f /etc/kubernetes/addons/storageclass.yaml: Process exited with status 1
stdout:

stderr:
error: error validating "/etc/kubernetes/addons/storageclass.yaml": error validating data: failed to download openapi: Get "https://localhost:8443/openapi/v2?timeout=32s": dial tcp [::1]:8443: connect: connection refused; if you choose to ignore these errors, turn validation off with --validate=false
I0603 04:50:26.706004   10365 retry.go:85] will retry after 25s: sudo KUBECONFIG=/var/lib/minikube/kubeconfig /var/lib/minikube/binaries/v1.35.1/kubectl apply --force -f /etc/kubernetes/addons/storageclass.yaml: Process exited with status 1
stdout:

stderr:
error: error validating "/etc/kubernetes/addons/storageclass.yaml": error validating data: failed to download openapi: Get "https://localhost:8443/openapi/v2?timeout=32s": dial tcp [::1]:8443: connect: connection refused; if you choose to ignore these errors, turn validation off with --validate=false
I0603 04:50:28.681147   10365 ssh_runner.go:194] Run: sudo pgrep -xnf kube-apiserver.*minikube.*
I0603 04:50:28.733776   10365 ssh_runner.go:194] Run: docker ps -a --filter=name=k8s_kube-apiserver --format={{.ID}}
I0603 04:50:28.771583   10365 logs.go:281] 2 containers: [42270be2365f 85e4dc7631be]
I0603 04:50:28.771678   10365 ssh_runner.go:194] Run: docker ps -a --filter=name=k8s_etcd --format={{.ID}}
I0603 04:50:28.798208   10365 logs.go:281] 2 containers: [349258b6df58 21e19412e264]
I0603 04:50:28.798285   10365 ssh_runner.go:194] Run: docker ps -a --filter=name=k8s_coredns --format={{.ID}}
I0603 04:50:28.822033   10365 logs.go:281] 2 containers: [ac03be6e1600 cd9183ebaff4]
I0603 04:50:28.822101   10365 ssh_runner.go:194] Run: docker ps -a --filter=name=k8s_kube-scheduler --format={{.ID}}
I0603 04:50:28.845950   10365 logs.go:281] 2 containers: [a19d97dd9309 b898e357825c]
I0603 04:50:28.846045   10365 ssh_runner.go:194] Run: docker ps -a --filter=name=k8s_kube-proxy --format={{.ID}}
I0603 04:50:28.869557   10365 logs.go:281] 2 containers: [d57eab1ae12c 613db8e8654c]
I0603 04:50:28.869619   10365 ssh_runner.go:194] Run: docker ps -a --filter=name=k8s_kube-controller-manager --format={{.ID}}
I0603 04:50:28.893993   10365 logs.go:281] 2 containers: [142a54608b27 06814c3285c9]
I0603 04:50:28.894091   10365 ssh_runner.go:194] Run: docker ps -a --filter=name=k8s_kindnet --format={{.ID}}
I0603 04:50:28.916929   10365 logs.go:281] 0 containers: []
W0603 04:50:28.916939   10365 logs.go:283] No container was found matching "kindnet"
I0603 04:50:28.916988   10365 ssh_runner.go:194] Run: docker ps -a --filter=name=k8s_controller_ingress --format={{.ID}}
I0603 04:50:28.939394   10365 logs.go:281] 1 containers: [435dd4d847ee]
I0603 04:50:28.939463   10365 ssh_runner.go:194] Run: docker ps -a --filter=name=k8s_storage-provisioner --format={{.ID}}
I0603 04:50:28.963415   10365 logs.go:281] 2 containers: [4d2d81331688 bbe49a8a0f86]
I0603 04:50:28.963433   10365 logs.go:122] Gathering logs for kube-proxy [613db8e8654c] ...
I0603 04:50:28.963443   10365 ssh_runner.go:194] Run: /bin/bash -c "docker logs --tail 400 613db8e8654c"
I0603 04:50:28.989524   10365 logs.go:122] Gathering logs for kubelet ...
I0603 04:50:28.989541   10365 ssh_runner.go:194] Run: /bin/bash -c "sudo journalctl -u kubelet -n 400"
I0603 04:50:29.031548   10365 logs.go:122] Gathering logs for dmesg ...
I0603 04:50:29.031563   10365 ssh_runner.go:194] Run: /bin/bash -c "sudo dmesg -PH -L=never --level warn,err,crit,alert,emerg | tail -n 400"
I0603 04:50:29.045981   10365 logs.go:122] Gathering logs for describe nodes ...
I0603 04:50:29.045994   10365 ssh_runner.go:194] Run: /bin/bash -c "sudo /var/lib/minikube/binaries/v1.35.1/kubectl describe nodes --kubeconfig=/var/lib/minikube/kubeconfig"
W0603 04:50:29.110478   10365 logs.go:129] failed describe nodes: command: /bin/bash -c "sudo /var/lib/minikube/binaries/v1.35.1/kubectl describe nodes --kubeconfig=/var/lib/minikube/kubeconfig" /bin/bash -c "sudo /var/lib/minikube/binaries/v1.35.1/kubectl describe nodes --kubeconfig=/var/lib/minikube/kubeconfig": Process exited with status 1
stdout:

stderr:
E0603 01:50:29.099667    5478 memcache.go:265] "Unhandled Error" err="couldn't get current server API group list: Get \"https://localhost:8443/api?timeout=32s\": dial tcp [::1]:8443: connect: connection refused"
E0603 01:50:29.100389    5478 memcache.go:265] "Unhandled Error" err="couldn't get current server API group list: Get \"https://localhost:8443/api?timeout=32s\": dial tcp [::1]:8443: connect: connection refused"
E0603 01:50:29.103327    5478 memcache.go:265] "Unhandled Error" err="couldn't get current server API group list: Get \"https://localhost:8443/api?timeout=32s\": dial tcp [::1]:8443: connect: connection refused"
E0603 01:50:29.104288    5478 memcache.go:265] "Unhandled Error" err="couldn't get current server API group list: Get \"https://localhost:8443/api?timeout=32s\": dial tcp [::1]:8443: connect: connection refused"
E0603 01:50:29.104934    5478 memcache.go:265] "Unhandled Error" err="couldn't get current server API group list: Get \"https://localhost:8443/api?timeout=32s\": dial tcp [::1]:8443: connect: connection refused"
The connection to the server localhost:8443 was refused - did you specify the right host or port?
 output: 
** stderr ** 
E0603 01:50:29.099667    5478 memcache.go:265] "Unhandled Error" err="couldn't get current server API group list: Get \"https://localhost:8443/api?timeout=32s\": dial tcp [::1]:8443: connect: connection refused"
E0603 01:50:29.100389    5478 memcache.go:265] "Unhandled Error" err="couldn't get current server API group list: Get \"https://localhost:8443/api?timeout=32s\": dial tcp [::1]:8443: connect: connection refused"
E0603 01:50:29.103327    5478 memcache.go:265] "Unhandled Error" err="couldn't get current server API group list: Get \"https://localhost:8443/api?timeout=32s\": dial tcp [::1]:8443: connect: connection refused"
E0603 01:50:29.104288    5478 memcache.go:265] "Unhandled Error" err="couldn't get current server API group list: Get \"https://localhost:8443/api?timeout=32s\": dial tcp [::1]:8443: connect: connection refused"
E0603 01:50:29.104934    5478 memcache.go:265] "Unhandled Error" err="couldn't get current server API group list: Get \"https://localhost:8443/api?timeout=32s\": dial tcp [::1]:8443: connect: connection refused"
The connection to the server localhost:8443 was refused - did you specify the right host or port?

** /stderr **
I0603 04:50:29.110490   10365 logs.go:122] Gathering logs for storage-provisioner [4d2d81331688] ...
I0603 04:50:29.110499   10365 ssh_runner.go:194] Run: /bin/bash -c "docker logs --tail 400 4d2d81331688"
I0603 04:50:29.155233   10365 logs.go:122] Gathering logs for kube-apiserver [42270be2365f] ...
I0603 04:50:29.155249   10365 ssh_runner.go:194] Run: /bin/bash -c "docker logs --tail 400 42270be2365f"
I0603 04:50:29.204167   10365 logs.go:122] Gathering logs for etcd [349258b6df58] ...
I0603 04:50:29.204184   10365 ssh_runner.go:194] Run: /bin/bash -c "docker logs --tail 400 349258b6df58"
I0603 04:50:29.312230   10365 logs.go:122] Gathering logs for coredns [ac03be6e1600] ...
I0603 04:50:29.312257   10365 ssh_runner.go:194] Run: /bin/bash -c "docker logs --tail 400 ac03be6e1600"
I0603 04:50:29.367503   10365 logs.go:122] Gathering logs for controller_ingress [435dd4d847ee] ...
I0603 04:50:29.367521   10365 ssh_runner.go:194] Run: /bin/bash -c "docker logs --tail 400 435dd4d847ee"
I0603 04:50:29.408331   10365 logs.go:122] Gathering logs for storage-provisioner [bbe49a8a0f86] ...
I0603 04:50:29.408348   10365 ssh_runner.go:194] Run: /bin/bash -c "docker logs --tail 400 bbe49a8a0f86"
I0603 04:50:29.478205   10365 logs.go:122] Gathering logs for etcd [21e19412e264] ...
I0603 04:50:29.478221   10365 ssh_runner.go:194] Run: /bin/bash -c "docker logs --tail 400 21e19412e264"
I0603 04:50:29.532200   10365 logs.go:122] Gathering logs for kube-proxy [d57eab1ae12c] ...
I0603 04:50:29.532220   10365 ssh_runner.go:194] Run: /bin/bash -c "docker logs --tail 400 d57eab1ae12c"
I0603 04:50:29.557697   10365 logs.go:122] Gathering logs for kube-controller-manager [06814c3285c9] ...
I0603 04:50:29.557710   10365 ssh_runner.go:194] Run: /bin/bash -c "docker logs --tail 400 06814c3285c9"
I0603 04:50:29.592666   10365 logs.go:122] Gathering logs for Docker ...
I0603 04:50:29.592679   10365 ssh_runner.go:194] Run: /bin/bash -c "sudo journalctl -u docker -u cri-docker -n 400"
I0603 04:50:29.618903   10365 logs.go:122] Gathering logs for container status ...
I0603 04:50:29.618919   10365 ssh_runner.go:194] Run: /bin/bash -c "sudo `which crictl || echo crictl` ps -a || sudo docker ps -a"
I0603 04:50:29.664464   10365 logs.go:122] Gathering logs for kube-controller-manager [142a54608b27] ...
I0603 04:50:29.664477   10365 ssh_runner.go:194] Run: /bin/bash -c "docker logs --tail 400 142a54608b27"
I0603 04:50:29.703896   10365 logs.go:122] Gathering logs for kube-apiserver [85e4dc7631be] ...
I0603 04:50:29.703913   10365 ssh_runner.go:194] Run: /bin/bash -c "docker logs --tail 400 85e4dc7631be"
I0603 04:50:29.779562   10365 logs.go:122] Gathering logs for coredns [cd9183ebaff4] ...
I0603 04:50:29.779580   10365 ssh_runner.go:194] Run: /bin/bash -c "docker logs --tail 400 cd9183ebaff4"
I0603 04:50:29.805985   10365 logs.go:122] Gathering logs for kube-scheduler [a19d97dd9309] ...
I0603 04:50:29.805998   10365 ssh_runner.go:194] Run: /bin/bash -c "docker logs --tail 400 a19d97dd9309"
I0603 04:50:29.833963   10365 logs.go:122] Gathering logs for kube-scheduler [b898e357825c] ...
I0603 04:50:29.833981   10365 ssh_runner.go:194] Run: /bin/bash -c "docker logs --tail 400 b898e357825c"
I0603 04:50:32.367480   10365 ssh_runner.go:194] Run: sudo pgrep -xnf kube-apiserver.*minikube.*
I0603 04:50:32.388425   10365 ssh_runner.go:194] Run: docker ps -a --filter=name=k8s_kube-apiserver --format={{.ID}}
I0603 04:50:32.413889   10365 logs.go:281] 2 containers: [42270be2365f 85e4dc7631be]
I0603 04:50:32.413951   10365 ssh_runner.go:194] Run: docker ps -a --filter=name=k8s_etcd --format={{.ID}}
I0603 04:50:32.435428   10365 logs.go:281] 2 containers: [349258b6df58 21e19412e264]
I0603 04:50:32.435487   10365 ssh_runner.go:194] Run: docker ps -a --filter=name=k8s_coredns --format={{.ID}}
I0603 04:50:32.457559   10365 logs.go:281] 2 containers: [ac03be6e1600 cd9183ebaff4]
I0603 04:50:32.457623   10365 ssh_runner.go:194] Run: docker ps -a --filter=name=k8s_kube-scheduler --format={{.ID}}
I0603 04:50:32.479519   10365 logs.go:281] 2 containers: [a19d97dd9309 b898e357825c]
I0603 04:50:32.479573   10365 ssh_runner.go:194] Run: docker ps -a --filter=name=k8s_kube-proxy --format={{.ID}}
I0603 04:50:32.501797   10365 logs.go:281] 2 containers: [d57eab1ae12c 613db8e8654c]
I0603 04:50:32.501854   10365 ssh_runner.go:194] Run: docker ps -a --filter=name=k8s_kube-controller-manager --format={{.ID}}
I0603 04:50:32.524100   10365 logs.go:281] 2 containers: [142a54608b27 06814c3285c9]
I0603 04:50:32.524161   10365 ssh_runner.go:194] Run: docker ps -a --filter=name=k8s_kindnet --format={{.ID}}
I0603 04:50:32.545674   10365 logs.go:281] 0 containers: []
W0603 04:50:32.545688   10365 logs.go:283] No container was found matching "kindnet"
I0603 04:50:32.545760   10365 ssh_runner.go:194] Run: docker ps -a --filter=name=k8s_controller_ingress --format={{.ID}}
I0603 04:50:32.567414   10365 logs.go:281] 1 containers: [435dd4d847ee]
I0603 04:50:32.567470   10365 ssh_runner.go:194] Run: docker ps -a --filter=name=k8s_storage-provisioner --format={{.ID}}
I0603 04:50:32.592050   10365 logs.go:281] 2 containers: [4d2d81331688 bbe49a8a0f86]
I0603 04:50:32.592077   10365 logs.go:122] Gathering logs for dmesg ...
I0603 04:50:32.592090   10365 ssh_runner.go:194] Run: /bin/bash -c "sudo dmesg -PH -L=never --level warn,err,crit,alert,emerg | tail -n 400"
I0603 04:50:32.604546   10365 logs.go:122] Gathering logs for kube-proxy [613db8e8654c] ...
I0603 04:50:32.604558   10365 ssh_runner.go:194] Run: /bin/bash -c "docker logs --tail 400 613db8e8654c"
I0603 04:50:32.628930   10365 logs.go:122] Gathering logs for kube-controller-manager [142a54608b27] ...
I0603 04:50:32.628941   10365 ssh_runner.go:194] Run: /bin/bash -c "docker logs --tail 400 142a54608b27"
I0603 04:50:32.662172   10365 logs.go:122] Gathering logs for kube-controller-manager [06814c3285c9] ...
I0603 04:50:32.662184   10365 ssh_runner.go:194] Run: /bin/bash -c "docker logs --tail 400 06814c3285c9"
I0603 04:50:32.695911   10365 logs.go:122] Gathering logs for storage-provisioner [4d2d81331688] ...
I0603 04:50:32.695923   10365 ssh_runner.go:194] Run: /bin/bash -c "docker logs --tail 400 4d2d81331688"
I0603 04:50:32.760877   10365 logs.go:122] Gathering logs for kubelet ...
I0603 04:50:32.760902   10365 ssh_runner.go:194] Run: /bin/bash -c "sudo journalctl -u kubelet -n 400"
I0603 04:50:32.808123   10365 logs.go:122] Gathering logs for describe nodes ...
I0603 04:50:32.808138   10365 ssh_runner.go:194] Run: /bin/bash -c "sudo /var/lib/minikube/binaries/v1.35.1/kubectl describe nodes --kubeconfig=/var/lib/minikube/kubeconfig"
W0603 04:50:32.867395   10365 logs.go:129] failed describe nodes: command: /bin/bash -c "sudo /var/lib/minikube/binaries/v1.35.1/kubectl describe nodes --kubeconfig=/var/lib/minikube/kubeconfig" /bin/bash -c "sudo /var/lib/minikube/binaries/v1.35.1/kubectl describe nodes --kubeconfig=/var/lib/minikube/kubeconfig": Process exited with status 1
stdout:

stderr:
E0603 01:50:32.858737    5842 memcache.go:265] "Unhandled Error" err="couldn't get current server API group list: Get \"https://localhost:8443/api?timeout=32s\": dial tcp [::1]:8443: connect: connection refused"
E0603 01:50:32.859482    5842 memcache.go:265] "Unhandled Error" err="couldn't get current server API group list: Get \"https://localhost:8443/api?timeout=32s\": dial tcp [::1]:8443: connect: connection refused"
E0603 01:50:32.861062    5842 memcache.go:265] "Unhandled Error" err="couldn't get current server API group list: Get \"https://localhost:8443/api?timeout=32s\": dial tcp [::1]:8443: connect: connection refused"
E0603 01:50:32.861661    5842 memcache.go:265] "Unhandled Error" err="couldn't get current server API group list: Get \"https://localhost:8443/api?timeout=32s\": dial tcp [::1]:8443: connect: connection refused"
E0603 01:50:32.863327    5842 memcache.go:265] "Unhandled Error" err="couldn't get current server API group list: Get \"https://localhost:8443/api?timeout=32s\": dial tcp [::1]:8443: connect: connection refused"
The connection to the server localhost:8443 was refused - did you specify the right host or port?
 output: 
** stderr ** 
E0603 01:50:32.858737    5842 memcache.go:265] "Unhandled Error" err="couldn't get current server API group list: Get \"https://localhost:8443/api?timeout=32s\": dial tcp [::1]:8443: connect: connection refused"
E0603 01:50:32.859482    5842 memcache.go:265] "Unhandled Error" err="couldn't get current server API group list: Get \"https://localhost:8443/api?timeout=32s\": dial tcp [::1]:8443: connect: connection refused"
E0603 01:50:32.861062    5842 memcache.go:265] "Unhandled Error" err="couldn't get current server API group list: Get \"https://localhost:8443/api?timeout=32s\": dial tcp [::1]:8443: connect: connection refused"
E0603 01:50:32.861661    5842 memcache.go:265] "Unhandled Error" err="couldn't get current server API group list: Get \"https://localhost:8443/api?timeout=32s\": dial tcp [::1]:8443: connect: connection refused"
E0603 01:50:32.863327    5842 memcache.go:265] "Unhandled Error" err="couldn't get current server API group list: Get \"https://localhost:8443/api?timeout=32s\": dial tcp [::1]:8443: connect: connection refused"
The connection to the server localhost:8443 was refused - did you specify the right host or port?

** /stderr **
I0603 04:50:32.867401   10365 logs.go:122] Gathering logs for kube-apiserver [42270be2365f] ...
I0603 04:50:32.867408   10365 ssh_runner.go:194] Run: /bin/bash -c "docker logs --tail 400 42270be2365f"
I0603 04:50:32.911183   10365 logs.go:122] Gathering logs for kube-scheduler [b898e357825c] ...
I0603 04:50:32.911197   10365 ssh_runner.go:194] Run: /bin/bash -c "docker logs --tail 400 b898e357825c"
I0603 04:50:32.941986   10365 logs.go:122] Gathering logs for kube-proxy [d57eab1ae12c] ...
I0603 04:50:32.942001   10365 ssh_runner.go:194] Run: /bin/bash -c "docker logs --tail 400 d57eab1ae12c"
I0603 04:50:32.968661   10365 logs.go:122] Gathering logs for container status ...
I0603 04:50:32.968672   10365 ssh_runner.go:194] Run: /bin/bash -c "sudo `which crictl || echo crictl` ps -a || sudo docker ps -a"
I0603 04:50:33.008069   10365 logs.go:122] Gathering logs for kube-apiserver [85e4dc7631be] ...
I0603 04:50:33.008080   10365 ssh_runner.go:194] Run: /bin/bash -c "docker logs --tail 400 85e4dc7631be"
I0603 04:50:33.075246   10365 logs.go:122] Gathering logs for etcd [21e19412e264] ...
I0603 04:50:33.075264   10365 ssh_runner.go:194] Run: /bin/bash -c "docker logs --tail 400 21e19412e264"
I0603 04:50:33.113031   10365 logs.go:122] Gathering logs for coredns [cd9183ebaff4] ...
I0603 04:50:33.113047   10365 ssh_runner.go:194] Run: /bin/bash -c "docker logs --tail 400 cd9183ebaff4"
I0603 04:50:33.140256   10365 logs.go:122] Gathering logs for kube-scheduler [a19d97dd9309] ...
I0603 04:50:33.140270   10365 ssh_runner.go:194] Run: /bin/bash -c "docker logs --tail 400 a19d97dd9309"
I0603 04:50:33.164941   10365 logs.go:122] Gathering logs for Docker ...
I0603 04:50:33.164953   10365 ssh_runner.go:194] Run: /bin/bash -c "sudo journalctl -u docker -u cri-docker -n 400"
I0603 04:50:33.190262   10365 logs.go:122] Gathering logs for etcd [349258b6df58] ...
I0603 04:50:33.190276   10365 ssh_runner.go:194] Run: /bin/bash -c "docker logs --tail 400 349258b6df58"
I0603 04:50:33.268223   10365 logs.go:122] Gathering logs for coredns [ac03be6e1600] ...
I0603 04:50:33.268239   10365 ssh_runner.go:194] Run: /bin/bash -c "docker logs --tail 400 ac03be6e1600"
I0603 04:50:33.299162   10365 logs.go:122] Gathering logs for controller_ingress [435dd4d847ee] ...
I0603 04:50:33.299176   10365 ssh_runner.go:194] Run: /bin/bash -c "docker logs --tail 400 435dd4d847ee"
I0603 04:50:33.328770   10365 logs.go:122] Gathering logs for storage-provisioner [bbe49a8a0f86] ...
I0603 04:50:33.328781   10365 ssh_runner.go:194] Run: /bin/bash -c "docker logs --tail 400 bbe49a8a0f86"
I0603 04:50:35.868422   10365 ssh_runner.go:194] Run: sudo pgrep -xnf kube-apiserver.*minikube.*
I0603 04:50:35.896202   10365 ssh_runner.go:194] Run: docker ps -a --filter=name=k8s_kube-apiserver --format={{.ID}}
I0603 04:50:35.941841   10365 logs.go:281] 2 containers: [42270be2365f 85e4dc7631be]
I0603 04:50:35.941940   10365 ssh_runner.go:194] Run: docker ps -a --filter=name=k8s_etcd --format={{.ID}}
I0603 04:50:35.989626   10365 logs.go:281] 2 containers: [349258b6df58 21e19412e264]
I0603 04:50:35.989756   10365 ssh_runner.go:194] Run: docker ps -a --filter=name=k8s_coredns --format={{.ID}}
I0603 04:50:36.040281   10365 logs.go:281] 2 containers: [ac03be6e1600 cd9183ebaff4]
I0603 04:50:36.040427   10365 ssh_runner.go:194] Run: docker ps -a --filter=name=k8s_kube-scheduler --format={{.ID}}
I0603 04:50:36.095270   10365 logs.go:281] 2 containers: [a19d97dd9309 b898e357825c]
I0603 04:50:36.095365   10365 ssh_runner.go:194] Run: docker ps -a --filter=name=k8s_kube-proxy --format={{.ID}}
I0603 04:50:36.104458   10365 ssh_runner.go:194] Run: sudo KUBECONFIG=/var/lib/minikube/kubeconfig /var/lib/minikube/binaries/v1.35.1/kubectl apply --force -f /etc/kubernetes/addons/storage-provisioner.yaml
I0603 04:50:36.144202   10365 logs.go:281] 2 containers: [d57eab1ae12c 613db8e8654c]
I0603 04:50:36.144409   10365 ssh_runner.go:194] Run: docker ps -a --filter=name=k8s_kube-controller-manager --format={{.ID}}
I0603 04:50:36.227396   10365 logs.go:281] 2 containers: [142a54608b27 06814c3285c9]
W0603 04:50:36.227423   10365 addons.go:478] apply failed, will retry: sudo KUBECONFIG=/var/lib/minikube/kubeconfig /var/lib/minikube/binaries/v1.35.1/kubectl apply --force -f /etc/kubernetes/addons/storage-provisioner.yaml: Process exited with status 1
stdout:

stderr:
error: error validating "/etc/kubernetes/addons/storage-provisioner.yaml": error validating data: failed to download openapi: Get "https://localhost:8443/openapi/v2?timeout=32s": dial tcp [::1]:8443: connect: connection refused; if you choose to ignore these errors, turn validation off with --validate=false
I0603 04:50:36.227493   10365 ssh_runner.go:194] Run: docker ps -a --filter=name=k8s_kindnet --format={{.ID}}
W0603 04:50:36.227602   10365 out.go:285] ❗  Enabling 'storage-provisioner' returned an error: running callbacks: [sudo KUBECONFIG=/var/lib/minikube/kubeconfig /var/lib/minikube/binaries/v1.35.1/kubectl apply --force -f /etc/kubernetes/addons/storage-provisioner.yaml: Process exited with status 1
stdout:

stderr:
error: error validating "/etc/kubernetes/addons/storage-provisioner.yaml": error validating data: failed to download openapi: Get "https://localhost:8443/openapi/v2?timeout=32s": dial tcp [::1]:8443: connect: connection refused; if you choose to ignore these errors, turn validation off with --validate=false
]
I0603 04:50:36.280768   10365 logs.go:281] 0 containers: []
W0603 04:50:36.280794   10365 logs.go:283] No container was found matching "kindnet"
I0603 04:50:36.280909   10365 ssh_runner.go:194] Run: docker ps -a --filter=name=k8s_controller_ingress --format={{.ID}}
I0603 04:50:36.327051   10365 logs.go:281] 1 containers: [435dd4d847ee]
I0603 04:50:36.327145   10365 ssh_runner.go:194] Run: docker ps -a --filter=name=k8s_storage-provisioner --format={{.ID}}
I0603 04:50:36.374102   10365 logs.go:281] 2 containers: [4d2d81331688 bbe49a8a0f86]
I0603 04:50:36.374130   10365 logs.go:122] Gathering logs for coredns [ac03be6e1600] ...
I0603 04:50:36.374141   10365 ssh_runner.go:194] Run: /bin/bash -c "docker logs --tail 400 ac03be6e1600"
I0603 04:50:36.441663   10365 logs.go:122] Gathering logs for coredns [cd9183ebaff4] ...
I0603 04:50:36.441681   10365 ssh_runner.go:194] Run: /bin/bash -c "docker logs --tail 400 cd9183ebaff4"
I0603 04:50:36.495051   10365 logs.go:122] Gathering logs for kube-proxy [613db8e8654c] ...
I0603 04:50:36.495070   10365 ssh_runner.go:194] Run: /bin/bash -c "docker logs --tail 400 613db8e8654c"
I0603 04:50:36.547115   10365 logs.go:122] Gathering logs for storage-provisioner [4d2d81331688] ...
I0603 04:50:36.547134   10365 ssh_runner.go:194] Run: /bin/bash -c "docker logs --tail 400 4d2d81331688"
I0603 04:50:36.651208   10365 logs.go:122] Gathering logs for kubelet ...
I0603 04:50:36.651233   10365 ssh_runner.go:194] Run: /bin/bash -c "sudo journalctl -u kubelet -n 400"
I0603 04:50:36.740344   10365 logs.go:122] Gathering logs for dmesg ...
I0603 04:50:36.740367   10365 ssh_runner.go:194] Run: /bin/bash -c "sudo dmesg -PH -L=never --level warn,err,crit,alert,emerg | tail -n 400"
I0603 04:50:36.767536   10365 logs.go:122] Gathering logs for kube-apiserver [85e4dc7631be] ...
I0603 04:50:36.767554   10365 ssh_runner.go:194] Run: /bin/bash -c "docker logs --tail 400 85e4dc7631be"
I0603 04:50:36.911787   10365 logs.go:122] Gathering logs for kube-controller-manager [06814c3285c9] ...
I0603 04:50:36.911809   10365 ssh_runner.go:194] Run: /bin/bash -c "docker logs --tail 400 06814c3285c9"
I0603 04:50:36.982672   10365 logs.go:122] Gathering logs for controller_ingress [435dd4d847ee] ...
I0603 04:50:36.982695   10365 ssh_runner.go:194] Run: /bin/bash -c "docker logs --tail 400 435dd4d847ee"
I0603 04:50:37.048642   10365 logs.go:122] Gathering logs for storage-provisioner [bbe49a8a0f86] ...
I0603 04:50:37.048667   10365 ssh_runner.go:194] Run: /bin/bash -c "docker logs --tail 400 bbe49a8a0f86"
I0603 04:50:37.140058   10365 logs.go:122] Gathering logs for Docker ...
I0603 04:50:37.140081   10365 ssh_runner.go:194] Run: /bin/bash -c "sudo journalctl -u docker -u cri-docker -n 400"
I0603 04:50:37.194812   10365 logs.go:122] Gathering logs for container status ...
I0603 04:50:37.194832   10365 ssh_runner.go:194] Run: /bin/bash -c "sudo `which crictl || echo crictl` ps -a || sudo docker ps -a"
I0603 04:50:37.279872   10365 logs.go:122] Gathering logs for kube-controller-manager [142a54608b27] ...
I0603 04:50:37.279892   10365 ssh_runner.go:194] Run: /bin/bash -c "docker logs --tail 400 142a54608b27"
I0603 04:50:37.350950   10365 logs.go:122] Gathering logs for kube-scheduler [a19d97dd9309] ...
I0603 04:50:37.350971   10365 ssh_runner.go:194] Run: /bin/bash -c "docker logs --tail 400 a19d97dd9309"
I0603 04:50:37.403008   10365 logs.go:122] Gathering logs for kube-proxy [d57eab1ae12c] ...
I0603 04:50:37.403027   10365 ssh_runner.go:194] Run: /bin/bash -c "docker logs --tail 400 d57eab1ae12c"
I0603 04:50:37.455571   10365 logs.go:122] Gathering logs for etcd [349258b6df58] ...
I0603 04:50:37.455590   10365 ssh_runner.go:194] Run: /bin/bash -c "docker logs --tail 400 349258b6df58"
I0603 04:50:37.630797   10365 logs.go:122] Gathering logs for kube-scheduler [b898e357825c] ...
I0603 04:50:37.630853   10365 ssh_runner.go:194] Run: /bin/bash -c "docker logs --tail 400 b898e357825c"
I0603 04:50:37.706738   10365 logs.go:122] Gathering logs for describe nodes ...
I0603 04:50:37.706762   10365 ssh_runner.go:194] Run: /bin/bash -c "sudo /var/lib/minikube/binaries/v1.35.1/kubectl describe nodes --kubeconfig=/var/lib/minikube/kubeconfig"
W0603 04:50:37.831384   10365 logs.go:129] failed describe nodes: command: /bin/bash -c "sudo /var/lib/minikube/binaries/v1.35.1/kubectl describe nodes --kubeconfig=/var/lib/minikube/kubeconfig" /bin/bash -c "sudo /var/lib/minikube/binaries/v1.35.1/kubectl describe nodes --kubeconfig=/var/lib/minikube/kubeconfig": Process exited with status 1
stdout:

stderr:
E0603 01:50:37.816618    6289 memcache.go:265] "Unhandled Error" err="couldn't get current server API group list: Get \"https://localhost:8443/api?timeout=32s\": dial tcp [::1]:8443: connect: connection refused"
E0603 01:50:37.818031    6289 memcache.go:265] "Unhandled Error" err="couldn't get current server API group list: Get \"https://localhost:8443/api?timeout=32s\": dial tcp [::1]:8443: connect: connection refused"
E0603 01:50:37.819636    6289 memcache.go:265] "Unhandled Error" err="couldn't get current server API group list: Get \"https://localhost:8443/api?timeout=32s\": dial tcp [::1]:8443: connect: connection refused"
E0603 01:50:37.820939    6289 memcache.go:265] "Unhandled Error" err="couldn't get current server API group list: Get \"https://localhost:8443/api?timeout=32s\": dial tcp [::1]:8443: connect: connection refused"
E0603 01:50:37.821934    6289 memcache.go:265] "Unhandled Error" err="couldn't get current server API group list: Get \"https://localhost:8443/api?timeout=32s\": dial tcp [::1]:8443: connect: connection refused"
The connection to the server localhost:8443 was refused - did you specify the right host or port?
 output: 
** stderr ** 
E0603 01:50:37.816618    6289 memcache.go:265] "Unhandled Error" err="couldn't get current server API group list: Get \"https://localhost:8443/api?timeout=32s\": dial tcp [::1]:8443: connect: connection refused"
E0603 01:50:37.818031    6289 memcache.go:265] "Unhandled Error" err="couldn't get current server API group list: Get \"https://localhost:8443/api?timeout=32s\": dial tcp [::1]:8443: connect: connection refused"
E0603 01:50:37.819636    6289 memcache.go:265] "Unhandled Error" err="couldn't get current server API group list: Get \"https://localhost:8443/api?timeout=32s\": dial tcp [::1]:8443: connect: connection refused"
E0603 01:50:37.820939    6289 memcache.go:265] "Unhandled Error" err="couldn't get current server API group list: Get \"https://localhost:8443/api?timeout=32s\": dial tcp [::1]:8443: connect: connection refused"
E0603 01:50:37.821934    6289 memcache.go:265] "Unhandled Error" err="couldn't get current server API group list: Get \"https://localhost:8443/api?timeout=32s\": dial tcp [::1]:8443: connect: connection refused"
The connection to the server localhost:8443 was refused - did you specify the right host or port?

** /stderr **
I0603 04:50:37.831403   10365 logs.go:122] Gathering logs for kube-apiserver [42270be2365f] ...
I0603 04:50:37.831425   10365 ssh_runner.go:194] Run: /bin/bash -c "docker logs --tail 400 42270be2365f"
I0603 04:50:37.929230   10365 logs.go:122] Gathering logs for etcd [21e19412e264] ...
I0603 04:50:37.929256   10365 ssh_runner.go:194] Run: /bin/bash -c "docker logs --tail 400 21e19412e264"
I0603 04:50:40.523497   10365 ssh_runner.go:194] Run: sudo pgrep -xnf kube-apiserver.*minikube.*
I0603 04:50:40.537409   10365 ssh_runner.go:194] Run: docker ps -a --filter=name=k8s_kube-apiserver --format={{.ID}}
I0603 04:50:40.582571   10365 logs.go:281] 2 containers: [42270be2365f 85e4dc7631be]
I0603 04:50:40.582684   10365 ssh_runner.go:194] Run: docker ps -a --filter=name=k8s_etcd --format={{.ID}}
I0603 04:50:40.632405   10365 logs.go:281] 2 containers: [349258b6df58 21e19412e264]
I0603 04:50:40.632538   10365 ssh_runner.go:194] Run: docker ps -a --filter=name=k8s_coredns --format={{.ID}}
I0603 04:50:40.683069   10365 logs.go:281] 2 containers: [ac03be6e1600 cd9183ebaff4]
I0603 04:50:40.683176   10365 ssh_runner.go:194] Run: docker ps -a --filter=name=k8s_kube-scheduler --format={{.ID}}
I0603 04:50:40.734329   10365 logs.go:281] 2 containers: [a19d97dd9309 b898e357825c]
I0603 04:50:40.734397   10365 ssh_runner.go:194] Run: docker ps -a --filter=name=k8s_kube-proxy --format={{.ID}}
I0603 04:50:40.765590   10365 logs.go:281] 2 containers: [d57eab1ae12c 613db8e8654c]
I0603 04:50:40.765657   10365 ssh_runner.go:194] Run: docker ps -a --filter=name=k8s_kube-controller-manager --format={{.ID}}
I0603 04:50:40.794004   10365 logs.go:281] 2 containers: [142a54608b27 06814c3285c9]
I0603 04:50:40.794064   10365 ssh_runner.go:194] Run: docker ps -a --filter=name=k8s_kindnet --format={{.ID}}
I0603 04:50:40.816192   10365 logs.go:281] 0 containers: []
W0603 04:50:40.816203   10365 logs.go:283] No container was found matching "kindnet"
I0603 04:50:40.816250   10365 ssh_runner.go:194] Run: docker ps -a --filter=name=k8s_controller_ingress --format={{.ID}}
I0603 04:50:40.841480   10365 logs.go:281] 1 containers: [435dd4d847ee]
I0603 04:50:40.841540   10365 ssh_runner.go:194] Run: docker ps -a --filter=name=k8s_storage-provisioner --format={{.ID}}
I0603 04:50:40.865468   10365 logs.go:281] 2 containers: [4d2d81331688 bbe49a8a0f86]
I0603 04:50:40.865489   10365 logs.go:122] Gathering logs for container status ...
I0603 04:50:40.865496   10365 ssh_runner.go:194] Run: /bin/bash -c "sudo `which crictl || echo crictl` ps -a || sudo docker ps -a"
I0603 04:50:40.912698   10365 logs.go:122] Gathering logs for dmesg ...
I0603 04:50:40.912710   10365 ssh_runner.go:194] Run: /bin/bash -c "sudo dmesg -PH -L=never --level warn,err,crit,alert,emerg | tail -n 400"
I0603 04:50:40.925597   10365 logs.go:122] Gathering logs for kube-apiserver [85e4dc7631be] ...
I0603 04:50:40.925609   10365 ssh_runner.go:194] Run: /bin/bash -c "docker logs --tail 400 85e4dc7631be"
I0603 04:50:40.997573   10365 logs.go:122] Gathering logs for coredns [ac03be6e1600] ...
I0603 04:50:40.997589   10365 ssh_runner.go:194] Run: /bin/bash -c "docker logs --tail 400 ac03be6e1600"
I0603 04:50:41.031130   10365 logs.go:122] Gathering logs for coredns [cd9183ebaff4] ...
I0603 04:50:41.031146   10365 ssh_runner.go:194] Run: /bin/bash -c "docker logs --tail 400 cd9183ebaff4"
I0603 04:50:41.057906   10365 logs.go:122] Gathering logs for kube-controller-manager [142a54608b27] ...
I0603 04:50:41.057918   10365 ssh_runner.go:194] Run: /bin/bash -c "docker logs --tail 400 142a54608b27"
I0603 04:50:41.095678   10365 logs.go:122] Gathering logs for kube-controller-manager [06814c3285c9] ...
I0603 04:50:41.095689   10365 ssh_runner.go:194] Run: /bin/bash -c "docker logs --tail 400 06814c3285c9"
I0603 04:50:41.131246   10365 logs.go:122] Gathering logs for controller_ingress [435dd4d847ee] ...
I0603 04:50:41.131261   10365 ssh_runner.go:194] Run: /bin/bash -c "docker logs --tail 400 435dd4d847ee"
I0603 04:50:41.161069   10365 logs.go:122] Gathering logs for kube-scheduler [b898e357825c] ...
I0603 04:50:41.161082   10365 ssh_runner.go:194] Run: /bin/bash -c "docker logs --tail 400 b898e357825c"
I0603 04:50:41.193974   10365 logs.go:122] Gathering logs for kube-proxy [d57eab1ae12c] ...
I0603 04:50:41.193986   10365 ssh_runner.go:194] Run: /bin/bash -c "docker logs --tail 400 d57eab1ae12c"
I0603 04:50:41.220581   10365 logs.go:122] Gathering logs for storage-provisioner [4d2d81331688] ...
I0603 04:50:41.220597   10365 ssh_runner.go:194] Run: /bin/bash -c "docker logs --tail 400 4d2d81331688"
I0603 04:50:41.277786   10365 logs.go:122] Gathering logs for kubelet ...
I0603 04:50:41.277806   10365 ssh_runner.go:194] Run: /bin/bash -c "sudo journalctl -u kubelet -n 400"
I0603 04:50:41.334469   10365 logs.go:122] Gathering logs for etcd [21e19412e264] ...
I0603 04:50:41.334487   10365 ssh_runner.go:194] Run: /bin/bash -c "docker logs --tail 400 21e19412e264"
I0603 04:50:41.386816   10365 logs.go:122] Gathering logs for Docker ...
I0603 04:50:41.386838   10365 ssh_runner.go:194] Run: /bin/bash -c "sudo journalctl -u docker -u cri-docker -n 400"
I0603 04:50:41.422349   10365 logs.go:122] Gathering logs for describe nodes ...
I0603 04:50:41.422364   10365 ssh_runner.go:194] Run: /bin/bash -c "sudo /var/lib/minikube/binaries/v1.35.1/kubectl describe nodes --kubeconfig=/var/lib/minikube/kubeconfig"
W0603 04:50:41.543220   10365 logs.go:129] failed describe nodes: command: /bin/bash -c "sudo /var/lib/minikube/binaries/v1.35.1/kubectl describe nodes --kubeconfig=/var/lib/minikube/kubeconfig" /bin/bash -c "sudo /var/lib/minikube/binaries/v1.35.1/kubectl describe nodes --kubeconfig=/var/lib/minikube/kubeconfig": Process exited with status 1
stdout:

stderr:
E0603 01:50:41.534106    6586 memcache.go:265] "Unhandled Error" err="couldn't get current server API group list: Get \"https://localhost:8443/api?timeout=32s\": dial tcp [::1]:8443: connect: connection refused"
E0603 01:50:41.534723    6586 memcache.go:265] "Unhandled Error" err="couldn't get current server API group list: Get \"https://localhost:8443/api?timeout=32s\": dial tcp [::1]:8443: connect: connection refused"
E0603 01:50:41.536142    6586 memcache.go:265] "Unhandled Error" err="couldn't get current server API group list: Get \"https://localhost:8443/api?timeout=32s\": dial tcp [::1]:8443: connect: connection refused"
E0603 01:50:41.536930    6586 memcache.go:265] "Unhandled Error" err="couldn't get current server API group list: Get \"https://localhost:8443/api?timeout=32s\": dial tcp [::1]:8443: connect: connection refused"
E0603 01:50:41.538212    6586 memcache.go:265] "Unhandled Error" err="couldn't get current server API group list: Get \"https://localhost:8443/api?timeout=32s\": dial tcp [::1]:8443: connect: connection refused"
The connection to the server localhost:8443 was refused - did you specify the right host or port?
 output: 
** stderr ** 
E0603 01:50:41.534106    6586 memcache.go:265] "Unhandled Error" err="couldn't get current server API group list: Get \"https://localhost:8443/api?timeout=32s\": dial tcp [::1]:8443: connect: connection refused"
E0603 01:50:41.534723    6586 memcache.go:265] "Unhandled Error" err="couldn't get current server API group list: Get \"https://localhost:8443/api?timeout=32s\": dial tcp [::1]:8443: connect: connection refused"
E0603 01:50:41.536142    6586 memcache.go:265] "Unhandled Error" err="couldn't get current server API group list: Get \"https://localhost:8443/api?timeout=32s\": dial tcp [::1]:8443: connect: connection refused"
E0603 01:50:41.536930    6586 memcache.go:265] "Unhandled Error" err="couldn't get current server API group list: Get \"https://localhost:8443/api?timeout=32s\": dial tcp [::1]:8443: connect: connection refused"
E0603 01:50:41.538212    6586 memcache.go:265] "Unhandled Error" err="couldn't get current server API group list: Get \"https://localhost:8443/api?timeout=32s\": dial tcp [::1]:8443: connect: connection refused"
The connection to the server localhost:8443 was refused - did you specify the right host or port?

** /stderr **
I0603 04:50:41.543232   10365 logs.go:122] Gathering logs for kube-apiserver [42270be2365f] ...
I0603 04:50:41.543247   10365 ssh_runner.go:194] Run: /bin/bash -c "docker logs --tail 400 42270be2365f"
I0603 04:50:41.595016   10365 logs.go:122] Gathering logs for etcd [349258b6df58] ...
I0603 04:50:41.595031   10365 ssh_runner.go:194] Run: /bin/bash -c "docker logs --tail 400 349258b6df58"
I0603 04:50:41.679785   10365 logs.go:122] Gathering logs for kube-scheduler [a19d97dd9309] ...
I0603 04:50:41.679804   10365 ssh_runner.go:194] Run: /bin/bash -c "docker logs --tail 400 a19d97dd9309"
I0603 04:50:41.707250   10365 logs.go:122] Gathering logs for kube-proxy [613db8e8654c] ...
I0603 04:50:41.707303   10365 ssh_runner.go:194] Run: /bin/bash -c "docker logs --tail 400 613db8e8654c"
I0603 04:50:41.734647   10365 logs.go:122] Gathering logs for storage-provisioner [bbe49a8a0f86] ...
I0603 04:50:41.734661   10365 ssh_runner.go:194] Run: /bin/bash -c "docker logs --tail 400 bbe49a8a0f86"
I0603 04:50:42.152287   10365 ssh_runner.go:194] Run: sudo KUBECONFIG=/var/lib/minikube/kubeconfig /var/lib/minikube/binaries/v1.35.1/kubectl apply --force -f /etc/kubernetes/addons/ingress-deploy.yaml
W0603 04:50:42.246844   10365 addons.go:478] apply failed, will retry: sudo KUBECONFIG=/var/lib/minikube/kubeconfig /var/lib/minikube/binaries/v1.35.1/kubectl apply --force -f /etc/kubernetes/addons/ingress-deploy.yaml: Process exited with status 1
stdout:

stderr:
error: error validating "/etc/kubernetes/addons/ingress-deploy.yaml": error validating data: failed to download openapi: Get "https://localhost:8443/openapi/v2?timeout=32s": dial tcp [::1]:8443: connect: connection refused; if you choose to ignore these errors, turn validation off with --validate=false
I0603 04:50:42.246865   10365 addons.go:496] Verifying addon ingress=true in "minikube"
I0603 04:50:42.256074   10365 out.go:179] 🔎  Verifying ingress addon...
I0603 04:50:42.259887   10365 kapi.go:75] Waiting for pod with label "app.kubernetes.io/name=ingress-nginx" in ns "ingress-nginx" ...
I0603 04:50:44.275330   10365 ssh_runner.go:194] Run: sudo pgrep -xnf kube-apiserver.*minikube.*
I0603 04:50:44.321007   10365 ssh_runner.go:194] Run: docker ps -a --filter=name=k8s_kube-apiserver --format={{.ID}}
I0603 04:50:44.347378   10365 logs.go:281] 2 containers: [42270be2365f 85e4dc7631be]
I0603 04:50:44.347436   10365 ssh_runner.go:194] Run: docker ps -a --filter=name=k8s_etcd --format={{.ID}}
I0603 04:50:44.371784   10365 logs.go:281] 2 containers: [349258b6df58 21e19412e264]
I0603 04:50:44.371865   10365 ssh_runner.go:194] Run: docker ps -a --filter=name=k8s_coredns --format={{.ID}}
I0603 04:50:44.396608   10365 logs.go:281] 2 containers: [ac03be6e1600 cd9183ebaff4]
I0603 04:50:44.396676   10365 ssh_runner.go:194] Run: docker ps -a --filter=name=k8s_kube-scheduler --format={{.ID}}
I0603 04:50:44.420301   10365 logs.go:281] 2 containers: [a19d97dd9309 b898e357825c]
I0603 04:50:44.420384   10365 ssh_runner.go:194] Run: docker ps -a --filter=name=k8s_kube-proxy --format={{.ID}}
I0603 04:50:44.444656   10365 logs.go:281] 2 containers: [d57eab1ae12c 613db8e8654c]
I0603 04:50:44.444724   10365 ssh_runner.go:194] Run: docker ps -a --filter=name=k8s_kube-controller-manager --format={{.ID}}
I0603 04:50:44.472133   10365 logs.go:281] 2 containers: [142a54608b27 06814c3285c9]
I0603 04:50:44.472220   10365 ssh_runner.go:194] Run: docker ps -a --filter=name=k8s_kindnet --format={{.ID}}
I0603 04:50:44.501404   10365 logs.go:281] 0 containers: []
W0603 04:50:44.501421   10365 logs.go:283] No container was found matching "kindnet"
I0603 04:50:44.501498   10365 ssh_runner.go:194] Run: docker ps -a --filter=name=k8s_controller_ingress --format={{.ID}}
I0603 04:50:44.530117   10365 logs.go:281] 1 containers: [435dd4d847ee]
I0603 04:50:44.530182   10365 ssh_runner.go:194] Run: docker ps -a --filter=name=k8s_storage-provisioner --format={{.ID}}
I0603 04:50:44.553162   10365 logs.go:281] 2 containers: [4d2d81331688 bbe49a8a0f86]
I0603 04:50:44.553190   10365 logs.go:122] Gathering logs for kube-apiserver [85e4dc7631be] ...
I0603 04:50:44.553202   10365 ssh_runner.go:194] Run: /bin/bash -c "docker logs --tail 400 85e4dc7631be"
I0603 04:50:44.622621   10365 logs.go:122] Gathering logs for kube-proxy [613db8e8654c] ...
I0603 04:50:44.622636   10365 ssh_runner.go:194] Run: /bin/bash -c "docker logs --tail 400 613db8e8654c"
I0603 04:50:44.654145   10365 logs.go:122] Gathering logs for Docker ...
I0603 04:50:44.654156   10365 ssh_runner.go:194] Run: /bin/bash -c "sudo journalctl -u docker -u cri-docker -n 400"
I0603 04:50:44.681331   10365 logs.go:122] Gathering logs for kubelet ...
I0603 04:50:44.681345   10365 ssh_runner.go:194] Run: /bin/bash -c "sudo journalctl -u kubelet -n 400"
I0603 04:50:44.723192   10365 logs.go:122] Gathering logs for dmesg ...
I0603 04:50:44.723208   10365 ssh_runner.go:194] Run: /bin/bash -c "sudo dmesg -PH -L=never --level warn,err,crit,alert,emerg | tail -n 400"
I0603 04:50:44.736803   10365 logs.go:122] Gathering logs for coredns [ac03be6e1600] ...
I0603 04:50:44.736817   10365 ssh_runner.go:194] Run: /bin/bash -c "docker logs --tail 400 ac03be6e1600"
I0603 04:50:44.774376   10365 logs.go:122] Gathering logs for coredns [cd9183ebaff4] ...
I0603 04:50:44.774399   10365 ssh_runner.go:194] Run: /bin/bash -c "docker logs --tail 400 cd9183ebaff4"
I0603 04:50:44.804944   10365 logs.go:122] Gathering logs for kube-proxy [d57eab1ae12c] ...
I0603 04:50:44.804960   10365 ssh_runner.go:194] Run: /bin/bash -c "docker logs --tail 400 d57eab1ae12c"
I0603 04:50:44.832371   10365 logs.go:122] Gathering logs for kube-controller-manager [06814c3285c9] ...
I0603 04:50:44.832382   10365 ssh_runner.go:194] Run: /bin/bash -c "docker logs --tail 400 06814c3285c9"
I0603 04:50:44.868677   10365 logs.go:122] Gathering logs for container status ...
I0603 04:50:44.868690   10365 ssh_runner.go:194] Run: /bin/bash -c "sudo `which crictl || echo crictl` ps -a || sudo docker ps -a"
I0603 04:50:44.911183   10365 logs.go:122] Gathering logs for etcd [349258b6df58] ...
I0603 04:50:44.911199   10365 ssh_runner.go:194] Run: /bin/bash -c "docker logs --tail 400 349258b6df58"
I0603 04:50:44.994012   10365 logs.go:122] Gathering logs for etcd [21e19412e264] ...
I0603 04:50:44.994034   10365 ssh_runner.go:194] Run: /bin/bash -c "docker logs --tail 400 21e19412e264"
I0603 04:50:45.034157   10365 logs.go:122] Gathering logs for kube-scheduler [b898e357825c] ...
I0603 04:50:45.034171   10365 ssh_runner.go:194] Run: /bin/bash -c "docker logs --tail 400 b898e357825c"
I0603 04:50:45.067480   10365 logs.go:122] Gathering logs for kube-controller-manager [142a54608b27] ...
I0603 04:50:45.067491   10365 ssh_runner.go:194] Run: /bin/bash -c "docker logs --tail 400 142a54608b27"
I0603 04:50:45.103009   10365 logs.go:122] Gathering logs for storage-provisioner [4d2d81331688] ...
I0603 04:50:45.103022   10365 ssh_runner.go:194] Run: /bin/bash -c "docker logs --tail 400 4d2d81331688"
I0603 04:50:45.153507   10365 logs.go:122] Gathering logs for describe nodes ...
I0603 04:50:45.153538   10365 ssh_runner.go:194] Run: /bin/bash -c "sudo /var/lib/minikube/binaries/v1.35.1/kubectl describe nodes --kubeconfig=/var/lib/minikube/kubeconfig"
W0603 04:50:45.222432   10365 logs.go:129] failed describe nodes: command: /bin/bash -c "sudo /var/lib/minikube/binaries/v1.35.1/kubectl describe nodes --kubeconfig=/var/lib/minikube/kubeconfig" /bin/bash -c "sudo /var/lib/minikube/binaries/v1.35.1/kubectl describe nodes --kubeconfig=/var/lib/minikube/kubeconfig": Process exited with status 1
stdout:

stderr:
E0603 01:50:45.212167    6938 memcache.go:265] "Unhandled Error" err="couldn't get current server API group list: Get \"https://localhost:8443/api?timeout=32s\": dial tcp [::1]:8443: connect: connection refused"
E0603 01:50:45.213063    6938 memcache.go:265] "Unhandled Error" err="couldn't get current server API group list: Get \"https://localhost:8443/api?timeout=32s\": dial tcp [::1]:8443: connect: connection refused"
E0603 01:50:45.214042    6938 memcache.go:265] "Unhandled Error" err="couldn't get current server API group list: Get \"https://localhost:8443/api?timeout=32s\": dial tcp [::1]:8443: connect: connection refused"
E0603 01:50:45.214858    6938 memcache.go:265] "Unhandled Error" err="couldn't get current server API group list: Get \"https://localhost:8443/api?timeout=32s\": dial tcp [::1]:8443: connect: connection refused"
E0603 01:50:45.216881    6938 memcache.go:265] "Unhandled Error" err="couldn't get current server API group list: Get \"https://localhost:8443/api?timeout=32s\": dial tcp [::1]:8443: connect: connection refused"
The connection to the server localhost:8443 was refused - did you specify the right host or port?
 output: 
** stderr ** 
E0603 01:50:45.212167    6938 memcache.go:265] "Unhandled Error" err="couldn't get current server API group list: Get \"https://localhost:8443/api?timeout=32s\": dial tcp [::1]:8443: connect: connection refused"
E0603 01:50:45.213063    6938 memcache.go:265] "Unhandled Error" err="couldn't get current server API group list: Get \"https://localhost:8443/api?timeout=32s\": dial tcp [::1]:8443: connect: connection refused"
E0603 01:50:45.214042    6938 memcache.go:265] "Unhandled Error" err="couldn't get current server API group list: Get \"https://localhost:8443/api?timeout=32s\": dial tcp [::1]:8443: connect: connection refused"
E0603 01:50:45.214858    6938 memcache.go:265] "Unhandled Error" err="couldn't get current server API group list: Get \"https://localhost:8443/api?timeout=32s\": dial tcp [::1]:8443: connect: connection refused"
E0603 01:50:45.216881    6938 memcache.go:265] "Unhandled Error" err="couldn't get current server API group list: Get \"https://localhost:8443/api?timeout=32s\": dial tcp [::1]:8443: connect: connection refused"
The connection to the server localhost:8443 was refused - did you specify the right host or port?

** /stderr **
I0603 04:50:45.222449   10365 logs.go:122] Gathering logs for kube-scheduler [a19d97dd9309] ...
I0603 04:50:45.222466   10365 ssh_runner.go:194] Run: /bin/bash -c "docker logs --tail 400 a19d97dd9309"
I0603 04:50:45.254913   10365 logs.go:122] Gathering logs for controller_ingress [435dd4d847ee] ...
I0603 04:50:45.254936   10365 ssh_runner.go:194] Run: /bin/bash -c "docker logs --tail 400 435dd4d847ee"
I0603 04:50:45.287265   10365 logs.go:122] Gathering logs for storage-provisioner [bbe49a8a0f86] ...
I0603 04:50:45.287277   10365 ssh_runner.go:194] Run: /bin/bash -c "docker logs --tail 400 bbe49a8a0f86"
I0603 04:50:45.327487   10365 logs.go:122] Gathering logs for kube-apiserver [42270be2365f] ...
I0603 04:50:45.327502   10365 ssh_runner.go:194] Run: /bin/bash -c "docker logs --tail 400 42270be2365f"
I0603 04:50:47.876380   10365 ssh_runner.go:194] Run: sudo pgrep -xnf kube-apiserver.*minikube.*
I0603 04:50:47.909363   10365 ssh_runner.go:194] Run: docker ps -a --filter=name=k8s_kube-apiserver --format={{.ID}}
I0603 04:50:47.962134   10365 logs.go:281] 2 containers: [42270be2365f 85e4dc7631be]
I0603 04:50:47.962246   10365 ssh_runner.go:194] Run: docker ps -a --filter=name=k8s_etcd --format={{.ID}}
I0603 04:50:48.016970   10365 logs.go:281] 2 containers: [349258b6df58 21e19412e264]
I0603 04:50:48.017077   10365 ssh_runner.go:194] Run: docker ps -a --filter=name=k8s_coredns --format={{.ID}}
I0603 04:50:48.071051   10365 logs.go:281] 2 containers: [ac03be6e1600 cd9183ebaff4]
I0603 04:50:48.071159   10365 ssh_runner.go:194] Run: docker ps -a --filter=name=k8s_kube-scheduler --format={{.ID}}
I0603 04:50:48.129049   10365 logs.go:281] 2 containers: [a19d97dd9309 b898e357825c]
I0603 04:50:48.129210   10365 ssh_runner.go:194] Run: docker ps -a --filter=name=k8s_kube-proxy --format={{.ID}}
I0603 04:50:48.194124   10365 logs.go:281] 2 containers: [d57eab1ae12c 613db8e8654c]
I0603 04:50:48.194290   10365 ssh_runner.go:194] Run: docker ps -a --filter=name=k8s_kube-controller-manager --format={{.ID}}
I0603 04:50:48.262195   10365 logs.go:281] 2 containers: [142a54608b27 06814c3285c9]
I0603 04:50:48.262384   10365 ssh_runner.go:194] Run: docker ps -a --filter=name=k8s_kindnet --format={{.ID}}
I0603 04:50:48.325077   10365 logs.go:281] 0 containers: []
W0603 04:50:48.325110   10365 logs.go:283] No container was found matching "kindnet"
I0603 04:50:48.325286   10365 ssh_runner.go:194] Run: docker ps -a --filter=name=k8s_controller_ingress --format={{.ID}}
I0603 04:50:48.381491   10365 logs.go:281] 1 containers: [435dd4d847ee]
I0603 04:50:48.381613   10365 ssh_runner.go:194] Run: docker ps -a --filter=name=k8s_storage-provisioner --format={{.ID}}
I0603 04:50:48.441204   10365 logs.go:281] 2 containers: [4d2d81331688 bbe49a8a0f86]
I0603 04:50:48.441243   10365 logs.go:122] Gathering logs for coredns [ac03be6e1600] ...
I0603 04:50:48.441257   10365 ssh_runner.go:194] Run: /bin/bash -c "docker logs --tail 400 ac03be6e1600"
I0603 04:50:48.521867   10365 logs.go:122] Gathering logs for coredns [cd9183ebaff4] ...
I0603 04:50:48.521902   10365 ssh_runner.go:194] Run: /bin/bash -c "docker logs --tail 400 cd9183ebaff4"
I0603 04:50:48.585283   10365 logs.go:122] Gathering logs for kube-controller-manager [142a54608b27] ...
I0603 04:50:48.585305   10365 ssh_runner.go:194] Run: /bin/bash -c "docker logs --tail 400 142a54608b27"
I0603 04:50:48.665393   10365 logs.go:122] Gathering logs for controller_ingress [435dd4d847ee] ...
I0603 04:50:48.665422   10365 ssh_runner.go:194] Run: /bin/bash -c "docker logs --tail 400 435dd4d847ee"
I0603 04:50:48.750570   10365 logs.go:122] Gathering logs for kube-apiserver [42270be2365f] ...
I0603 04:50:48.750632   10365 ssh_runner.go:194] Run: /bin/bash -c "docker logs --tail 400 42270be2365f"
I0603 04:50:48.869752   10365 logs.go:122] Gathering logs for kube-apiserver [85e4dc7631be] ...
I0603 04:50:48.869776   10365 ssh_runner.go:194] Run: /bin/bash -c "docker logs --tail 400 85e4dc7631be"
I0603 04:50:49.029620   10365 logs.go:122] Gathering logs for kube-scheduler [a19d97dd9309] ...
I0603 04:50:49.029646   10365 ssh_runner.go:194] Run: /bin/bash -c "docker logs --tail 400 a19d97dd9309"
I0603 04:50:49.090181   10365 logs.go:122] Gathering logs for kube-proxy [613db8e8654c] ...
I0603 04:50:49.090205   10365 ssh_runner.go:194] Run: /bin/bash -c "docker logs --tail 400 613db8e8654c"
I0603 04:50:49.150494   10365 logs.go:122] Gathering logs for storage-provisioner [4d2d81331688] ...
I0603 04:50:49.150516   10365 ssh_runner.go:194] Run: /bin/bash -c "docker logs --tail 400 4d2d81331688"
I0603 04:50:49.262391   10365 logs.go:122] Gathering logs for storage-provisioner [bbe49a8a0f86] ...
I0603 04:50:49.262433   10365 ssh_runner.go:194] Run: /bin/bash -c "docker logs --tail 400 bbe49a8a0f86"
I0603 04:50:49.357633   10365 logs.go:122] Gathering logs for container status ...
I0603 04:50:49.357659   10365 ssh_runner.go:194] Run: /bin/bash -c "sudo `which crictl || echo crictl` ps -a || sudo docker ps -a"
I0603 04:50:49.460514   10365 logs.go:122] Gathering logs for kubelet ...
I0603 04:50:49.460543   10365 ssh_runner.go:194] Run: /bin/bash -c "sudo journalctl -u kubelet -n 400"
I0603 04:50:49.569490   10365 logs.go:122] Gathering logs for etcd [21e19412e264] ...
I0603 04:50:49.569518   10365 ssh_runner.go:194] Run: /bin/bash -c "docker logs --tail 400 21e19412e264"
I0603 04:50:51.404203   10365 logs.go:122] Gathering logs for kube-scheduler [b898e357825c] ...
I0603 04:50:51.404229   10365 ssh_runner.go:194] Run: /bin/bash -c "docker logs --tail 400 b898e357825c"
I0603 04:50:51.488528   10365 logs.go:122] Gathering logs for kube-proxy [d57eab1ae12c] ...
I0603 04:50:51.488558   10365 ssh_runner.go:194] Run: /bin/bash -c "docker logs --tail 400 d57eab1ae12c"
I0603 04:50:51.562894   10365 logs.go:122] Gathering logs for dmesg ...
I0603 04:50:51.562914   10365 ssh_runner.go:194] Run: /bin/bash -c "sudo dmesg -PH -L=never --level warn,err,crit,alert,emerg | tail -n 400"
I0603 04:50:51.594016   10365 logs.go:122] Gathering logs for describe nodes ...
I0603 04:50:51.594038   10365 ssh_runner.go:194] Run: /bin/bash -c "sudo /var/lib/minikube/binaries/v1.35.1/kubectl describe nodes --kubeconfig=/var/lib/minikube/kubeconfig"
W0603 04:50:51.737573   10365 logs.go:129] failed describe nodes: command: /bin/bash -c "sudo /var/lib/minikube/binaries/v1.35.1/kubectl describe nodes --kubeconfig=/var/lib/minikube/kubeconfig" /bin/bash -c "sudo /var/lib/minikube/binaries/v1.35.1/kubectl describe nodes --kubeconfig=/var/lib/minikube/kubeconfig": Process exited with status 1
stdout:

stderr:
E0603 01:50:51.722237    7306 memcache.go:265] "Unhandled Error" err="couldn't get current server API group list: Get \"https://localhost:8443/api?timeout=32s\": dial tcp [::1]:8443: connect: connection refused"
E0603 01:50:51.723406    7306 memcache.go:265] "Unhandled Error" err="couldn't get current server API group list: Get \"https://localhost:8443/api?timeout=32s\": dial tcp [::1]:8443: connect: connection refused"
E0603 01:50:51.724705    7306 memcache.go:265] "Unhandled Error" err="couldn't get current server API group list: Get \"https://localhost:8443/api?timeout=32s\": dial tcp [::1]:8443: connect: connection refused"
E0603 01:50:51.726213    7306 memcache.go:265] "Unhandled Error" err="couldn't get current server API group list: Get \"https://localhost:8443/api?timeout=32s\": dial tcp [::1]:8443: connect: connection refused"
E0603 01:50:51.728078    7306 memcache.go:265] "Unhandled Error" err="couldn't get current server API group list: Get \"https://localhost:8443/api?timeout=32s\": dial tcp [::1]:8443: connect: connection refused"
The connection to the server localhost:8443 was refused - did you specify the right host or port?
 output: 
** stderr ** 
E0603 01:50:51.722237    7306 memcache.go:265] "Unhandled Error" err="couldn't get current server API group list: Get \"https://localhost:8443/api?timeout=32s\": dial tcp [::1]:8443: connect: connection refused"
E0603 01:50:51.723406    7306 memcache.go:265] "Unhandled Error" err="couldn't get current server API group list: Get \"https://localhost:8443/api?timeout=32s\": dial tcp [::1]:8443: connect: connection refused"
E0603 01:50:51.724705    7306 memcache.go:265] "Unhandled Error" err="couldn't get current server API group list: Get \"https://localhost:8443/api?timeout=32s\": dial tcp [::1]:8443: connect: connection refused"
E0603 01:50:51.726213    7306 memcache.go:265] "Unhandled Error" err="couldn't get current server API group list: Get \"https://localhost:8443/api?timeout=32s\": dial tcp [::1]:8443: connect: connection refused"
E0603 01:50:51.728078    7306 memcache.go:265] "Unhandled Error" err="couldn't get current server API group list: Get \"https://localhost:8443/api?timeout=32s\": dial tcp [::1]:8443: connect: connection refused"
The connection to the server localhost:8443 was refused - did you specify the right host or port?

** /stderr **
I0603 04:50:51.737586   10365 logs.go:122] Gathering logs for etcd [349258b6df58] ...
I0603 04:50:51.737601   10365 ssh_runner.go:194] Run: /bin/bash -c "docker logs --tail 400 349258b6df58"
I0603 04:50:51.929576   10365 logs.go:122] Gathering logs for kube-controller-manager [06814c3285c9] ...
I0603 04:50:51.929602   10365 ssh_runner.go:194] Run: /bin/bash -c "docker logs --tail 400 06814c3285c9"
I0603 04:50:52.010732   10365 logs.go:122] Gathering logs for Docker ...
I0603 04:50:52.010757   10365 ssh_runner.go:194] Run: /bin/bash -c "sudo journalctl -u docker -u cri-docker -n 400"
I0603 04:50:53.402331   10365 ssh_runner.go:194] Run: sudo KUBECONFIG=/var/lib/minikube/kubeconfig /var/lib/minikube/binaries/v1.35.1/kubectl apply --force -f /etc/kubernetes/addons/storageclass.yaml
W0603 04:50:53.539692   10365 addons.go:478] apply failed, will retry: sudo KUBECONFIG=/var/lib/minikube/kubeconfig /var/lib/minikube/binaries/v1.35.1/kubectl apply --force -f /etc/kubernetes/addons/storageclass.yaml: Process exited with status 1
stdout:

stderr:
error: error validating "/etc/kubernetes/addons/storageclass.yaml": error validating data: failed to download openapi: Get "https://localhost:8443/openapi/v2?timeout=32s": dial tcp [::1]:8443: connect: connection refused; if you choose to ignore these errors, turn validation off with --validate=false
W0603 04:50:53.539899   10365 out.go:285] ❗  Enabling 'default-storageclass' returned an error: running callbacks: [sudo KUBECONFIG=/var/lib/minikube/kubeconfig /var/lib/minikube/binaries/v1.35.1/kubectl apply --force -f /etc/kubernetes/addons/storageclass.yaml: Process exited with status 1
stdout:

stderr:
error: error validating "/etc/kubernetes/addons/storageclass.yaml": error validating data: failed to download openapi: Get "https://localhost:8443/openapi/v2?timeout=32s": dial tcp [::1]:8443: connect: connection refused; if you choose to ignore these errors, turn validation off with --validate=false
]
I0603 04:50:54.032810   10365 kapi.go:81] temporary error: getting Pods with label selector "app.kubernetes.io/name=ingress-nginx" : [Get "https://127.0.0.1:32771/api/v1/namespaces/ingress-nginx/pods?labelSelector=app.kubernetes.io%2Fname%3Dingress-nginx": read tcp 127.0.0.1:49730->127.0.0.1:32771: read: connection reset by peer - error from a previous attempt: read tcp 127.0.0.1:49718->127.0.0.1:32771: read: connection reset by peer]
I0603 04:50:54.587233   10365 ssh_runner.go:194] Run: sudo pgrep -xnf kube-apiserver.*minikube.*
I0603 04:50:54.623306   10365 ssh_runner.go:194] Run: docker ps -a --filter=name=k8s_kube-apiserver --format={{.ID}}
I0603 04:50:54.672842   10365 logs.go:281] 2 containers: [42270be2365f 85e4dc7631be]
I0603 04:50:54.672959   10365 ssh_runner.go:194] Run: docker ps -a --filter=name=k8s_etcd --format={{.ID}}
I0603 04:50:54.725602   10365 logs.go:281] 2 containers: [349258b6df58 21e19412e264]
I0603 04:50:54.725700   10365 ssh_runner.go:194] Run: docker ps -a --filter=name=k8s_coredns --format={{.ID}}
I0603 04:50:54.782685   10365 logs.go:281] 2 containers: [ac03be6e1600 cd9183ebaff4]
I0603 04:50:54.782837   10365 ssh_runner.go:194] Run: docker ps -a --filter=name=k8s_kube-scheduler --format={{.ID}}
I0603 04:50:54.841214   10365 logs.go:281] 2 containers: [a19d97dd9309 b898e357825c]
I0603 04:50:54.841372   10365 ssh_runner.go:194] Run: docker ps -a --filter=name=k8s_kube-proxy --format={{.ID}}
I0603 04:50:54.902836   10365 logs.go:281] 2 containers: [d57eab1ae12c 613db8e8654c]
I0603 04:50:54.902967   10365 ssh_runner.go:194] Run: docker ps -a --filter=name=k8s_kube-controller-manager --format={{.ID}}
I0603 04:50:54.957432   10365 logs.go:281] 2 containers: [142a54608b27 06814c3285c9]
I0603 04:50:54.957552   10365 ssh_runner.go:194] Run: docker ps -a --filter=name=k8s_kindnet --format={{.ID}}
I0603 04:50:55.010924   10365 logs.go:281] 0 containers: []
W0603 04:50:55.010947   10365 logs.go:283] No container was found matching "kindnet"
I0603 04:50:55.011035   10365 ssh_runner.go:194] Run: docker ps -a --filter=name=k8s_controller_ingress --format={{.ID}}
I0603 04:50:55.064604   10365 logs.go:281] 1 containers: [435dd4d847ee]
I0603 04:50:55.064715   10365 ssh_runner.go:194] Run: docker ps -a --filter=name=k8s_storage-provisioner --format={{.ID}}
I0603 04:50:55.121229   10365 logs.go:281] 2 containers: [4d2d81331688 bbe49a8a0f86]
I0603 04:50:55.121255   10365 logs.go:122] Gathering logs for kube-controller-manager [142a54608b27] ...
I0603 04:50:55.121267   10365 ssh_runner.go:194] Run: /bin/bash -c "docker logs --tail 400 142a54608b27"
I0603 04:50:55.200612   10365 logs.go:122] Gathering logs for dmesg ...
I0603 04:50:55.200635   10365 ssh_runner.go:194] Run: /bin/bash -c "sudo dmesg -PH -L=never --level warn,err,crit,alert,emerg | tail -n 400"
I0603 04:50:55.230970   10365 logs.go:122] Gathering logs for kube-apiserver [42270be2365f] ...
I0603 04:50:55.230993   10365 ssh_runner.go:194] Run: /bin/bash -c "docker logs --tail 400 42270be2365f"
I0603 04:50:55.340191   10365 logs.go:122] Gathering logs for coredns [ac03be6e1600] ...
I0603 04:50:55.340216   10365 ssh_runner.go:194] Run: /bin/bash -c "docker logs --tail 400 ac03be6e1600"
I0603 04:50:55.410714   10365 logs.go:122] Gathering logs for etcd [21e19412e264] ...
I0603 04:50:55.410736   10365 ssh_runner.go:194] Run: /bin/bash -c "docker logs --tail 400 21e19412e264"
I0603 04:50:55.495278   10365 logs.go:122] Gathering logs for kube-proxy [d57eab1ae12c] ...
I0603 04:50:55.495303   10365 ssh_runner.go:194] Run: /bin/bash -c "docker logs --tail 400 d57eab1ae12c"
I0603 04:50:55.551496   10365 logs.go:122] Gathering logs for kube-controller-manager [06814c3285c9] ...
I0603 04:50:55.551520   10365 ssh_runner.go:194] Run: /bin/bash -c "docker logs --tail 400 06814c3285c9"
I0603 04:50:55.626372   10365 logs.go:122] Gathering logs for Docker ...
I0603 04:50:55.626398   10365 ssh_runner.go:194] Run: /bin/bash -c "sudo journalctl -u docker -u cri-docker -n 400"
I0603 04:50:55.684504   10365 logs.go:122] Gathering logs for kube-proxy [613db8e8654c] ...
I0603 04:50:55.684528   10365 ssh_runner.go:194] Run: /bin/bash -c "docker logs --tail 400 613db8e8654c"
I0603 04:50:55.741839   10365 logs.go:122] Gathering logs for describe nodes ...
I0603 04:50:55.741860   10365 ssh_runner.go:194] Run: /bin/bash -c "sudo /var/lib/minikube/binaries/v1.35.1/kubectl describe nodes --kubeconfig=/var/lib/minikube/kubeconfig"
W0603 04:50:55.876028   10365 logs.go:129] failed describe nodes: command: /bin/bash -c "sudo /var/lib/minikube/binaries/v1.35.1/kubectl describe nodes --kubeconfig=/var/lib/minikube/kubeconfig" /bin/bash -c "sudo /var/lib/minikube/binaries/v1.35.1/kubectl describe nodes --kubeconfig=/var/lib/minikube/kubeconfig": Process exited with status 1
stdout:

stderr:
E0603 01:50:55.861262    7563 memcache.go:265] "Unhandled Error" err="couldn't get current server API group list: Get \"https://localhost:8443/api?timeout=32s\": dial tcp [::1]:8443: connect: connection refused"
E0603 01:50:55.862850    7563 memcache.go:265] "Unhandled Error" err="couldn't get current server API group list: Get \"https://localhost:8443/api?timeout=32s\": dial tcp [::1]:8443: connect: connection refused"
E0603 01:50:55.864564    7563 memcache.go:265] "Unhandled Error" err="couldn't get current server API group list: Get \"https://localhost:8443/api?timeout=32s\": dial tcp [::1]:8443: connect: connection refused"
E0603 01:50:55.866019    7563 memcache.go:265] "Unhandled Error" err="couldn't get current server API group list: Get \"https://localhost:8443/api?timeout=32s\": dial tcp [::1]:8443: connect: connection refused"
E0603 01:50:55.867284    7563 memcache.go:265] "Unhandled Error" err="couldn't get current server API group list: Get \"https://localhost:8443/api?timeout=32s\": dial tcp [::1]:8443: connect: connection refused"
The connection to the server localhost:8443 was refused - did you specify the right host or port?
 output: 
** stderr ** 
E0603 01:50:55.861262    7563 memcache.go:265] "Unhandled Error" err="couldn't get current server API group list: Get \"https://localhost:8443/api?timeout=32s\": dial tcp [::1]:8443: connect: connection refused"
E0603 01:50:55.862850    7563 memcache.go:265] "Unhandled Error" err="couldn't get current server API group list: Get \"https://localhost:8443/api?timeout=32s\": dial tcp [::1]:8443: connect: connection refused"
E0603 01:50:55.864564    7563 memcache.go:265] "Unhandled Error" err="couldn't get current server API group list: Get \"https://localhost:8443/api?timeout=32s\": dial tcp [::1]:8443: connect: connection refused"
E0603 01:50:55.866019    7563 memcache.go:265] "Unhandled Error" err="couldn't get current server API group list: Get \"https://localhost:8443/api?timeout=32s\": dial tcp [::1]:8443: connect: connection refused"
E0603 01:50:55.867284    7563 memcache.go:265] "Unhandled Error" err="couldn't get current server API group list: Get \"https://localhost:8443/api?timeout=32s\": dial tcp [::1]:8443: connect: connection refused"
The connection to the server localhost:8443 was refused - did you specify the right host or port?

** /stderr **
I0603 04:50:55.876050   10365 logs.go:122] Gathering logs for kube-apiserver [85e4dc7631be] ...
I0603 04:50:55.876072   10365 ssh_runner.go:194] Run: /bin/bash -c "docker logs --tail 400 85e4dc7631be"
I0603 04:50:56.024587   10365 logs.go:122] Gathering logs for etcd [349258b6df58] ...
I0603 04:50:56.024617   10365 ssh_runner.go:194] Run: /bin/bash -c "docker logs --tail 400 349258b6df58"
I0603 04:50:56.249991   10365 logs.go:122] Gathering logs for coredns [cd9183ebaff4] ...
I0603 04:50:56.250015   10365 ssh_runner.go:194] Run: /bin/bash -c "docker logs --tail 400 cd9183ebaff4"
I0603 04:50:56.325258   10365 logs.go:122] Gathering logs for kube-scheduler [a19d97dd9309] ...
I0603 04:50:56.325278   10365 ssh_runner.go:194] Run: /bin/bash -c "docker logs --tail 400 a19d97dd9309"
I0603 04:50:56.414255   10365 logs.go:122] Gathering logs for storage-provisioner [4d2d81331688] ...
I0603 04:50:56.414276   10365 ssh_runner.go:194] Run: /bin/bash -c "docker logs --tail 400 4d2d81331688"
I0603 04:50:56.524047   10365 logs.go:122] Gathering logs for storage-provisioner [bbe49a8a0f86] ...
I0603 04:50:56.524072   10365 ssh_runner.go:194] Run: /bin/bash -c "docker logs --tail 400 bbe49a8a0f86"
I0603 04:50:56.608715   10365 logs.go:122] Gathering logs for kubelet ...
I0603 04:50:56.608742   10365 ssh_runner.go:194] Run: /bin/bash -c "sudo journalctl -u kubelet -n 400"
I0603 04:50:56.699714   10365 logs.go:122] Gathering logs for kube-scheduler [b898e357825c] ...
I0603 04:50:56.699740   10365 ssh_runner.go:194] Run: /bin/bash -c "docker logs --tail 400 b898e357825c"
I0603 04:50:56.769330   10365 logs.go:122] Gathering logs for controller_ingress [435dd4d847ee] ...
I0603 04:50:56.769351   10365 ssh_runner.go:194] Run: /bin/bash -c "docker logs --tail 400 435dd4d847ee"
I0603 04:50:56.829763   10365 logs.go:122] Gathering logs for container status ...
I0603 04:50:56.829783   10365 ssh_runner.go:194] Run: /bin/bash -c "sudo `which crictl || echo crictl` ps -a || sudo docker ps -a"
I0603 04:50:59.421238   10365 ssh_runner.go:194] Run: sudo pgrep -xnf kube-apiserver.*minikube.*
I0603 04:50:59.438990   10365 ssh_runner.go:194] Run: docker ps -a --filter=name=k8s_kube-apiserver --format={{.ID}}
I0603 04:50:59.463546   10365 logs.go:281] 2 containers: [42270be2365f 85e4dc7631be]
I0603 04:50:59.463612   10365 ssh_runner.go:194] Run: docker ps -a --filter=name=k8s_etcd --format={{.ID}}
I0603 04:50:59.487124   10365 logs.go:281] 2 containers: [349258b6df58 21e19412e264]
I0603 04:50:59.487191   10365 ssh_runner.go:194] Run: docker ps -a --filter=name=k8s_coredns --format={{.ID}}
I0603 04:50:59.511429   10365 logs.go:281] 2 containers: [ac03be6e1600 cd9183ebaff4]
I0603 04:50:59.511534   10365 ssh_runner.go:194] Run: docker ps -a --filter=name=k8s_kube-scheduler --format={{.ID}}
I0603 04:50:59.534513   10365 logs.go:281] 2 containers: [a19d97dd9309 b898e357825c]
I0603 04:50:59.534585   10365 ssh_runner.go:194] Run: docker ps -a --filter=name=k8s_kube-proxy --format={{.ID}}
I0603 04:50:59.559686   10365 logs.go:281] 2 containers: [d57eab1ae12c 613db8e8654c]
I0603 04:50:59.559797   10365 ssh_runner.go:194] Run: docker ps -a --filter=name=k8s_kube-controller-manager --format={{.ID}}
I0603 04:50:59.583165   10365 logs.go:281] 2 containers: [142a54608b27 06814c3285c9]
I0603 04:50:59.583242   10365 ssh_runner.go:194] Run: docker ps -a --filter=name=k8s_kindnet --format={{.ID}}
I0603 04:50:59.606514   10365 logs.go:281] 0 containers: []
W0603 04:50:59.606527   10365 logs.go:283] No container was found matching "kindnet"
I0603 04:50:59.606579   10365 ssh_runner.go:194] Run: docker ps -a --filter=name=k8s_controller_ingress --format={{.ID}}
I0603 04:50:59.630140   10365 logs.go:281] 1 containers: [435dd4d847ee]
I0603 04:50:59.630207   10365 ssh_runner.go:194] Run: docker ps -a --filter=name=k8s_storage-provisioner --format={{.ID}}
I0603 04:50:59.655709   10365 logs.go:281] 2 containers: [4d2d81331688 bbe49a8a0f86]
I0603 04:50:59.655729   10365 logs.go:122] Gathering logs for etcd [21e19412e264] ...
I0603 04:50:59.655736   10365 ssh_runner.go:194] Run: /bin/bash -c "docker logs --tail 400 21e19412e264"
I0603 04:50:59.697289   10365 logs.go:122] Gathering logs for coredns [ac03be6e1600] ...
I0603 04:50:59.697305   10365 ssh_runner.go:194] Run: /bin/bash -c "docker logs --tail 400 ac03be6e1600"
I0603 04:50:59.733628   10365 logs.go:122] Gathering logs for kube-proxy [d57eab1ae12c] ...
I0603 04:50:59.733650   10365 ssh_runner.go:194] Run: /bin/bash -c "docker logs --tail 400 d57eab1ae12c"
I0603 04:50:59.761619   10365 logs.go:122] Gathering logs for kubelet ...
I0603 04:50:59.761635   10365 ssh_runner.go:194] Run: /bin/bash -c "sudo journalctl -u kubelet -n 400"
I0603 04:50:59.805171   10365 logs.go:122] Gathering logs for describe nodes ...
I0603 04:50:59.805187   10365 ssh_runner.go:194] Run: /bin/bash -c "sudo /var/lib/minikube/binaries/v1.35.1/kubectl describe nodes --kubeconfig=/var/lib/minikube/kubeconfig"
W0603 04:50:59.873716   10365 logs.go:129] failed describe nodes: command: /bin/bash -c "sudo /var/lib/minikube/binaries/v1.35.1/kubectl describe nodes --kubeconfig=/var/lib/minikube/kubeconfig" /bin/bash -c "sudo /var/lib/minikube/binaries/v1.35.1/kubectl describe nodes --kubeconfig=/var/lib/minikube/kubeconfig": Process exited with status 1
stdout:

stderr:
E0603 01:50:59.863195    7842 memcache.go:265] "Unhandled Error" err="couldn't get current server API group list: Get \"https://localhost:8443/api?timeout=32s\": dial tcp [::1]:8443: connect: connection refused"
E0603 01:50:59.863997    7842 memcache.go:265] "Unhandled Error" err="couldn't get current server API group list: Get \"https://localhost:8443/api?timeout=32s\": dial tcp [::1]:8443: connect: connection refused"
E0603 01:50:59.866619    7842 memcache.go:265] "Unhandled Error" err="couldn't get current server API group list: Get \"https://localhost:8443/api?timeout=32s\": dial tcp [::1]:8443: connect: connection refused"
E0603 01:50:59.867194    7842 memcache.go:265] "Unhandled Error" err="couldn't get current server API group list: Get \"https://localhost:8443/api?timeout=32s\": dial tcp [::1]:8443: connect: connection refused"
E0603 01:50:59.869595    7842 memcache.go:265] "Unhandled Error" err="couldn't get current server API group list: Get \"https://localhost:8443/api?timeout=32s\": dial tcp [::1]:8443: connect: connection refused"
The connection to the server localhost:8443 was refused - did you specify the right host or port?
 output: 
** stderr ** 
E0603 01:50:59.863195    7842 memcache.go:265] "Unhandled Error" err="couldn't get current server API group list: Get \"https://localhost:8443/api?timeout=32s\": dial tcp [::1]:8443: connect: connection refused"
E0603 01:50:59.863997    7842 memcache.go:265] "Unhandled Error" err="couldn't get current server API group list: Get \"https://localhost:8443/api?timeout=32s\": dial tcp [::1]:8443: connect: connection refused"
E0603 01:50:59.866619    7842 memcache.go:265] "Unhandled Error" err="couldn't get current server API group list: Get \"https://localhost:8443/api?timeout=32s\": dial tcp [::1]:8443: connect: connection refused"
E0603 01:50:59.867194    7842 memcache.go:265] "Unhandled Error" err="couldn't get current server API group list: Get \"https://localhost:8443/api?timeout=32s\": dial tcp [::1]:8443: connect: connection refused"
E0603 01:50:59.869595    7842 memcache.go:265] "Unhandled Error" err="couldn't get current server API group list: Get \"https://localhost:8443/api?timeout=32s\": dial tcp [::1]:8443: connect: connection refused"
The connection to the server localhost:8443 was refused - did you specify the right host or port?

** /stderr **
I0603 04:50:59.873725   10365 logs.go:122] Gathering logs for kube-apiserver [42270be2365f] ...
I0603 04:50:59.873732   10365 ssh_runner.go:194] Run: /bin/bash -c "docker logs --tail 400 42270be2365f"
I0603 04:50:59.922682   10365 logs.go:122] Gathering logs for kube-scheduler [b898e357825c] ...
I0603 04:50:59.922703   10365 ssh_runner.go:194] Run: /bin/bash -c "docker logs --tail 400 b898e357825c"
I0603 04:50:59.976614   10365 logs.go:122] Gathering logs for kube-proxy [613db8e8654c] ...
I0603 04:50:59.976635   10365 ssh_runner.go:194] Run: /bin/bash -c "docker logs --tail 400 613db8e8654c"
I0603 04:51:00.017975   10365 logs.go:122] Gathering logs for controller_ingress [435dd4d847ee] ...
I0603 04:51:00.017989   10365 ssh_runner.go:194] Run: /bin/bash -c "docker logs --tail 400 435dd4d847ee"
I0603 04:51:00.056921   10365 logs.go:122] Gathering logs for container status ...
I0603 04:51:00.056934   10365 ssh_runner.go:194] Run: /bin/bash -c "sudo `which crictl || echo crictl` ps -a || sudo docker ps -a"
I0603 04:51:00.103577   10365 logs.go:122] Gathering logs for kube-apiserver [85e4dc7631be] ...
I0603 04:51:00.103591   10365 ssh_runner.go:194] Run: /bin/bash -c "docker logs --tail 400 85e4dc7631be"
I0603 04:51:00.181009   10365 logs.go:122] Gathering logs for coredns [cd9183ebaff4] ...
I0603 04:51:00.181028   10365 ssh_runner.go:194] Run: /bin/bash -c "docker logs --tail 400 cd9183ebaff4"
I0603 04:51:00.207951   10365 logs.go:122] Gathering logs for kube-scheduler [a19d97dd9309] ...
I0603 04:51:00.207965   10365 ssh_runner.go:194] Run: /bin/bash -c "docker logs --tail 400 a19d97dd9309"
I0603 04:51:00.235339   10365 logs.go:122] Gathering logs for kube-controller-manager [142a54608b27] ...
I0603 04:51:00.235352   10365 ssh_runner.go:194] Run: /bin/bash -c "docker logs --tail 400 142a54608b27"
I0603 04:51:00.268802   10365 logs.go:122] Gathering logs for storage-provisioner [4d2d81331688] ...
I0603 04:51:00.268818   10365 ssh_runner.go:194] Run: /bin/bash -c "docker logs --tail 400 4d2d81331688"
I0603 04:51:00.315638   10365 logs.go:122] Gathering logs for storage-provisioner [bbe49a8a0f86] ...
I0603 04:51:00.315665   10365 ssh_runner.go:194] Run: /bin/bash -c "docker logs --tail 400 bbe49a8a0f86"
I0603 04:51:00.356477   10365 logs.go:122] Gathering logs for Docker ...
I0603 04:51:00.356489   10365 ssh_runner.go:194] Run: /bin/bash -c "sudo journalctl -u docker -u cri-docker -n 400"
I0603 04:51:00.383086   10365 logs.go:122] Gathering logs for dmesg ...
I0603 04:51:00.383098   10365 ssh_runner.go:194] Run: /bin/bash -c "sudo dmesg -PH -L=never --level warn,err,crit,alert,emerg | tail -n 400"
I0603 04:51:00.396265   10365 logs.go:122] Gathering logs for etcd [349258b6df58] ...
I0603 04:51:00.396277   10365 ssh_runner.go:194] Run: /bin/bash -c "docker logs --tail 400 349258b6df58"
I0603 04:51:00.475935   10365 logs.go:122] Gathering logs for kube-controller-manager [06814c3285c9] ...
I0603 04:51:00.475953   10365 ssh_runner.go:194] Run: /bin/bash -c "docker logs --tail 400 06814c3285c9"
I0603 04:51:03.013653   10365 ssh_runner.go:194] Run: sudo pgrep -xnf kube-apiserver.*minikube.*
I0603 04:51:03.027596   10365 ssh_runner.go:194] Run: docker ps -a --filter=name=k8s_kube-apiserver --format={{.ID}}
I0603 04:51:03.052275   10365 logs.go:281] 2 containers: [42270be2365f 85e4dc7631be]
I0603 04:51:03.052331   10365 ssh_runner.go:194] Run: docker ps -a --filter=name=k8s_etcd --format={{.ID}}
I0603 04:51:03.075643   10365 logs.go:281] 2 containers: [349258b6df58 21e19412e264]
I0603 04:51:03.075707   10365 ssh_runner.go:194] Run: docker ps -a --filter=name=k8s_coredns --format={{.ID}}
I0603 04:51:03.098987   10365 logs.go:281] 2 containers: [ac03be6e1600 cd9183ebaff4]
I0603 04:51:03.099065   10365 ssh_runner.go:194] Run: docker ps -a --filter=name=k8s_kube-scheduler --format={{.ID}}
I0603 04:51:03.123128   10365 logs.go:281] 2 containers: [a19d97dd9309 b898e357825c]
I0603 04:51:03.123194   10365 ssh_runner.go:194] Run: docker ps -a --filter=name=k8s_kube-proxy --format={{.ID}}
I0603 04:51:03.146882   10365 logs.go:281] 2 containers: [d57eab1ae12c 613db8e8654c]
I0603 04:51:03.146942   10365 ssh_runner.go:194] Run: docker ps -a --filter=name=k8s_kube-controller-manager --format={{.ID}}
I0603 04:51:03.170904   10365 logs.go:281] 2 containers: [142a54608b27 06814c3285c9]
I0603 04:51:03.170979   10365 ssh_runner.go:194] Run: docker ps -a --filter=name=k8s_kindnet --format={{.ID}}
I0603 04:51:03.194221   10365 logs.go:281] 0 containers: []
W0603 04:51:03.194231   10365 logs.go:283] No container was found matching "kindnet"
I0603 04:51:03.194278   10365 ssh_runner.go:194] Run: docker ps -a --filter=name=k8s_controller_ingress --format={{.ID}}
I0603 04:51:03.218018   10365 logs.go:281] 1 containers: [435dd4d847ee]
I0603 04:51:03.218074   10365 ssh_runner.go:194] Run: docker ps -a --filter=name=k8s_storage-provisioner --format={{.ID}}
I0603 04:51:03.241435   10365 logs.go:281] 2 containers: [4d2d81331688 bbe49a8a0f86]
I0603 04:51:03.241451   10365 logs.go:122] Gathering logs for coredns [ac03be6e1600] ...
I0603 04:51:03.241457   10365 ssh_runner.go:194] Run: /bin/bash -c "docker logs --tail 400 ac03be6e1600"
I0603 04:51:03.274036   10365 logs.go:122] Gathering logs for container status ...
I0603 04:51:03.274050   10365 ssh_runner.go:194] Run: /bin/bash -c "sudo `which crictl || echo crictl` ps -a || sudo docker ps -a"
I0603 04:51:03.317759   10365 logs.go:122] Gathering logs for dmesg ...
I0603 04:51:03.317778   10365 ssh_runner.go:194] Run: /bin/bash -c "sudo dmesg -PH -L=never --level warn,err,crit,alert,emerg | tail -n 400"
I0603 04:51:03.334775   10365 logs.go:122] Gathering logs for kube-scheduler [a19d97dd9309] ...
I0603 04:51:03.334794   10365 ssh_runner.go:194] Run: /bin/bash -c "docker logs --tail 400 a19d97dd9309"
I0603 04:51:03.361517   10365 logs.go:122] Gathering logs for kube-proxy [613db8e8654c] ...
I0603 04:51:03.361530   10365 ssh_runner.go:194] Run: /bin/bash -c "docker logs --tail 400 613db8e8654c"
I0603 04:51:03.388190   10365 logs.go:122] Gathering logs for storage-provisioner [bbe49a8a0f86] ...
I0603 04:51:03.388204   10365 ssh_runner.go:194] Run: /bin/bash -c "docker logs --tail 400 bbe49a8a0f86"
I0603 04:51:03.428841   10365 logs.go:122] Gathering logs for etcd [21e19412e264] ...
I0603 04:51:03.428857   10365 ssh_runner.go:194] Run: /bin/bash -c "docker logs --tail 400 21e19412e264"
I0603 04:51:03.468780   10365 logs.go:122] Gathering logs for coredns [cd9183ebaff4] ...
I0603 04:51:03.468794   10365 ssh_runner.go:194] Run: /bin/bash -c "docker logs --tail 400 cd9183ebaff4"
I0603 04:51:03.496770   10365 logs.go:122] Gathering logs for kube-scheduler [b898e357825c] ...
I0603 04:51:03.496783   10365 ssh_runner.go:194] Run: /bin/bash -c "docker logs --tail 400 b898e357825c"
I0603 04:51:03.532378   10365 logs.go:122] Gathering logs for kube-proxy [d57eab1ae12c] ...
I0603 04:51:03.532389   10365 ssh_runner.go:194] Run: /bin/bash -c "docker logs --tail 400 d57eab1ae12c"
I0603 04:51:03.559540   10365 logs.go:122] Gathering logs for kube-controller-manager [142a54608b27] ...
I0603 04:51:03.559551   10365 ssh_runner.go:194] Run: /bin/bash -c "docker logs --tail 400 142a54608b27"
I0603 04:51:03.596371   10365 logs.go:122] Gathering logs for controller_ingress [435dd4d847ee] ...
I0603 04:51:03.596385   10365 ssh_runner.go:194] Run: /bin/bash -c "docker logs --tail 400 435dd4d847ee"
I0603 04:51:03.625930   10365 logs.go:122] Gathering logs for kubelet ...
I0603 04:51:03.625942   10365 ssh_runner.go:194] Run: /bin/bash -c "sudo journalctl -u kubelet -n 400"
I0603 04:51:03.667372   10365 logs.go:122] Gathering logs for kube-apiserver [42270be2365f] ...
I0603 04:51:03.667389   10365 ssh_runner.go:194] Run: /bin/bash -c "docker logs --tail 400 42270be2365f"
I0603 04:51:03.732746   10365 logs.go:122] Gathering logs for kube-apiserver [85e4dc7631be] ...
I0603 04:51:03.732782   10365 ssh_runner.go:194] Run: /bin/bash -c "docker logs --tail 400 85e4dc7631be"
I0603 04:51:03.812676   10365 logs.go:122] Gathering logs for etcd [349258b6df58] ...
I0603 04:51:03.812696   10365 ssh_runner.go:194] Run: /bin/bash -c "docker logs --tail 400 349258b6df58"
I0603 04:51:03.897742   10365 logs.go:122] Gathering logs for kube-controller-manager [06814c3285c9] ...
I0603 04:51:03.897758   10365 ssh_runner.go:194] Run: /bin/bash -c "docker logs --tail 400 06814c3285c9"
I0603 04:51:03.933400   10365 logs.go:122] Gathering logs for storage-provisioner [4d2d81331688] ...
I0603 04:51:03.933413   10365 ssh_runner.go:194] Run: /bin/bash -c "docker logs --tail 400 4d2d81331688"
I0603 04:51:03.977484   10365 logs.go:122] Gathering logs for Docker ...
I0603 04:51:03.977499   10365 ssh_runner.go:194] Run: /bin/bash -c "sudo journalctl -u docker -u cri-docker -n 400"
I0603 04:51:04.004815   10365 logs.go:122] Gathering logs for describe nodes ...
I0603 04:51:04.004830   10365 ssh_runner.go:194] Run: /bin/bash -c "sudo /var/lib/minikube/binaries/v1.35.1/kubectl describe nodes --kubeconfig=/var/lib/minikube/kubeconfig"
I0603 04:51:04.054853   10365 kapi.go:81] temporary error: getting Pods with label selector "app.kubernetes.io/name=ingress-nginx" : [Get "https://127.0.0.1:32771/api/v1/namespaces/ingress-nginx/pods?labelSelector=app.kubernetes.io%2Fname%3Dingress-nginx": read tcp 127.0.0.1:33902->127.0.0.1:32771: read: connection reset by peer - error from a previous attempt: read tcp 127.0.0.1:33888->127.0.0.1:32771: read: connection reset by peer]
W0603 04:51:04.069558   10365 logs.go:129] failed describe nodes: command: /bin/bash -c "sudo /var/lib/minikube/binaries/v1.35.1/kubectl describe nodes --kubeconfig=/var/lib/minikube/kubeconfig" /bin/bash -c "sudo /var/lib/minikube/binaries/v1.35.1/kubectl describe nodes --kubeconfig=/var/lib/minikube/kubeconfig": Process exited with status 1
stdout:

stderr:
E0603 01:51:04.059422    8333 memcache.go:265] "Unhandled Error" err="couldn't get current server API group list: Get \"https://localhost:8443/api?timeout=32s\": dial tcp [::1]:8443: connect: connection refused"
E0603 01:51:04.060336    8333 memcache.go:265] "Unhandled Error" err="couldn't get current server API group list: Get \"https://localhost:8443/api?timeout=32s\": dial tcp [::1]:8443: connect: connection refused"
E0603 01:51:04.062826    8333 memcache.go:265] "Unhandled Error" err="couldn't get current server API group list: Get \"https://localhost:8443/api?timeout=32s\": dial tcp [::1]:8443: connect: connection refused"
E0603 01:51:04.063587    8333 memcache.go:265] "Unhandled Error" err="couldn't get current server API group list: Get \"https://localhost:8443/api?timeout=32s\": dial tcp [::1]:8443: connect: connection refused"
E0603 01:51:04.065423    8333 memcache.go:265] "Unhandled Error" err="couldn't get current server API group list: Get \"https://localhost:8443/api?timeout=32s\": dial tcp [::1]:8443: connect: connection refused"
The connection to the server localhost:8443 was refused - did you specify the right host or port?
 output: 
** stderr ** 
E0603 01:51:04.059422    8333 memcache.go:265] "Unhandled Error" err="couldn't get current server API group list: Get \"https://localhost:8443/api?timeout=32s\": dial tcp [::1]:8443: connect: connection refused"
E0603 01:51:04.060336    8333 memcache.go:265] "Unhandled Error" err="couldn't get current server API group list: Get \"https://localhost:8443/api?timeout=32s\": dial tcp [::1]:8443: connect: connection refused"
E0603 01:51:04.062826    8333 memcache.go:265] "Unhandled Error" err="couldn't get current server API group list: Get \"https://localhost:8443/api?timeout=32s\": dial tcp [::1]:8443: connect: connection refused"
E0603 01:51:04.063587    8333 memcache.go:265] "Unhandled Error" err="couldn't get current server API group list: Get \"https://localhost:8443/api?timeout=32s\": dial tcp [::1]:8443: connect: connection refused"
E0603 01:51:04.065423    8333 memcache.go:265] "Unhandled Error" err="couldn't get current server API group list: Get \"https://localhost:8443/api?timeout=32s\": dial tcp [::1]:8443: connect: connection refused"
The connection to the server localhost:8443 was refused - did you specify the right host or port?

** /stderr **
I0603 04:51:06.569862   10365 ssh_runner.go:194] Run: sudo pgrep -xnf kube-apiserver.*minikube.*
I0603 04:51:06.597874   10365 ssh_runner.go:194] Run: docker ps -a --filter=name=k8s_kube-apiserver --format={{.ID}}
I0603 04:51:06.644558   10365 logs.go:281] 2 containers: [42270be2365f 85e4dc7631be]
I0603 04:51:06.644663   10365 ssh_runner.go:194] Run: docker ps -a --filter=name=k8s_etcd --format={{.ID}}
I0603 04:51:06.691644   10365 logs.go:281] 2 containers: [349258b6df58 21e19412e264]
I0603 04:51:06.691794   10365 ssh_runner.go:194] Run: docker ps -a --filter=name=k8s_coredns --format={{.ID}}
I0603 04:51:06.738370   10365 logs.go:281] 2 containers: [ac03be6e1600 cd9183ebaff4]
I0603 04:51:06.738474   10365 ssh_runner.go:194] Run: docker ps -a --filter=name=k8s_kube-scheduler --format={{.ID}}
I0603 04:51:06.785907   10365 logs.go:281] 2 containers: [a19d97dd9309 b898e357825c]
I0603 04:51:06.786025   10365 ssh_runner.go:194] Run: docker ps -a --filter=name=k8s_kube-proxy --format={{.ID}}
I0603 04:51:06.832311   10365 logs.go:281] 2 containers: [d57eab1ae12c 613db8e8654c]
I0603 04:51:06.832413   10365 ssh_runner.go:194] Run: docker ps -a --filter=name=k8s_kube-controller-manager --format={{.ID}}
I0603 04:51:06.880153   10365 logs.go:281] 2 containers: [142a54608b27 06814c3285c9]
I0603 04:51:06.880265   10365 ssh_runner.go:194] Run: docker ps -a --filter=name=k8s_kindnet --format={{.ID}}
I0603 04:51:06.924689   10365 logs.go:281] 0 containers: []
W0603 04:51:06.924706   10365 logs.go:283] No container was found matching "kindnet"
I0603 04:51:06.924789   10365 ssh_runner.go:194] Run: docker ps -a --filter=name=k8s_controller_ingress --format={{.ID}}
I0603 04:51:06.973745   10365 logs.go:281] 1 containers: [435dd4d847ee]
I0603 04:51:06.973844   10365 ssh_runner.go:194] Run: docker ps -a --filter=name=k8s_storage-provisioner --format={{.ID}}
I0603 04:51:07.021171   10365 logs.go:281] 2 containers: [4d2d81331688 bbe49a8a0f86]
I0603 04:51:07.021196   10365 logs.go:122] Gathering logs for storage-provisioner [4d2d81331688] ...
I0603 04:51:07.021208   10365 ssh_runner.go:194] Run: /bin/bash -c "docker logs --tail 400 4d2d81331688"
I0603 04:51:07.115512   10365 logs.go:122] Gathering logs for storage-provisioner [bbe49a8a0f86] ...
I0603 04:51:07.115534   10365 ssh_runner.go:194] Run: /bin/bash -c "docker logs --tail 400 bbe49a8a0f86"
I0603 04:51:07.199290   10365 logs.go:122] Gathering logs for coredns [ac03be6e1600] ...
I0603 04:51:07.199314   10365 ssh_runner.go:194] Run: /bin/bash -c "docker logs --tail 400 ac03be6e1600"
I0603 04:51:07.270329   10365 logs.go:122] Gathering logs for Docker ...
I0603 04:51:07.270351   10365 ssh_runner.go:194] Run: /bin/bash -c "sudo journalctl -u docker -u cri-docker -n 400"
I0603 04:51:07.344157   10365 logs.go:122] Gathering logs for kube-proxy [d57eab1ae12c] ...
I0603 04:51:07.344181   10365 ssh_runner.go:194] Run: /bin/bash -c "docker logs --tail 400 d57eab1ae12c"
I0603 04:51:07.410146   10365 logs.go:122] Gathering logs for kube-controller-manager [142a54608b27] ...
I0603 04:51:07.410173   10365 ssh_runner.go:194] Run: /bin/bash -c "docker logs --tail 400 142a54608b27"
I0603 04:51:07.502942   10365 logs.go:122] Gathering logs for kubelet ...
I0603 04:51:07.502975   10365 ssh_runner.go:194] Run: /bin/bash -c "sudo journalctl -u kubelet -n 400"
I0603 04:51:07.597349   10365 logs.go:122] Gathering logs for dmesg ...
I0603 04:51:07.597377   10365 ssh_runner.go:194] Run: /bin/bash -c "sudo dmesg -PH -L=never --level warn,err,crit,alert,emerg | tail -n 400"
I0603 04:51:07.625478   10365 logs.go:122] Gathering logs for describe nodes ...
I0603 04:51:07.625497   10365 ssh_runner.go:194] Run: /bin/bash -c "sudo /var/lib/minikube/binaries/v1.35.1/kubectl describe nodes --kubeconfig=/var/lib/minikube/kubeconfig"
W0603 04:51:07.748979   10365 logs.go:129] failed describe nodes: command: /bin/bash -c "sudo /var/lib/minikube/binaries/v1.35.1/kubectl describe nodes --kubeconfig=/var/lib/minikube/kubeconfig" /bin/bash -c "sudo /var/lib/minikube/binaries/v1.35.1/kubectl describe nodes --kubeconfig=/var/lib/minikube/kubeconfig": Process exited with status 1
stdout:

stderr:
E0603 01:51:07.735014    8539 memcache.go:265] "Unhandled Error" err="couldn't get current server API group list: Get \"https://localhost:8443/api?timeout=32s\": dial tcp [::1]:8443: connect: connection refused"
E0603 01:51:07.736583    8539 memcache.go:265] "Unhandled Error" err="couldn't get current server API group list: Get \"https://localhost:8443/api?timeout=32s\": dial tcp [::1]:8443: connect: connection refused"
E0603 01:51:07.738046    8539 memcache.go:265] "Unhandled Error" err="couldn't get current server API group list: Get \"https://localhost:8443/api?timeout=32s\": dial tcp [::1]:8443: connect: connection refused"
E0603 01:51:07.739129    8539 memcache.go:265] "Unhandled Error" err="couldn't get current server API group list: Get \"https://localhost:8443/api?timeout=32s\": dial tcp [::1]:8443: connect: connection refused"
E0603 01:51:07.740684    8539 memcache.go:265] "Unhandled Error" err="couldn't get current server API group list: Get \"https://localhost:8443/api?timeout=32s\": dial tcp [::1]:8443: connect: connection refused"
The connection to the server localhost:8443 was refused - did you specify the right host or port?
 output: 
** stderr ** 
E0603 01:51:07.735014    8539 memcache.go:265] "Unhandled Error" err="couldn't get current server API group list: Get \"https://localhost:8443/api?timeout=32s\": dial tcp [::1]:8443: connect: connection refused"
E0603 01:51:07.736583    8539 memcache.go:265] "Unhandled Error" err="couldn't get current server API group list: Get \"https://localhost:8443/api?timeout=32s\": dial tcp [::1]:8443: connect: connection refused"
E0603 01:51:07.738046    8539 memcache.go:265] "Unhandled Error" err="couldn't get current server API group list: Get \"https://localhost:8443/api?timeout=32s\": dial tcp [::1]:8443: connect: connection refused"
E0603 01:51:07.739129    8539 memcache.go:265] "Unhandled Error" err="couldn't get current server API group list: Get \"https://localhost:8443/api?timeout=32s\": dial tcp [::1]:8443: connect: connection refused"
E0603 01:51:07.740684    8539 memcache.go:265] "Unhandled Error" err="couldn't get current server API group list: Get \"https://localhost:8443/api?timeout=32s\": dial tcp [::1]:8443: connect: connection refused"
The connection to the server localhost:8443 was refused - did you specify the right host or port?

** /stderr **
I0603 04:51:07.748991   10365 logs.go:122] Gathering logs for kube-apiserver [42270be2365f] ...
I0603 04:51:07.749005   10365 ssh_runner.go:194] Run: /bin/bash -c "docker logs --tail 400 42270be2365f"
I0603 04:51:07.844306   10365 logs.go:122] Gathering logs for etcd [349258b6df58] ...
I0603 04:51:07.844328   10365 ssh_runner.go:194] Run: /bin/bash -c "docker logs --tail 400 349258b6df58"
I0603 04:51:08.018432   10365 logs.go:122] Gathering logs for coredns [cd9183ebaff4] ...
I0603 04:51:08.018455   10365 ssh_runner.go:194] Run: /bin/bash -c "docker logs --tail 400 cd9183ebaff4"
I0603 04:51:08.079251   10365 logs.go:122] Gathering logs for kube-scheduler [a19d97dd9309] ...
I0603 04:51:08.079284   10365 ssh_runner.go:194] Run: /bin/bash -c "docker logs --tail 400 a19d97dd9309"
I0603 04:51:08.134968   10365 logs.go:122] Gathering logs for kube-proxy [613db8e8654c] ...
I0603 04:51:08.135021   10365 ssh_runner.go:194] Run: /bin/bash -c "docker logs --tail 400 613db8e8654c"
I0603 04:51:08.188917   10365 logs.go:122] Gathering logs for controller_ingress [435dd4d847ee] ...
I0603 04:51:08.188942   10365 ssh_runner.go:194] Run: /bin/bash -c "docker logs --tail 400 435dd4d847ee"
I0603 04:51:08.269136   10365 logs.go:122] Gathering logs for container status ...
I0603 04:51:08.269162   10365 ssh_runner.go:194] Run: /bin/bash -c "sudo `which crictl || echo crictl` ps -a || sudo docker ps -a"
I0603 04:51:08.405360   10365 logs.go:122] Gathering logs for kube-scheduler [b898e357825c] ...
I0603 04:51:08.405383   10365 ssh_runner.go:194] Run: /bin/bash -c "docker logs --tail 400 b898e357825c"
I0603 04:51:08.490268   10365 logs.go:122] Gathering logs for kube-apiserver [85e4dc7631be] ...
I0603 04:51:08.490296   10365 ssh_runner.go:194] Run: /bin/bash -c "docker logs --tail 400 85e4dc7631be"
I0603 04:51:08.689541   10365 logs.go:122] Gathering logs for etcd [21e19412e264] ...
I0603 04:51:08.689572   10365 ssh_runner.go:194] Run: /bin/bash -c "docker logs --tail 400 21e19412e264"
I0603 04:51:08.773063   10365 logs.go:122] Gathering logs for kube-controller-manager [06814c3285c9] ...
I0603 04:51:08.773097   10365 ssh_runner.go:194] Run: /bin/bash -c "docker logs --tail 400 06814c3285c9"
I0603 04:51:11.348002   10365 ssh_runner.go:194] Run: sudo pgrep -xnf kube-apiserver.*minikube.*
I0603 04:51:11.386565   10365 ssh_runner.go:194] Run: docker ps -a --filter=name=k8s_kube-apiserver --format={{.ID}}
I0603 04:51:11.441790   10365 logs.go:281] 2 containers: [42270be2365f 85e4dc7631be]
I0603 04:51:11.441915   10365 ssh_runner.go:194] Run: docker ps -a --filter=name=k8s_etcd --format={{.ID}}
I0603 04:51:11.492134   10365 logs.go:281] 2 containers: [349258b6df58 21e19412e264]
I0603 04:51:11.492261   10365 ssh_runner.go:194] Run: docker ps -a --filter=name=k8s_coredns --format={{.ID}}
I0603 04:51:11.538105   10365 logs.go:281] 2 containers: [ac03be6e1600 cd9183ebaff4]
I0603 04:51:11.538203   10365 ssh_runner.go:194] Run: docker ps -a --filter=name=k8s_kube-scheduler --format={{.ID}}
I0603 04:51:11.585160   10365 logs.go:281] 2 containers: [a19d97dd9309 b898e357825c]
I0603 04:51:11.585270   10365 ssh_runner.go:194] Run: docker ps -a --filter=name=k8s_kube-proxy --format={{.ID}}
I0603 04:51:11.632509   10365 logs.go:281] 2 containers: [d57eab1ae12c 613db8e8654c]
I0603 04:51:11.632606   10365 ssh_runner.go:194] Run: docker ps -a --filter=name=k8s_kube-controller-manager --format={{.ID}}
I0603 04:51:11.680155   10365 logs.go:281] 2 containers: [142a54608b27 06814c3285c9]
I0603 04:51:11.680253   10365 ssh_runner.go:194] Run: docker ps -a --filter=name=k8s_kindnet --format={{.ID}}
I0603 04:51:11.725490   10365 logs.go:281] 0 containers: []
W0603 04:51:11.725508   10365 logs.go:283] No container was found matching "kindnet"
I0603 04:51:11.725626   10365 ssh_runner.go:194] Run: docker ps -a --filter=name=k8s_controller_ingress --format={{.ID}}
I0603 04:51:11.772482   10365 logs.go:281] 1 containers: [435dd4d847ee]
I0603 04:51:11.772576   10365 ssh_runner.go:194] Run: docker ps -a --filter=name=k8s_storage-provisioner --format={{.ID}}
I0603 04:51:11.819326   10365 logs.go:281] 2 containers: [4d2d81331688 bbe49a8a0f86]
I0603 04:51:11.819354   10365 logs.go:122] Gathering logs for dmesg ...
I0603 04:51:11.819365   10365 ssh_runner.go:194] Run: /bin/bash -c "sudo dmesg -PH -L=never --level warn,err,crit,alert,emerg | tail -n 400"
I0603 04:51:11.847391   10365 logs.go:122] Gathering logs for etcd [349258b6df58] ...
I0603 04:51:11.847411   10365 ssh_runner.go:194] Run: /bin/bash -c "docker logs --tail 400 349258b6df58"
I0603 04:51:12.021825   10365 logs.go:122] Gathering logs for kube-controller-manager [06814c3285c9] ...
I0603 04:51:12.021850   10365 ssh_runner.go:194] Run: /bin/bash -c "docker logs --tail 400 06814c3285c9"
I0603 04:51:12.096622   10365 logs.go:122] Gathering logs for controller_ingress [435dd4d847ee] ...
I0603 04:51:12.096645   10365 ssh_runner.go:194] Run: /bin/bash -c "docker logs --tail 400 435dd4d847ee"
I0603 04:51:12.152912   10365 logs.go:122] Gathering logs for Docker ...
I0603 04:51:12.152929   10365 ssh_runner.go:194] Run: /bin/bash -c "sudo journalctl -u docker -u cri-docker -n 400"
I0603 04:51:12.217832   10365 logs.go:122] Gathering logs for kube-proxy [613db8e8654c] ...
I0603 04:51:12.217861   10365 ssh_runner.go:194] Run: /bin/bash -c "docker logs --tail 400 613db8e8654c"
I0603 04:51:12.306386   10365 logs.go:122] Gathering logs for describe nodes ...
I0603 04:51:12.306419   10365 ssh_runner.go:194] Run: /bin/bash -c "sudo /var/lib/minikube/binaries/v1.35.1/kubectl describe nodes --kubeconfig=/var/lib/minikube/kubeconfig"
W0603 04:51:12.451904   10365 logs.go:129] failed describe nodes: command: /bin/bash -c "sudo /var/lib/minikube/binaries/v1.35.1/kubectl describe nodes --kubeconfig=/var/lib/minikube/kubeconfig" /bin/bash -c "sudo /var/lib/minikube/binaries/v1.35.1/kubectl describe nodes --kubeconfig=/var/lib/minikube/kubeconfig": Process exited with status 1
stdout:

stderr:
E0603 01:51:12.438446    8864 memcache.go:265] "Unhandled Error" err="couldn't get current server API group list: Get \"https://localhost:8443/api?timeout=32s\": dial tcp [::1]:8443: connect: connection refused"
E0603 01:51:12.439784    8864 memcache.go:265] "Unhandled Error" err="couldn't get current server API group list: Get \"https://localhost:8443/api?timeout=32s\": dial tcp [::1]:8443: connect: connection refused"
E0603 01:51:12.441044    8864 memcache.go:265] "Unhandled Error" err="couldn't get current server API group list: Get \"https://localhost:8443/api?timeout=32s\": dial tcp [::1]:8443: connect: connection refused"
E0603 01:51:12.442173    8864 memcache.go:265] "Unhandled Error" err="couldn't get current server API group list: Get \"https://localhost:8443/api?timeout=32s\": dial tcp [::1]:8443: connect: connection refused"
E0603 01:51:12.443437    8864 memcache.go:265] "Unhandled Error" err="couldn't get current server API group list: Get \"https://localhost:8443/api?timeout=32s\": dial tcp [::1]:8443: connect: connection refused"
The connection to the server localhost:8443 was refused - did you specify the right host or port?
 output: 
** stderr ** 
E0603 01:51:12.438446    8864 memcache.go:265] "Unhandled Error" err="couldn't get current server API group list: Get \"https://localhost:8443/api?timeout=32s\": dial tcp [::1]:8443: connect: connection refused"
E0603 01:51:12.439784    8864 memcache.go:265] "Unhandled Error" err="couldn't get current server API group list: Get \"https://localhost:8443/api?timeout=32s\": dial tcp [::1]:8443: connect: connection refused"
E0603 01:51:12.441044    8864 memcache.go:265] "Unhandled Error" err="couldn't get current server API group list: Get \"https://localhost:8443/api?timeout=32s\": dial tcp [::1]:8443: connect: connection refused"
E0603 01:51:12.442173    8864 memcache.go:265] "Unhandled Error" err="couldn't get current server API group list: Get \"https://localhost:8443/api?timeout=32s\": dial tcp [::1]:8443: connect: connection refused"
E0603 01:51:12.443437    8864 memcache.go:265] "Unhandled Error" err="couldn't get current server API group list: Get \"https://localhost:8443/api?timeout=32s\": dial tcp [::1]:8443: connect: connection refused"
The connection to the server localhost:8443 was refused - did you specify the right host or port?

** /stderr **
I0603 04:51:12.451924   10365 logs.go:122] Gathering logs for kube-apiserver [42270be2365f] ...
I0603 04:51:12.451940   10365 ssh_runner.go:194] Run: /bin/bash -c "docker logs --tail 400 42270be2365f"
I0603 04:51:12.554636   10365 logs.go:122] Gathering logs for kube-apiserver [85e4dc7631be] ...
I0603 04:51:12.554666   10365 ssh_runner.go:194] Run: /bin/bash -c "docker logs --tail 400 85e4dc7631be"
I0603 04:51:12.723575   10365 logs.go:122] Gathering logs for etcd [21e19412e264] ...
I0603 04:51:12.723616   10365 ssh_runner.go:194] Run: /bin/bash -c "docker logs --tail 400 21e19412e264"
I0603 04:51:12.819792   10365 logs.go:122] Gathering logs for coredns [ac03be6e1600] ...
I0603 04:51:12.819816   10365 ssh_runner.go:194] Run: /bin/bash -c "docker logs --tail 400 ac03be6e1600"
I0603 04:51:12.888934   10365 logs.go:122] Gathering logs for kube-proxy [d57eab1ae12c] ...
I0603 04:51:12.888956   10365 ssh_runner.go:194] Run: /bin/bash -c "docker logs --tail 400 d57eab1ae12c"
I0603 04:51:12.943516   10365 logs.go:122] Gathering logs for storage-provisioner [bbe49a8a0f86] ...
I0603 04:51:12.943537   10365 ssh_runner.go:194] Run: /bin/bash -c "docker logs --tail 400 bbe49a8a0f86"
I0603 04:51:13.028174   10365 logs.go:122] Gathering logs for kubelet ...
I0603 04:51:13.028198   10365 ssh_runner.go:194] Run: /bin/bash -c "sudo journalctl -u kubelet -n 400"
I0603 04:51:13.134972   10365 logs.go:122] Gathering logs for kube-scheduler [a19d97dd9309] ...
I0603 04:51:13.134994   10365 ssh_runner.go:194] Run: /bin/bash -c "docker logs --tail 400 a19d97dd9309"
I0603 04:51:13.203955   10365 logs.go:122] Gathering logs for storage-provisioner [4d2d81331688] ...
I0603 04:51:13.203983   10365 ssh_runner.go:194] Run: /bin/bash -c "docker logs --tail 400 4d2d81331688"
I0603 04:51:13.318850   10365 logs.go:122] Gathering logs for container status ...
I0603 04:51:13.318874   10365 ssh_runner.go:194] Run: /bin/bash -c "sudo `which crictl || echo crictl` ps -a || sudo docker ps -a"
I0603 04:51:13.431929   10365 logs.go:122] Gathering logs for kube-controller-manager [142a54608b27] ...
I0603 04:51:13.431955   10365 ssh_runner.go:194] Run: /bin/bash -c "docker logs --tail 400 142a54608b27"
I0603 04:51:13.506418   10365 logs.go:122] Gathering logs for coredns [cd9183ebaff4] ...
I0603 04:51:13.506442   10365 ssh_runner.go:194] Run: /bin/bash -c "docker logs --tail 400 cd9183ebaff4"
I0603 04:51:13.564999   10365 logs.go:122] Gathering logs for kube-scheduler [b898e357825c] ...
I0603 04:51:13.565020   10365 ssh_runner.go:194] Run: /bin/bash -c "docker logs --tail 400 b898e357825c"
I0603 04:51:14.080942   10365 kapi.go:81] temporary error: getting Pods with label selector "app.kubernetes.io/name=ingress-nginx" : [Get "https://127.0.0.1:32771/api/v1/namespaces/ingress-nginx/pods?labelSelector=app.kubernetes.io%2Fname%3Dingress-nginx": EOF]
I0603 04:51:16.136008   10365 ssh_runner.go:194] Run: sudo pgrep -xnf kube-apiserver.*minikube.*
I0603 04:51:16.150196   10365 ssh_runner.go:194] Run: docker ps -a --filter=name=k8s_kube-apiserver --format={{.ID}}
I0603 04:51:16.174350   10365 logs.go:281] 2 containers: [42270be2365f 85e4dc7631be]
I0603 04:51:16.174433   10365 ssh_runner.go:194] Run: docker ps -a --filter=name=k8s_etcd --format={{.ID}}
I0603 04:51:16.202808   10365 logs.go:281] 2 containers: [349258b6df58 21e19412e264]
I0603 04:51:16.202868   10365 ssh_runner.go:194] Run: docker ps -a --filter=name=k8s_coredns --format={{.ID}}
I0603 04:51:16.229369   10365 logs.go:281] 2 containers: [ac03be6e1600 cd9183ebaff4]
I0603 04:51:16.229438   10365 ssh_runner.go:194] Run: docker ps -a --filter=name=k8s_kube-scheduler --format={{.ID}}
I0603 04:51:16.259170   10365 logs.go:281] 2 containers: [a19d97dd9309 b898e357825c]
I0603 04:51:16.259224   10365 ssh_runner.go:194] Run: docker ps -a --filter=name=k8s_kube-proxy --format={{.ID}}
I0603 04:51:16.282118   10365 logs.go:281] 2 containers: [d57eab1ae12c 613db8e8654c]
I0603 04:51:16.282174   10365 ssh_runner.go:194] Run: docker ps -a --filter=name=k8s_kube-controller-manager --format={{.ID}}
I0603 04:51:16.305612   10365 logs.go:281] 2 containers: [142a54608b27 06814c3285c9]
I0603 04:51:16.305703   10365 ssh_runner.go:194] Run: docker ps -a --filter=name=k8s_kindnet --format={{.ID}}
I0603 04:51:16.328662   10365 logs.go:281] 0 containers: []
W0603 04:51:16.328674   10365 logs.go:283] No container was found matching "kindnet"
I0603 04:51:16.328744   10365 ssh_runner.go:194] Run: docker ps -a --filter=name=k8s_controller_ingress --format={{.ID}}
I0603 04:51:16.353350   10365 logs.go:281] 1 containers: [435dd4d847ee]
I0603 04:51:16.353420   10365 ssh_runner.go:194] Run: docker ps -a --filter=name=k8s_storage-provisioner --format={{.ID}}
I0603 04:51:16.376341   10365 logs.go:281] 2 containers: [4d2d81331688 bbe49a8a0f86]
I0603 04:51:16.376360   10365 logs.go:122] Gathering logs for kube-scheduler [a19d97dd9309] ...
I0603 04:51:16.376367   10365 ssh_runner.go:194] Run: /bin/bash -c "docker logs --tail 400 a19d97dd9309"
I0603 04:51:16.402140   10365 logs.go:122] Gathering logs for kube-scheduler [b898e357825c] ...
I0603 04:51:16.402153   10365 ssh_runner.go:194] Run: /bin/bash -c "docker logs --tail 400 b898e357825c"
I0603 04:51:16.434618   10365 logs.go:122] Gathering logs for kube-proxy [613db8e8654c] ...
I0603 04:51:16.434633   10365 ssh_runner.go:194] Run: /bin/bash -c "docker logs --tail 400 613db8e8654c"
I0603 04:51:16.460689   10365 logs.go:122] Gathering logs for describe nodes ...
I0603 04:51:16.460700   10365 ssh_runner.go:194] Run: /bin/bash -c "sudo /var/lib/minikube/binaries/v1.35.1/kubectl describe nodes --kubeconfig=/var/lib/minikube/kubeconfig"
W0603 04:51:16.524222   10365 logs.go:129] failed describe nodes: command: /bin/bash -c "sudo /var/lib/minikube/binaries/v1.35.1/kubectl describe nodes --kubeconfig=/var/lib/minikube/kubeconfig" /bin/bash -c "sudo /var/lib/minikube/binaries/v1.35.1/kubectl describe nodes --kubeconfig=/var/lib/minikube/kubeconfig": Process exited with status 1
stdout:

stderr:
E0603 01:51:16.514404    9183 memcache.go:265] "Unhandled Error" err="couldn't get current server API group list: Get \"https://localhost:8443/api?timeout=32s\": dial tcp [::1]:8443: connect: connection refused"
E0603 01:51:16.515100    9183 memcache.go:265] "Unhandled Error" err="couldn't get current server API group list: Get \"https://localhost:8443/api?timeout=32s\": dial tcp [::1]:8443: connect: connection refused"
E0603 01:51:16.517377    9183 memcache.go:265] "Unhandled Error" err="couldn't get current server API group list: Get \"https://localhost:8443/api?timeout=32s\": dial tcp [::1]:8443: connect: connection refused"
E0603 01:51:16.518035    9183 memcache.go:265] "Unhandled Error" err="couldn't get current server API group list: Get \"https://localhost:8443/api?timeout=32s\": dial tcp [::1]:8443: connect: connection refused"
E0603 01:51:16.519907    9183 memcache.go:265] "Unhandled Error" err="couldn't get current server API group list: Get \"https://localhost:8443/api?timeout=32s\": dial tcp [::1]:8443: connect: connection refused"
The connection to the server localhost:8443 was refused - did you specify the right host or port?
 output: 
** stderr ** 
E0603 01:51:16.514404    9183 memcache.go:265] "Unhandled Error" err="couldn't get current server API group list: Get \"https://localhost:8443/api?timeout=32s\": dial tcp [::1]:8443: connect: connection refused"
E0603 01:51:16.515100    9183 memcache.go:265] "Unhandled Error" err="couldn't get current server API group list: Get \"https://localhost:8443/api?timeout=32s\": dial tcp [::1]:8443: connect: connection refused"
E0603 01:51:16.517377    9183 memcache.go:265] "Unhandled Error" err="couldn't get current server API group list: Get \"https://localhost:8443/api?timeout=32s\": dial tcp [::1]:8443: connect: connection refused"
E0603 01:51:16.518035    9183 memcache.go:265] "Unhandled Error" err="couldn't get current server API group list: Get \"https://localhost:8443/api?timeout=32s\": dial tcp [::1]:8443: connect: connection refused"
E0603 01:51:16.519907    9183 memcache.go:265] "Unhandled Error" err="couldn't get current server API group list: Get \"https://localhost:8443/api?timeout=32s\": dial tcp [::1]:8443: connect: connection refused"
The connection to the server localhost:8443 was refused - did you specify the right host or port?

** /stderr **
I0603 04:51:16.524228   10365 logs.go:122] Gathering logs for kube-apiserver [85e4dc7631be] ...
I0603 04:51:16.524237   10365 ssh_runner.go:194] Run: /bin/bash -c "docker logs --tail 400 85e4dc7631be"
I0603 04:51:16.592480   10365 logs.go:122] Gathering logs for etcd [349258b6df58] ...
I0603 04:51:16.592497   10365 ssh_runner.go:194] Run: /bin/bash -c "docker logs --tail 400 349258b6df58"
I0603 04:51:16.673837   10365 logs.go:122] Gathering logs for etcd [21e19412e264] ...
I0603 04:51:16.673852   10365 ssh_runner.go:194] Run: /bin/bash -c "docker logs --tail 400 21e19412e264"
I0603 04:51:16.714650   10365 logs.go:122] Gathering logs for coredns [ac03be6e1600] ...
I0603 04:51:16.714667   10365 ssh_runner.go:194] Run: /bin/bash -c "docker logs --tail 400 ac03be6e1600"
I0603 04:51:16.746769   10365 logs.go:122] Gathering logs for storage-provisioner [4d2d81331688] ...
I0603 04:51:16.746783   10365 ssh_runner.go:194] Run: /bin/bash -c "docker logs --tail 400 4d2d81331688"
I0603 04:51:16.790603   10365 logs.go:122] Gathering logs for kubelet ...
I0603 04:51:16.790618   10365 ssh_runner.go:194] Run: /bin/bash -c "sudo journalctl -u kubelet -n 400"
I0603 04:51:16.832713   10365 logs.go:122] Gathering logs for kube-apiserver [42270be2365f] ...
I0603 04:51:16.832728   10365 ssh_runner.go:194] Run: /bin/bash -c "docker logs --tail 400 42270be2365f"
I0603 04:51:16.877692   10365 logs.go:122] Gathering logs for kube-controller-manager [142a54608b27] ...
I0603 04:51:16.877707   10365 ssh_runner.go:194] Run: /bin/bash -c "docker logs --tail 400 142a54608b27"
I0603 04:51:16.914416   10365 logs.go:122] Gathering logs for storage-provisioner [bbe49a8a0f86] ...
I0603 04:51:16.914430   10365 ssh_runner.go:194] Run: /bin/bash -c "docker logs --tail 400 bbe49a8a0f86"
I0603 04:51:16.975750   10365 logs.go:122] Gathering logs for Docker ...
I0603 04:51:16.975769   10365 ssh_runner.go:194] Run: /bin/bash -c "sudo journalctl -u docker -u cri-docker -n 400"
I0603 04:51:17.006745   10365 logs.go:122] Gathering logs for container status ...
I0603 04:51:17.006760   10365 ssh_runner.go:194] Run: /bin/bash -c "sudo `which crictl || echo crictl` ps -a || sudo docker ps -a"
I0603 04:51:17.048153   10365 logs.go:122] Gathering logs for dmesg ...
I0603 04:51:17.048164   10365 ssh_runner.go:194] Run: /bin/bash -c "sudo dmesg -PH -L=never --level warn,err,crit,alert,emerg | tail -n 400"
I0603 04:51:17.060715   10365 logs.go:122] Gathering logs for coredns [cd9183ebaff4] ...
I0603 04:51:17.060725   10365 ssh_runner.go:194] Run: /bin/bash -c "docker logs --tail 400 cd9183ebaff4"
I0603 04:51:17.096564   10365 logs.go:122] Gathering logs for kube-proxy [d57eab1ae12c] ...
I0603 04:51:17.096575   10365 ssh_runner.go:194] Run: /bin/bash -c "docker logs --tail 400 d57eab1ae12c"
I0603 04:51:17.121848   10365 logs.go:122] Gathering logs for kube-controller-manager [06814c3285c9] ...
I0603 04:51:17.121869   10365 ssh_runner.go:194] Run: /bin/bash -c "docker logs --tail 400 06814c3285c9"
I0603 04:51:17.155283   10365 logs.go:122] Gathering logs for controller_ingress [435dd4d847ee] ...
I0603 04:51:17.155296   10365 ssh_runner.go:194] Run: /bin/bash -c "docker logs --tail 400 435dd4d847ee"
I0603 04:51:19.685624   10365 ssh_runner.go:194] Run: sudo pgrep -xnf kube-apiserver.*minikube.*
I0603 04:51:19.699723   10365 ssh_runner.go:194] Run: docker ps -a --filter=name=k8s_kube-apiserver --format={{.ID}}
I0603 04:51:19.723394   10365 logs.go:281] 2 containers: [42270be2365f 85e4dc7631be]
I0603 04:51:19.723467   10365 ssh_runner.go:194] Run: docker ps -a --filter=name=k8s_etcd --format={{.ID}}
I0603 04:51:19.748024   10365 logs.go:281] 2 containers: [349258b6df58 21e19412e264]
I0603 04:51:19.748087   10365 ssh_runner.go:194] Run: docker ps -a --filter=name=k8s_coredns --format={{.ID}}
I0603 04:51:19.771253   10365 logs.go:281] 2 containers: [ac03be6e1600 cd9183ebaff4]
I0603 04:51:19.771312   10365 ssh_runner.go:194] Run: docker ps -a --filter=name=k8s_kube-scheduler --format={{.ID}}
I0603 04:51:19.793666   10365 logs.go:281] 2 containers: [a19d97dd9309 b898e357825c]
I0603 04:51:19.793725   10365 ssh_runner.go:194] Run: docker ps -a --filter=name=k8s_kube-proxy --format={{.ID}}
I0603 04:51:19.817765   10365 logs.go:281] 2 containers: [d57eab1ae12c 613db8e8654c]
I0603 04:51:19.817830   10365 ssh_runner.go:194] Run: docker ps -a --filter=name=k8s_kube-controller-manager --format={{.ID}}
I0603 04:51:19.841314   10365 logs.go:281] 2 containers: [142a54608b27 06814c3285c9]
I0603 04:51:19.841402   10365 ssh_runner.go:194] Run: docker ps -a --filter=name=k8s_kindnet --format={{.ID}}
I0603 04:51:19.866799   10365 logs.go:281] 0 containers: []
W0603 04:51:19.866812   10365 logs.go:283] No container was found matching "kindnet"
I0603 04:51:19.866881   10365 ssh_runner.go:194] Run: docker ps -a --filter=name=k8s_controller_ingress --format={{.ID}}
I0603 04:51:19.891882   10365 logs.go:281] 1 containers: [435dd4d847ee]
I0603 04:51:19.891971   10365 ssh_runner.go:194] Run: docker ps -a --filter=name=k8s_storage-provisioner --format={{.ID}}
I0603 04:51:19.918032   10365 logs.go:281] 2 containers: [4d2d81331688 bbe49a8a0f86]
I0603 04:51:19.918048   10365 logs.go:122] Gathering logs for describe nodes ...
I0603 04:51:19.918056   10365 ssh_runner.go:194] Run: /bin/bash -c "sudo /var/lib/minikube/binaries/v1.35.1/kubectl describe nodes --kubeconfig=/var/lib/minikube/kubeconfig"
W0603 04:51:20.006322   10365 logs.go:129] failed describe nodes: command: /bin/bash -c "sudo /var/lib/minikube/binaries/v1.35.1/kubectl describe nodes --kubeconfig=/var/lib/minikube/kubeconfig" /bin/bash -c "sudo /var/lib/minikube/binaries/v1.35.1/kubectl describe nodes --kubeconfig=/var/lib/minikube/kubeconfig": Process exited with status 1
stdout:

stderr:
E0603 01:51:19.995232    9477 memcache.go:265] "Unhandled Error" err="couldn't get current server API group list: Get \"https://localhost:8443/api?timeout=32s\": dial tcp [::1]:8443: connect: connection refused"
E0603 01:51:19.995958    9477 memcache.go:265] "Unhandled Error" err="couldn't get current server API group list: Get \"https://localhost:8443/api?timeout=32s\": dial tcp [::1]:8443: connect: connection refused"
E0603 01:51:19.997850    9477 memcache.go:265] "Unhandled Error" err="couldn't get current server API group list: Get \"https://localhost:8443/api?timeout=32s\": dial tcp [::1]:8443: connect: connection refused"
E0603 01:51:19.998676    9477 memcache.go:265] "Unhandled Error" err="couldn't get current server API group list: Get \"https://localhost:8443/api?timeout=32s\": dial tcp [::1]:8443: connect: connection refused"
E0603 01:51:20.000683    9477 memcache.go:265] "Unhandled Error" err="couldn't get current server API group list: Get \"https://localhost:8443/api?timeout=32s\": dial tcp [::1]:8443: connect: connection refused"
The connection to the server localhost:8443 was refused - did you specify the right host or port?
 output: 
** stderr ** 
E0603 01:51:19.995232    9477 memcache.go:265] "Unhandled Error" err="couldn't get current server API group list: Get \"https://localhost:8443/api?timeout=32s\": dial tcp [::1]:8443: connect: connection refused"
E0603 01:51:19.995958    9477 memcache.go:265] "Unhandled Error" err="couldn't get current server API group list: Get \"https://localhost:8443/api?timeout=32s\": dial tcp [::1]:8443: connect: connection refused"
E0603 01:51:19.997850    9477 memcache.go:265] "Unhandled Error" err="couldn't get current server API group list: Get \"https://localhost:8443/api?timeout=32s\": dial tcp [::1]:8443: connect: connection refused"
E0603 01:51:19.998676    9477 memcache.go:265] "Unhandled Error" err="couldn't get current server API group list: Get \"https://localhost:8443/api?timeout=32s\": dial tcp [::1]:8443: connect: connection refused"
E0603 01:51:20.000683    9477 memcache.go:265] "Unhandled Error" err="couldn't get current server API group list: Get \"https://localhost:8443/api?timeout=32s\": dial tcp [::1]:8443: connect: connection refused"
The connection to the server localhost:8443 was refused - did you specify the right host or port?

** /stderr **
I0603 04:51:20.006334   10365 logs.go:122] Gathering logs for etcd [349258b6df58] ...
I0603 04:51:20.006348   10365 ssh_runner.go:194] Run: /bin/bash -c "docker logs --tail 400 349258b6df58"
I0603 04:51:20.087418   10365 logs.go:122] Gathering logs for coredns [cd9183ebaff4] ...
I0603 04:51:20.087434   10365 ssh_runner.go:194] Run: /bin/bash -c "docker logs --tail 400 cd9183ebaff4"
I0603 04:51:20.114902   10365 logs.go:122] Gathering logs for kube-proxy [d57eab1ae12c] ...
I0603 04:51:20.114913   10365 ssh_runner.go:194] Run: /bin/bash -c "docker logs --tail 400 d57eab1ae12c"
I0603 04:51:20.140823   10365 logs.go:122] Gathering logs for storage-provisioner [4d2d81331688] ...
I0603 04:51:20.140835   10365 ssh_runner.go:194] Run: /bin/bash -c "docker logs --tail 400 4d2d81331688"
I0603 04:51:20.185282   10365 logs.go:122] Gathering logs for container status ...
I0603 04:51:20.185294   10365 ssh_runner.go:194] Run: /bin/bash -c "sudo `which crictl || echo crictl` ps -a || sudo docker ps -a"
I0603 04:51:20.230467   10365 logs.go:122] Gathering logs for kube-apiserver [42270be2365f] ...
I0603 04:51:20.230479   10365 ssh_runner.go:194] Run: /bin/bash -c "docker logs --tail 400 42270be2365f"
I0603 04:51:20.284994   10365 logs.go:122] Gathering logs for kube-apiserver [85e4dc7631be] ...
I0603 04:51:20.285011   10365 ssh_runner.go:194] Run: /bin/bash -c "docker logs --tail 400 85e4dc7631be"
I0603 04:51:20.370723   10365 logs.go:122] Gathering logs for kube-proxy [613db8e8654c] ...
I0603 04:51:20.370741   10365 ssh_runner.go:194] Run: /bin/bash -c "docker logs --tail 400 613db8e8654c"
I0603 04:51:20.404917   10365 logs.go:122] Gathering logs for dmesg ...
I0603 04:51:20.404936   10365 ssh_runner.go:194] Run: /bin/bash -c "sudo dmesg -PH -L=never --level warn,err,crit,alert,emerg | tail -n 400"
I0603 04:51:20.425983   10365 logs.go:122] Gathering logs for etcd [21e19412e264] ...
I0603 04:51:20.425994   10365 ssh_runner.go:194] Run: /bin/bash -c "docker logs --tail 400 21e19412e264"
I0603 04:51:20.464417   10365 logs.go:122] Gathering logs for kube-scheduler [b898e357825c] ...
I0603 04:51:20.464435   10365 ssh_runner.go:194] Run: /bin/bash -c "docker logs --tail 400 b898e357825c"
I0603 04:51:20.497429   10365 logs.go:122] Gathering logs for kube-controller-manager [142a54608b27] ...
I0603 04:51:20.497442   10365 ssh_runner.go:194] Run: /bin/bash -c "docker logs --tail 400 142a54608b27"
I0603 04:51:20.534737   10365 logs.go:122] Gathering logs for Docker ...
I0603 04:51:20.534755   10365 ssh_runner.go:194] Run: /bin/bash -c "sudo journalctl -u docker -u cri-docker -n 400"
I0603 04:51:20.563009   10365 logs.go:122] Gathering logs for kubelet ...
I0603 04:51:20.563028   10365 ssh_runner.go:194] Run: /bin/bash -c "sudo journalctl -u kubelet -n 400"
I0603 04:51:20.606091   10365 logs.go:122] Gathering logs for coredns [ac03be6e1600] ...
I0603 04:51:20.606110   10365 ssh_runner.go:194] Run: /bin/bash -c "docker logs --tail 400 ac03be6e1600"
I0603 04:51:20.641512   10365 logs.go:122] Gathering logs for kube-scheduler [a19d97dd9309] ...
I0603 04:51:20.641530   10365 ssh_runner.go:194] Run: /bin/bash -c "docker logs --tail 400 a19d97dd9309"
I0603 04:51:20.669063   10365 logs.go:122] Gathering logs for kube-controller-manager [06814c3285c9] ...
I0603 04:51:20.669081   10365 ssh_runner.go:194] Run: /bin/bash -c "docker logs --tail 400 06814c3285c9"
I0603 04:51:20.715994   10365 logs.go:122] Gathering logs for controller_ingress [435dd4d847ee] ...
I0603 04:51:20.716010   10365 ssh_runner.go:194] Run: /bin/bash -c "docker logs --tail 400 435dd4d847ee"
I0603 04:51:20.751180   10365 logs.go:122] Gathering logs for storage-provisioner [bbe49a8a0f86] ...
I0603 04:51:20.751193   10365 ssh_runner.go:194] Run: /bin/bash -c "docker logs --tail 400 bbe49a8a0f86"
I0603 04:51:23.295572   10365 ssh_runner.go:194] Run: sudo pgrep -xnf kube-apiserver.*minikube.*
I0603 04:51:23.311128   10365 ssh_runner.go:194] Run: docker ps -a --filter=name=k8s_kube-apiserver --format={{.ID}}
I0603 04:51:23.335276   10365 logs.go:281] 2 containers: [42270be2365f 85e4dc7631be]
I0603 04:51:23.335340   10365 ssh_runner.go:194] Run: docker ps -a --filter=name=k8s_etcd --format={{.ID}}
I0603 04:51:23.360167   10365 logs.go:281] 2 containers: [349258b6df58 21e19412e264]
I0603 04:51:23.360233   10365 ssh_runner.go:194] Run: docker ps -a --filter=name=k8s_coredns --format={{.ID}}
I0603 04:51:23.385094   10365 logs.go:281] 2 containers: [ac03be6e1600 cd9183ebaff4]
I0603 04:51:23.385182   10365 ssh_runner.go:194] Run: docker ps -a --filter=name=k8s_kube-scheduler --format={{.ID}}
I0603 04:51:23.409643   10365 logs.go:281] 2 containers: [a19d97dd9309 b898e357825c]
I0603 04:51:23.409714   10365 ssh_runner.go:194] Run: docker ps -a --filter=name=k8s_kube-proxy --format={{.ID}}
I0603 04:51:23.434280   10365 logs.go:281] 2 containers: [d57eab1ae12c 613db8e8654c]
I0603 04:51:23.434343   10365 ssh_runner.go:194] Run: docker ps -a --filter=name=k8s_kube-controller-manager --format={{.ID}}
I0603 04:51:23.461360   10365 logs.go:281] 2 containers: [142a54608b27 06814c3285c9]
I0603 04:51:23.461423   10365 ssh_runner.go:194] Run: docker ps -a --filter=name=k8s_kindnet --format={{.ID}}
I0603 04:51:23.485731   10365 logs.go:281] 0 containers: []
W0603 04:51:23.485741   10365 logs.go:283] No container was found matching "kindnet"
I0603 04:51:23.485788   10365 ssh_runner.go:194] Run: docker ps -a --filter=name=k8s_controller_ingress --format={{.ID}}
I0603 04:51:23.510263   10365 logs.go:281] 1 containers: [435dd4d847ee]
I0603 04:51:23.510331   10365 ssh_runner.go:194] Run: docker ps -a --filter=name=k8s_storage-provisioner --format={{.ID}}
I0603 04:51:23.534818   10365 logs.go:281] 2 containers: [4d2d81331688 bbe49a8a0f86]
I0603 04:51:23.534834   10365 logs.go:122] Gathering logs for coredns [cd9183ebaff4] ...
I0603 04:51:23.534840   10365 ssh_runner.go:194] Run: /bin/bash -c "docker logs --tail 400 cd9183ebaff4"
I0603 04:51:25.303164   10365 logs.go:122] Gathering logs for kube-scheduler [a19d97dd9309] ...
I0603 04:51:25.303177   10365 ssh_runner.go:194] Run: /bin/bash -c "docker logs --tail 400 a19d97dd9309"
I0603 04:51:25.331435   10365 logs.go:122] Gathering logs for kube-scheduler [b898e357825c] ...
I0603 04:51:25.331448   10365 ssh_runner.go:194] Run: /bin/bash -c "docker logs --tail 400 b898e357825c"
I0603 04:51:25.365897   10365 logs.go:122] Gathering logs for kube-controller-manager [142a54608b27] ...
I0603 04:51:25.365911   10365 ssh_runner.go:194] Run: /bin/bash -c "docker logs --tail 400 142a54608b27"
I0603 04:51:25.402754   10365 logs.go:122] Gathering logs for kube-controller-manager [06814c3285c9] ...
I0603 04:51:25.402769   10365 ssh_runner.go:194] Run: /bin/bash -c "docker logs --tail 400 06814c3285c9"
I0603 04:51:25.472898   10365 logs.go:122] Gathering logs for controller_ingress [435dd4d847ee] ...
I0603 04:51:25.472913   10365 ssh_runner.go:194] Run: /bin/bash -c "docker logs --tail 400 435dd4d847ee"
I0603 04:51:25.510751   10365 logs.go:122] Gathering logs for storage-provisioner [4d2d81331688] ...
I0603 04:51:25.510768   10365 ssh_runner.go:194] Run: /bin/bash -c "docker logs --tail 400 4d2d81331688"
I0603 04:51:25.559797   10365 logs.go:122] Gathering logs for kube-proxy [d57eab1ae12c] ...
I0603 04:51:25.559813   10365 ssh_runner.go:194] Run: /bin/bash -c "docker logs --tail 400 d57eab1ae12c"
I0603 04:51:25.587878   10365 logs.go:122] Gathering logs for kube-proxy [613db8e8654c] ...
I0603 04:51:25.587891   10365 ssh_runner.go:194] Run: /bin/bash -c "docker logs --tail 400 613db8e8654c"
I0603 04:51:25.617007   10365 logs.go:122] Gathering logs for storage-provisioner [bbe49a8a0f86] ...
I0603 04:51:25.617019   10365 ssh_runner.go:194] Run: /bin/bash -c "docker logs --tail 400 bbe49a8a0f86"
I0603 04:51:25.659409   10365 logs.go:122] Gathering logs for kubelet ...
I0603 04:51:25.659422   10365 ssh_runner.go:194] Run: /bin/bash -c "sudo journalctl -u kubelet -n 400"
I0603 04:51:25.701486   10365 logs.go:122] Gathering logs for dmesg ...
I0603 04:51:25.701503   10365 ssh_runner.go:194] Run: /bin/bash -c "sudo dmesg -PH -L=never --level warn,err,crit,alert,emerg | tail -n 400"
I0603 04:51:25.716922   10365 logs.go:122] Gathering logs for container status ...
I0603 04:51:25.716936   10365 ssh_runner.go:194] Run: /bin/bash -c "sudo `which crictl || echo crictl` ps -a || sudo docker ps -a"
I0603 04:51:25.764405   10365 logs.go:122] Gathering logs for describe nodes ...
I0603 04:51:25.764424   10365 ssh_runner.go:194] Run: /bin/bash -c "sudo /var/lib/minikube/binaries/v1.35.1/kubectl describe nodes --kubeconfig=/var/lib/minikube/kubeconfig"
W0603 04:51:25.833778   10365 logs.go:129] failed describe nodes: command: /bin/bash -c "sudo /var/lib/minikube/binaries/v1.35.1/kubectl describe nodes --kubeconfig=/var/lib/minikube/kubeconfig" /bin/bash -c "sudo /var/lib/minikube/binaries/v1.35.1/kubectl describe nodes --kubeconfig=/var/lib/minikube/kubeconfig": Process exited with status 1
stdout:

stderr:
E0603 01:51:25.823259    9945 memcache.go:265] "Unhandled Error" err="couldn't get current server API group list: Get \"https://localhost:8443/api?timeout=32s\": dial tcp [::1]:8443: connect: connection refused"
E0603 01:51:25.823895    9945 memcache.go:265] "Unhandled Error" err="couldn't get current server API group list: Get \"https://localhost:8443/api?timeout=32s\": dial tcp [::1]:8443: connect: connection refused"
E0603 01:51:25.826155    9945 memcache.go:265] "Unhandled Error" err="couldn't get current server API group list: Get \"https://localhost:8443/api?timeout=32s\": dial tcp [::1]:8443: connect: connection refused"
E0603 01:51:25.826806    9945 memcache.go:265] "Unhandled Error" err="couldn't get current server API group list: Get \"https://localhost:8443/api?timeout=32s\": dial tcp [::1]:8443: connect: connection refused"
E0603 01:51:25.829467    9945 memcache.go:265] "Unhandled Error" err="couldn't get current server API group list: Get \"https://localhost:8443/api?timeout=32s\": dial tcp [::1]:8443: connect: connection refused"
The connection to the server localhost:8443 was refused - did you specify the right host or port?
 output: 
** stderr ** 
E0603 01:51:25.823259    9945 memcache.go:265] "Unhandled Error" err="couldn't get current server API group list: Get \"https://localhost:8443/api?timeout=32s\": dial tcp [::1]:8443: connect: connection refused"
E0603 01:51:25.823895    9945 memcache.go:265] "Unhandled Error" err="couldn't get current server API group list: Get \"https://localhost:8443/api?timeout=32s\": dial tcp [::1]:8443: connect: connection refused"
E0603 01:51:25.826155    9945 memcache.go:265] "Unhandled Error" err="couldn't get current server API group list: Get \"https://localhost:8443/api?timeout=32s\": dial tcp [::1]:8443: connect: connection refused"
E0603 01:51:25.826806    9945 memcache.go:265] "Unhandled Error" err="couldn't get current server API group list: Get \"https://localhost:8443/api?timeout=32s\": dial tcp [::1]:8443: connect: connection refused"
E0603 01:51:25.829467    9945 memcache.go:265] "Unhandled Error" err="couldn't get current server API group list: Get \"https://localhost:8443/api?timeout=32s\": dial tcp [::1]:8443: connect: connection refused"
The connection to the server localhost:8443 was refused - did you specify the right host or port?

** /stderr **
I0603 04:51:25.833787   10365 logs.go:122] Gathering logs for kube-apiserver [42270be2365f] ...
I0603 04:51:25.833795   10365 ssh_runner.go:194] Run: /bin/bash -c "docker logs --tail 400 42270be2365f"
I0603 04:51:25.845351   10365 kapi.go:81] temporary error: getting Pods with label selector "app.kubernetes.io/name=ingress-nginx" : [Get "https://127.0.0.1:32771/api/v1/namespaces/ingress-nginx/pods?labelSelector=app.kubernetes.io%2Fname%3Dingress-nginx": read tcp 127.0.0.1:39136->127.0.0.1:32771: read: connection reset by peer - error from a previous attempt: read tcp 127.0.0.1:39128->127.0.0.1:32771: read: connection reset by peer]
I0603 04:51:25.881353   10365 logs.go:122] Gathering logs for etcd [349258b6df58] ...
I0603 04:51:25.881369   10365 ssh_runner.go:194] Run: /bin/bash -c "docker logs --tail 400 349258b6df58"
I0603 04:51:25.965773   10365 logs.go:122] Gathering logs for etcd [21e19412e264] ...
I0603 04:51:25.965790   10365 ssh_runner.go:194] Run: /bin/bash -c "docker logs --tail 400 21e19412e264"
I0603 04:51:26.008779   10365 logs.go:122] Gathering logs for coredns [ac03be6e1600] ...
I0603 04:51:26.008797   10365 ssh_runner.go:194] Run: /bin/bash -c "docker logs --tail 400 ac03be6e1600"
I0603 04:51:26.044976   10365 logs.go:122] Gathering logs for Docker ...
I0603 04:51:26.044988   10365 ssh_runner.go:194] Run: /bin/bash -c "sudo journalctl -u docker -u cri-docker -n 400"
I0603 04:51:26.072487   10365 logs.go:122] Gathering logs for kube-apiserver [85e4dc7631be] ...
I0603 04:51:26.072502   10365 ssh_runner.go:194] Run: /bin/bash -c "docker logs --tail 400 85e4dc7631be"
I0603 04:51:28.642901   10365 ssh_runner.go:194] Run: sudo pgrep -xnf kube-apiserver.*minikube.*
I0603 04:51:28.657148   10365 ssh_runner.go:194] Run: docker ps -a --filter=name=k8s_kube-apiserver --format={{.ID}}
I0603 04:51:28.697337   10365 logs.go:281] 2 containers: [42270be2365f 85e4dc7631be]
I0603 04:51:28.697479   10365 ssh_runner.go:194] Run: docker ps -a --filter=name=k8s_etcd --format={{.ID}}
I0603 04:51:28.742708   10365 logs.go:281] 2 containers: [349258b6df58 21e19412e264]
I0603 04:51:28.742772   10365 ssh_runner.go:194] Run: docker ps -a --filter=name=k8s_coredns --format={{.ID}}
I0603 04:51:28.766129   10365 logs.go:281] 2 containers: [ac03be6e1600 cd9183ebaff4]
I0603 04:51:28.766199   10365 ssh_runner.go:194] Run: docker ps -a --filter=name=k8s_kube-scheduler --format={{.ID}}
I0603 04:51:28.791606   10365 logs.go:281] 2 containers: [a19d97dd9309 b898e357825c]
I0603 04:51:28.791676   10365 ssh_runner.go:194] Run: docker ps -a --filter=name=k8s_kube-proxy --format={{.ID}}
I0603 04:51:28.816278   10365 logs.go:281] 2 containers: [d57eab1ae12c 613db8e8654c]
I0603 04:51:28.816345   10365 ssh_runner.go:194] Run: docker ps -a --filter=name=k8s_kube-controller-manager --format={{.ID}}
I0603 04:51:28.842294   10365 logs.go:281] 2 containers: [142a54608b27 06814c3285c9]
I0603 04:51:28.842365   10365 ssh_runner.go:194] Run: docker ps -a --filter=name=k8s_kindnet --format={{.ID}}
I0603 04:51:28.866605   10365 logs.go:281] 0 containers: []
W0603 04:51:28.866616   10365 logs.go:283] No container was found matching "kindnet"
I0603 04:51:28.866674   10365 ssh_runner.go:194] Run: docker ps -a --filter=name=k8s_controller_ingress --format={{.ID}}
I0603 04:51:28.890982   10365 logs.go:281] 1 containers: [435dd4d847ee]
I0603 04:51:28.891045   10365 ssh_runner.go:194] Run: docker ps -a --filter=name=k8s_storage-provisioner --format={{.ID}}
I0603 04:51:28.918930   10365 logs.go:281] 2 containers: [4d2d81331688 bbe49a8a0f86]
I0603 04:51:28.918959   10365 logs.go:122] Gathering logs for kube-proxy [613db8e8654c] ...
I0603 04:51:28.918972   10365 ssh_runner.go:194] Run: /bin/bash -c "docker logs --tail 400 613db8e8654c"
I0603 04:51:28.948468   10365 logs.go:122] Gathering logs for kube-controller-manager [06814c3285c9] ...
I0603 04:51:28.948481   10365 ssh_runner.go:194] Run: /bin/bash -c "docker logs --tail 400 06814c3285c9"
I0603 04:51:28.985525   10365 logs.go:122] Gathering logs for storage-provisioner [4d2d81331688] ...
I0603 04:51:28.985538   10365 ssh_runner.go:194] Run: /bin/bash -c "docker logs --tail 400 4d2d81331688"
I0603 04:51:29.036872   10365 logs.go:122] Gathering logs for storage-provisioner [bbe49a8a0f86] ...
I0603 04:51:29.036890   10365 ssh_runner.go:194] Run: /bin/bash -c "docker logs --tail 400 bbe49a8a0f86"
I0603 04:51:29.078899   10365 logs.go:122] Gathering logs for kube-apiserver [85e4dc7631be] ...
I0603 04:51:29.078913   10365 ssh_runner.go:194] Run: /bin/bash -c "docker logs --tail 400 85e4dc7631be"
I0603 04:51:29.153280   10365 logs.go:122] Gathering logs for kube-scheduler [a19d97dd9309] ...
I0603 04:51:29.153298   10365 ssh_runner.go:194] Run: /bin/bash -c "docker logs --tail 400 a19d97dd9309"
I0603 04:51:29.198155   10365 logs.go:122] Gathering logs for kube-scheduler [b898e357825c] ...
I0603 04:51:29.198169   10365 ssh_runner.go:194] Run: /bin/bash -c "docker logs --tail 400 b898e357825c"
I0603 04:51:29.240615   10365 logs.go:122] Gathering logs for Docker ...
I0603 04:51:29.240630   10365 ssh_runner.go:194] Run: /bin/bash -c "sudo journalctl -u docker -u cri-docker -n 400"
I0603 04:51:29.268368   10365 logs.go:122] Gathering logs for kubelet ...
I0603 04:51:29.268384   10365 ssh_runner.go:194] Run: /bin/bash -c "sudo journalctl -u kubelet -n 400"
I0603 04:51:29.311619   10365 logs.go:122] Gathering logs for kube-proxy [d57eab1ae12c] ...
I0603 04:51:29.311634   10365 ssh_runner.go:194] Run: /bin/bash -c "docker logs --tail 400 d57eab1ae12c"
I0603 04:51:29.339855   10365 logs.go:122] Gathering logs for controller_ingress [435dd4d847ee] ...
I0603 04:51:29.339867   10365 ssh_runner.go:194] Run: /bin/bash -c "docker logs --tail 400 435dd4d847ee"
I0603 04:51:29.369338   10365 logs.go:122] Gathering logs for etcd [21e19412e264] ...
I0603 04:51:29.369353   10365 ssh_runner.go:194] Run: /bin/bash -c "docker logs --tail 400 21e19412e264"
I0603 04:51:29.411009   10365 logs.go:122] Gathering logs for coredns [ac03be6e1600] ...
I0603 04:51:29.411026   10365 ssh_runner.go:194] Run: /bin/bash -c "docker logs --tail 400 ac03be6e1600"
I0603 04:51:29.448566   10365 logs.go:122] Gathering logs for coredns [cd9183ebaff4] ...
I0603 04:51:29.448581   10365 ssh_runner.go:194] Run: /bin/bash -c "docker logs --tail 400 cd9183ebaff4"
I0603 04:51:29.476693   10365 logs.go:122] Gathering logs for kube-controller-manager [142a54608b27] ...
I0603 04:51:29.476704   10365 ssh_runner.go:194] Run: /bin/bash -c "docker logs --tail 400 142a54608b27"
I0603 04:51:29.513382   10365 logs.go:122] Gathering logs for container status ...
I0603 04:51:29.513394   10365 ssh_runner.go:194] Run: /bin/bash -c "sudo `which crictl || echo crictl` ps -a || sudo docker ps -a"
I0603 04:51:29.557655   10365 logs.go:122] Gathering logs for dmesg ...
I0603 04:51:29.557669   10365 ssh_runner.go:194] Run: /bin/bash -c "sudo dmesg -PH -L=never --level warn,err,crit,alert,emerg | tail -n 400"
I0603 04:51:29.571449   10365 logs.go:122] Gathering logs for describe nodes ...
I0603 04:51:29.571462   10365 ssh_runner.go:194] Run: /bin/bash -c "sudo /var/lib/minikube/binaries/v1.35.1/kubectl describe nodes --kubeconfig=/var/lib/minikube/kubeconfig"
W0603 04:51:29.639506   10365 logs.go:129] failed describe nodes: command: /bin/bash -c "sudo /var/lib/minikube/binaries/v1.35.1/kubectl describe nodes --kubeconfig=/var/lib/minikube/kubeconfig" /bin/bash -c "sudo /var/lib/minikube/binaries/v1.35.1/kubectl describe nodes --kubeconfig=/var/lib/minikube/kubeconfig": Process exited with status 1
stdout:

stderr:
E0603 01:51:29.628518   10304 memcache.go:265] "Unhandled Error" err="couldn't get current server API group list: Get \"https://localhost:8443/api?timeout=32s\": dial tcp [::1]:8443: connect: connection refused"
E0603 01:51:29.629337   10304 memcache.go:265] "Unhandled Error" err="couldn't get current server API group list: Get \"https://localhost:8443/api?timeout=32s\": dial tcp [::1]:8443: connect: connection refused"
E0603 01:51:29.630275   10304 memcache.go:265] "Unhandled Error" err="couldn't get current server API group list: Get \"https://localhost:8443/api?timeout=32s\": dial tcp [::1]:8443: connect: connection refused"
E0603 01:51:29.632896   10304 memcache.go:265] "Unhandled Error" err="couldn't get current server API group list: Get \"https://localhost:8443/api?timeout=32s\": dial tcp [::1]:8443: connect: connection refused"
E0603 01:51:29.633649   10304 memcache.go:265] "Unhandled Error" err="couldn't get current server API group list: Get \"https://localhost:8443/api?timeout=32s\": dial tcp [::1]:8443: connect: connection refused"
The connection to the server localhost:8443 was refused - did you specify the right host or port?
 output: 
** stderr ** 
E0603 01:51:29.628518   10304 memcache.go:265] "Unhandled Error" err="couldn't get current server API group list: Get \"https://localhost:8443/api?timeout=32s\": dial tcp [::1]:8443: connect: connection refused"
E0603 01:51:29.629337   10304 memcache.go:265] "Unhandled Error" err="couldn't get current server API group list: Get \"https://localhost:8443/api?timeout=32s\": dial tcp [::1]:8443: connect: connection refused"
E0603 01:51:29.630275   10304 memcache.go:265] "Unhandled Error" err="couldn't get current server API group list: Get \"https://localhost:8443/api?timeout=32s\": dial tcp [::1]:8443: connect: connection refused"
E0603 01:51:29.632896   10304 memcache.go:265] "Unhandled Error" err="couldn't get current server API group list: Get \"https://localhost:8443/api?timeout=32s\": dial tcp [::1]:8443: connect: connection refused"
E0603 01:51:29.633649   10304 memcache.go:265] "Unhandled Error" err="couldn't get current server API group list: Get \"https://localhost:8443/api?timeout=32s\": dial tcp [::1]:8443: connect: connection refused"
The connection to the server localhost:8443 was refused - did you specify the right host or port?

** /stderr **
I0603 04:51:29.639512   10365 logs.go:122] Gathering logs for kube-apiserver [42270be2365f] ...
I0603 04:51:29.639520   10365 ssh_runner.go:194] Run: /bin/bash -c "docker logs --tail 400 42270be2365f"
I0603 04:51:29.687909   10365 logs.go:122] Gathering logs for etcd [349258b6df58] ...
I0603 04:51:29.687923   10365 ssh_runner.go:194] Run: /bin/bash -c "docker logs --tail 400 349258b6df58"
I0603 04:51:32.275027   10365 ssh_runner.go:194] Run: sudo pgrep -xnf kube-apiserver.*minikube.*
I0603 04:51:32.305047   10365 ssh_runner.go:194] Run: docker ps -a --filter=name=k8s_kube-apiserver --format={{.ID}}
I0603 04:51:32.354428   10365 logs.go:281] 2 containers: [42270be2365f 85e4dc7631be]
I0603 04:51:32.354531   10365 ssh_runner.go:194] Run: docker ps -a --filter=name=k8s_etcd --format={{.ID}}
I0603 04:51:32.405903   10365 logs.go:281] 2 containers: [349258b6df58 21e19412e264]
I0603 04:51:32.406048   10365 ssh_runner.go:194] Run: docker ps -a --filter=name=k8s_coredns --format={{.ID}}
I0603 04:51:32.456936   10365 logs.go:281] 2 containers: [ac03be6e1600 cd9183ebaff4]
I0603 04:51:32.457184   10365 ssh_runner.go:194] Run: docker ps -a --filter=name=k8s_kube-scheduler --format={{.ID}}
I0603 04:51:32.508860   10365 logs.go:281] 2 containers: [a19d97dd9309 b898e357825c]
I0603 04:51:32.508982   10365 ssh_runner.go:194] Run: docker ps -a --filter=name=k8s_kube-proxy --format={{.ID}}
I0603 04:51:32.559352   10365 logs.go:281] 2 containers: [d57eab1ae12c 613db8e8654c]
I0603 04:51:32.559467   10365 ssh_runner.go:194] Run: docker ps -a --filter=name=k8s_kube-controller-manager --format={{.ID}}
I0603 04:51:32.610056   10365 logs.go:281] 2 containers: [142a54608b27 06814c3285c9]
I0603 04:51:32.610163   10365 ssh_runner.go:194] Run: docker ps -a --filter=name=k8s_kindnet --format={{.ID}}
I0603 04:51:32.659025   10365 logs.go:281] 0 containers: []
W0603 04:51:32.659051   10365 logs.go:283] No container was found matching "kindnet"
I0603 04:51:32.659139   10365 ssh_runner.go:194] Run: docker ps -a --filter=name=k8s_controller_ingress --format={{.ID}}
I0603 04:51:32.710693   10365 logs.go:281] 1 containers: [435dd4d847ee]
I0603 04:51:32.710817   10365 ssh_runner.go:194] Run: docker ps -a --filter=name=k8s_storage-provisioner --format={{.ID}}
I0603 04:51:32.768553   10365 logs.go:281] 2 containers: [4d2d81331688 bbe49a8a0f86]
I0603 04:51:32.768590   10365 logs.go:122] Gathering logs for dmesg ...
I0603 04:51:32.768609   10365 ssh_runner.go:194] Run: /bin/bash -c "sudo dmesg -PH -L=never --level warn,err,crit,alert,emerg | tail -n 400"
I0603 04:51:32.800513   10365 logs.go:122] Gathering logs for describe nodes ...
I0603 04:51:32.800575   10365 ssh_runner.go:194] Run: /bin/bash -c "sudo /var/lib/minikube/binaries/v1.35.1/kubectl describe nodes --kubeconfig=/var/lib/minikube/kubeconfig"
W0603 04:51:32.939347   10365 logs.go:129] failed describe nodes: command: /bin/bash -c "sudo /var/lib/minikube/binaries/v1.35.1/kubectl describe nodes --kubeconfig=/var/lib/minikube/kubeconfig" /bin/bash -c "sudo /var/lib/minikube/binaries/v1.35.1/kubectl describe nodes --kubeconfig=/var/lib/minikube/kubeconfig": Process exited with status 1
stdout:

stderr:
E0603 01:51:32.925165   10480 memcache.go:265] "Unhandled Error" err="couldn't get current server API group list: Get \"https://localhost:8443/api?timeout=32s\": dial tcp [::1]:8443: connect: connection refused"
E0603 01:51:32.926761   10480 memcache.go:265] "Unhandled Error" err="couldn't get current server API group list: Get \"https://localhost:8443/api?timeout=32s\": dial tcp [::1]:8443: connect: connection refused"
E0603 01:51:32.927783   10480 memcache.go:265] "Unhandled Error" err="couldn't get current server API group list: Get \"https://localhost:8443/api?timeout=32s\": dial tcp [::1]:8443: connect: connection refused"
E0603 01:51:32.928993   10480 memcache.go:265] "Unhandled Error" err="couldn't get current server API group list: Get \"https://localhost:8443/api?timeout=32s\": dial tcp [::1]:8443: connect: connection refused"
E0603 01:51:32.930258   10480 memcache.go:265] "Unhandled Error" err="couldn't get current server API group list: Get \"https://localhost:8443/api?timeout=32s\": dial tcp [::1]:8443: connect: connection refused"
The connection to the server localhost:8443 was refused - did you specify the right host or port?
 output: 
** stderr ** 
E0603 01:51:32.925165   10480 memcache.go:265] "Unhandled Error" err="couldn't get current server API group list: Get \"https://localhost:8443/api?timeout=32s\": dial tcp [::1]:8443: connect: connection refused"
E0603 01:51:32.926761   10480 memcache.go:265] "Unhandled Error" err="couldn't get current server API group list: Get \"https://localhost:8443/api?timeout=32s\": dial tcp [::1]:8443: connect: connection refused"
E0603 01:51:32.927783   10480 memcache.go:265] "Unhandled Error" err="couldn't get current server API group list: Get \"https://localhost:8443/api?timeout=32s\": dial tcp [::1]:8443: connect: connection refused"
E0603 01:51:32.928993   10480 memcache.go:265] "Unhandled Error" err="couldn't get current server API group list: Get \"https://localhost:8443/api?timeout=32s\": dial tcp [::1]:8443: connect: connection refused"
E0603 01:51:32.930258   10480 memcache.go:265] "Unhandled Error" err="couldn't get current server API group list: Get \"https://localhost:8443/api?timeout=32s\": dial tcp [::1]:8443: connect: connection refused"
The connection to the server localhost:8443 was refused - did you specify the right host or port?

** /stderr **
I0603 04:51:32.939360   10365 logs.go:122] Gathering logs for etcd [21e19412e264] ...
I0603 04:51:32.939374   10365 ssh_runner.go:194] Run: /bin/bash -c "docker logs --tail 400 21e19412e264"
I0603 04:51:33.029912   10365 logs.go:122] Gathering logs for kube-scheduler [b898e357825c] ...
I0603 04:51:33.029936   10365 ssh_runner.go:194] Run: /bin/bash -c "docker logs --tail 400 b898e357825c"
I0603 04:51:33.099663   10365 logs.go:122] Gathering logs for kube-controller-manager [142a54608b27] ...
I0603 04:51:33.099687   10365 ssh_runner.go:194] Run: /bin/bash -c "docker logs --tail 400 142a54608b27"
I0603 04:51:33.173630   10365 logs.go:122] Gathering logs for controller_ingress [435dd4d847ee] ...
I0603 04:51:33.173655   10365 ssh_runner.go:194] Run: /bin/bash -c "docker logs --tail 400 435dd4d847ee"
I0603 04:51:33.235997   10365 logs.go:122] Gathering logs for storage-provisioner [4d2d81331688] ...
I0603 04:51:33.236020   10365 ssh_runner.go:194] Run: /bin/bash -c "docker logs --tail 400 4d2d81331688"
I0603 04:51:33.337777   10365 logs.go:122] Gathering logs for storage-provisioner [bbe49a8a0f86] ...
I0603 04:51:33.337805   10365 ssh_runner.go:194] Run: /bin/bash -c "docker logs --tail 400 bbe49a8a0f86"
I0603 04:51:33.428274   10365 logs.go:122] Gathering logs for coredns [ac03be6e1600] ...
I0603 04:51:33.428298   10365 ssh_runner.go:194] Run: /bin/bash -c "docker logs --tail 400 ac03be6e1600"
I0603 04:51:33.500190   10365 logs.go:122] Gathering logs for coredns [cd9183ebaff4] ...
I0603 04:51:33.500210   10365 ssh_runner.go:194] Run: /bin/bash -c "docker logs --tail 400 cd9183ebaff4"
I0603 04:51:33.557551   10365 logs.go:122] Gathering logs for kube-proxy [d57eab1ae12c] ...
I0603 04:51:33.557570   10365 ssh_runner.go:194] Run: /bin/bash -c "docker logs --tail 400 d57eab1ae12c"
I0603 04:51:33.614585   10365 logs.go:122] Gathering logs for kube-proxy [613db8e8654c] ...
I0603 04:51:33.614605   10365 ssh_runner.go:194] Run: /bin/bash -c "docker logs --tail 400 613db8e8654c"
I0603 04:51:33.671649   10365 logs.go:122] Gathering logs for kubelet ...
I0603 04:51:33.671671   10365 ssh_runner.go:194] Run: /bin/bash -c "sudo journalctl -u kubelet -n 400"
I0603 04:51:33.777029   10365 logs.go:122] Gathering logs for kube-apiserver [42270be2365f] ...
I0603 04:51:33.777053   10365 ssh_runner.go:194] Run: /bin/bash -c "docker logs --tail 400 42270be2365f"
I0603 04:51:33.891096   10365 logs.go:122] Gathering logs for kube-apiserver [85e4dc7631be] ...
I0603 04:51:33.891124   10365 ssh_runner.go:194] Run: /bin/bash -c "docker logs --tail 400 85e4dc7631be"
I0603 04:51:34.058456   10365 logs.go:122] Gathering logs for kube-controller-manager [06814c3285c9] ...
I0603 04:51:34.058493   10365 ssh_runner.go:194] Run: /bin/bash -c "docker logs --tail 400 06814c3285c9"
I0603 04:51:34.134624   10365 logs.go:122] Gathering logs for Docker ...
I0603 04:51:34.134653   10365 ssh_runner.go:194] Run: /bin/bash -c "sudo journalctl -u docker -u cri-docker -n 400"
I0603 04:51:34.193746   10365 logs.go:122] Gathering logs for container status ...
I0603 04:51:34.193769   10365 ssh_runner.go:194] Run: /bin/bash -c "sudo `which crictl || echo crictl` ps -a || sudo docker ps -a"
I0603 04:51:34.285075   10365 logs.go:122] Gathering logs for etcd [349258b6df58] ...
I0603 04:51:34.285148   10365 ssh_runner.go:194] Run: /bin/bash -c "docker logs --tail 400 349258b6df58"
I0603 04:51:34.473545   10365 logs.go:122] Gathering logs for kube-scheduler [a19d97dd9309] ...
I0603 04:51:34.473570   10365 ssh_runner.go:194] Run: /bin/bash -c "docker logs --tail 400 a19d97dd9309"
I0603 04:51:35.872789   10365 kapi.go:81] temporary error: getting Pods with label selector "app.kubernetes.io/name=ingress-nginx" : [Get "https://127.0.0.1:32771/api/v1/namespaces/ingress-nginx/pods?labelSelector=app.kubernetes.io%2Fname%3Dingress-nginx": read tcp 127.0.0.1:44574->127.0.0.1:32771: read: connection reset by peer - error from a previous attempt: read tcp 127.0.0.1:44560->127.0.0.1:32771: read: connection reset by peer]
I0603 04:51:37.030185   10365 ssh_runner.go:194] Run: sudo pgrep -xnf kube-apiserver.*minikube.*
I0603 04:51:37.076483   10365 ssh_runner.go:194] Run: docker ps -a --filter=name=k8s_kube-apiserver --format={{.ID}}
I0603 04:51:37.110104   10365 logs.go:281] 2 containers: [42270be2365f 85e4dc7631be]
I0603 04:51:37.110162   10365 ssh_runner.go:194] Run: docker ps -a --filter=name=k8s_etcd --format={{.ID}}
I0603 04:51:37.133716   10365 logs.go:281] 2 containers: [349258b6df58 21e19412e264]
I0603 04:51:37.133779   10365 ssh_runner.go:194] Run: docker ps -a --filter=name=k8s_coredns --format={{.ID}}
I0603 04:51:37.158893   10365 logs.go:281] 2 containers: [ac03be6e1600 cd9183ebaff4]
I0603 04:51:37.158958   10365 ssh_runner.go:194] Run: docker ps -a --filter=name=k8s_kube-scheduler --format={{.ID}}
I0603 04:51:37.183273   10365 logs.go:281] 2 containers: [a19d97dd9309 b898e357825c]
I0603 04:51:37.183344   10365 ssh_runner.go:194] Run: docker ps -a --filter=name=k8s_kube-proxy --format={{.ID}}
I0603 04:51:37.207133   10365 logs.go:281] 2 containers: [d57eab1ae12c 613db8e8654c]
I0603 04:51:37.207218   10365 ssh_runner.go:194] Run: docker ps -a --filter=name=k8s_kube-controller-manager --format={{.ID}}
I0603 04:51:37.231005   10365 logs.go:281] 2 containers: [142a54608b27 06814c3285c9]
I0603 04:51:37.231093   10365 ssh_runner.go:194] Run: docker ps -a --filter=name=k8s_kindnet --format={{.ID}}
I0603 04:51:37.254598   10365 logs.go:281] 0 containers: []
W0603 04:51:37.254610   10365 logs.go:283] No container was found matching "kindnet"
I0603 04:51:37.254661   10365 ssh_runner.go:194] Run: docker ps -a --filter=name=k8s_controller_ingress --format={{.ID}}
I0603 04:51:37.278569   10365 logs.go:281] 1 containers: [435dd4d847ee]
I0603 04:51:37.278624   10365 ssh_runner.go:194] Run: docker ps -a --filter=name=k8s_storage-provisioner --format={{.ID}}
I0603 04:51:37.302155   10365 logs.go:281] 2 containers: [4d2d81331688 bbe49a8a0f86]
I0603 04:51:37.302174   10365 logs.go:122] Gathering logs for kubelet ...
I0603 04:51:37.302181   10365 ssh_runner.go:194] Run: /bin/bash -c "sudo journalctl -u kubelet -n 400"
I0603 04:51:37.344536   10365 logs.go:122] Gathering logs for coredns [ac03be6e1600] ...
I0603 04:51:37.344550   10365 ssh_runner.go:194] Run: /bin/bash -c "docker logs --tail 400 ac03be6e1600"
I0603 04:51:37.378045   10365 logs.go:122] Gathering logs for coredns [cd9183ebaff4] ...
I0603 04:51:37.378056   10365 ssh_runner.go:194] Run: /bin/bash -c "docker logs --tail 400 cd9183ebaff4"
I0603 04:51:37.404412   10365 logs.go:122] Gathering logs for kube-scheduler [a19d97dd9309] ...
I0603 04:51:37.404426   10365 ssh_runner.go:194] Run: /bin/bash -c "docker logs --tail 400 a19d97dd9309"
I0603 04:51:37.454969   10365 logs.go:122] Gathering logs for kube-proxy [d57eab1ae12c] ...
I0603 04:51:37.454993   10365 ssh_runner.go:194] Run: /bin/bash -c "docker logs --tail 400 d57eab1ae12c"
I0603 04:51:37.486155   10365 logs.go:122] Gathering logs for kube-proxy [613db8e8654c] ...
I0603 04:51:37.486171   10365 ssh_runner.go:194] Run: /bin/bash -c "docker logs --tail 400 613db8e8654c"
I0603 04:51:37.514323   10365 logs.go:122] Gathering logs for kube-controller-manager [142a54608b27] ...
I0603 04:51:37.514337   10365 ssh_runner.go:194] Run: /bin/bash -c "docker logs --tail 400 142a54608b27"
I0603 04:51:37.551703   10365 logs.go:122] Gathering logs for kube-controller-manager [06814c3285c9] ...
I0603 04:51:37.551718   10365 ssh_runner.go:194] Run: /bin/bash -c "docker logs --tail 400 06814c3285c9"
I0603 04:51:37.589181   10365 logs.go:122] Gathering logs for kube-apiserver [85e4dc7631be] ...
I0603 04:51:37.589205   10365 ssh_runner.go:194] Run: /bin/bash -c "docker logs --tail 400 85e4dc7631be"
I0603 04:51:37.666905   10365 logs.go:122] Gathering logs for etcd [21e19412e264] ...
I0603 04:51:37.666919   10365 ssh_runner.go:194] Run: /bin/bash -c "docker logs --tail 400 21e19412e264"
I0603 04:51:37.707679   10365 logs.go:122] Gathering logs for kube-scheduler [b898e357825c] ...
I0603 04:51:37.707693   10365 ssh_runner.go:194] Run: /bin/bash -c "docker logs --tail 400 b898e357825c"
I0603 04:51:37.740732   10365 logs.go:122] Gathering logs for storage-provisioner [4d2d81331688] ...
I0603 04:51:37.740747   10365 ssh_runner.go:194] Run: /bin/bash -c "docker logs --tail 400 4d2d81331688"
I0603 04:51:37.785321   10365 logs.go:122] Gathering logs for storage-provisioner [bbe49a8a0f86] ...
I0603 04:51:37.785334   10365 ssh_runner.go:194] Run: /bin/bash -c "docker logs --tail 400 bbe49a8a0f86"
I0603 04:51:37.827282   10365 logs.go:122] Gathering logs for container status ...
I0603 04:51:37.827295   10365 ssh_runner.go:194] Run: /bin/bash -c "sudo `which crictl || echo crictl` ps -a || sudo docker ps -a"
I0603 04:51:37.869975   10365 logs.go:122] Gathering logs for dmesg ...
I0603 04:51:37.869992   10365 ssh_runner.go:194] Run: /bin/bash -c "sudo dmesg -PH -L=never --level warn,err,crit,alert,emerg | tail -n 400"
I0603 04:51:37.883467   10365 logs.go:122] Gathering logs for describe nodes ...
I0603 04:51:37.883478   10365 ssh_runner.go:194] Run: /bin/bash -c "sudo /var/lib/minikube/binaries/v1.35.1/kubectl describe nodes --kubeconfig=/var/lib/minikube/kubeconfig"
W0603 04:51:37.949741   10365 logs.go:129] failed describe nodes: command: /bin/bash -c "sudo /var/lib/minikube/binaries/v1.35.1/kubectl describe nodes --kubeconfig=/var/lib/minikube/kubeconfig" /bin/bash -c "sudo /var/lib/minikube/binaries/v1.35.1/kubectl describe nodes --kubeconfig=/var/lib/minikube/kubeconfig": Process exited with status 1
stdout:

stderr:
E0603 01:51:37.938296   10942 memcache.go:265] "Unhandled Error" err="couldn't get current server API group list: Get \"https://localhost:8443/api?timeout=32s\": dial tcp [::1]:8443: connect: connection refused"
E0603 01:51:37.939015   10942 memcache.go:265] "Unhandled Error" err="couldn't get current server API group list: Get \"https://localhost:8443/api?timeout=32s\": dial tcp [::1]:8443: connect: connection refused"
E0603 01:51:37.941827   10942 memcache.go:265] "Unhandled Error" err="couldn't get current server API group list: Get \"https://localhost:8443/api?timeout=32s\": dial tcp [::1]:8443: connect: connection refused"
E0603 01:51:37.942719   10942 memcache.go:265] "Unhandled Error" err="couldn't get current server API group list: Get \"https://localhost:8443/api?timeout=32s\": dial tcp [::1]:8443: connect: connection refused"
E0603 01:51:37.945717   10942 memcache.go:265] "Unhandled Error" err="couldn't get current server API group list: Get \"https://localhost:8443/api?timeout=32s\": dial tcp [::1]:8443: connect: connection refused"
The connection to the server localhost:8443 was refused - did you specify the right host or port?
 output: 
** stderr ** 
E0603 01:51:37.938296   10942 memcache.go:265] "Unhandled Error" err="couldn't get current server API group list: Get \"https://localhost:8443/api?timeout=32s\": dial tcp [::1]:8443: connect: connection refused"
E0603 01:51:37.939015   10942 memcache.go:265] "Unhandled Error" err="couldn't get current server API group list: Get \"https://localhost:8443/api?timeout=32s\": dial tcp [::1]:8443: connect: connection refused"
E0603 01:51:37.941827   10942 memcache.go:265] "Unhandled Error" err="couldn't get current server API group list: Get \"https://localhost:8443/api?timeout=32s\": dial tcp [::1]:8443: connect: connection refused"
E0603 01:51:37.942719   10942 memcache.go:265] "Unhandled Error" err="couldn't get current server API group list: Get \"https://localhost:8443/api?timeout=32s\": dial tcp [::1]:8443: connect: connection refused"
E0603 01:51:37.945717   10942 memcache.go:265] "Unhandled Error" err="couldn't get current server API group list: Get \"https://localhost:8443/api?timeout=32s\": dial tcp [::1]:8443: connect: connection refused"
The connection to the server localhost:8443 was refused - did you specify the right host or port?

** /stderr **
I0603 04:51:37.949750   10365 logs.go:122] Gathering logs for kube-apiserver [42270be2365f] ...
I0603 04:51:37.949757   10365 ssh_runner.go:194] Run: /bin/bash -c "docker logs --tail 400 42270be2365f"
I0603 04:51:37.997788   10365 logs.go:122] Gathering logs for etcd [349258b6df58] ...
I0603 04:51:37.997803   10365 ssh_runner.go:194] Run: /bin/bash -c "docker logs --tail 400 349258b6df58"
I0603 04:51:38.079085   10365 logs.go:122] Gathering logs for controller_ingress [435dd4d847ee] ...
I0603 04:51:38.079102   10365 ssh_runner.go:194] Run: /bin/bash -c "docker logs --tail 400 435dd4d847ee"
I0603 04:51:38.109027   10365 logs.go:122] Gathering logs for Docker ...
I0603 04:51:38.109042   10365 ssh_runner.go:194] Run: /bin/bash -c "sudo journalctl -u docker -u cri-docker -n 400"
I0603 04:51:40.637540   10365 ssh_runner.go:194] Run: sudo pgrep -xnf kube-apiserver.*minikube.*
I0603 04:51:40.684066   10365 ssh_runner.go:194] Run: docker ps -a --filter=name=k8s_kube-apiserver --format={{.ID}}
I0603 04:51:40.722738   10365 logs.go:281] 2 containers: [42270be2365f 85e4dc7631be]
I0603 04:51:40.722794   10365 ssh_runner.go:194] Run: docker ps -a --filter=name=k8s_etcd --format={{.ID}}
I0603 04:51:40.746557   10365 logs.go:281] 2 containers: [349258b6df58 21e19412e264]
I0603 04:51:40.746645   10365 ssh_runner.go:194] Run: docker ps -a --filter=name=k8s_coredns --format={{.ID}}
I0603 04:51:40.770977   10365 logs.go:281] 2 containers: [ac03be6e1600 cd9183ebaff4]
I0603 04:51:40.771037   10365 ssh_runner.go:194] Run: docker ps -a --filter=name=k8s_kube-scheduler --format={{.ID}}
I0603 04:51:40.800611   10365 logs.go:281] 2 containers: [a19d97dd9309 b898e357825c]
I0603 04:51:40.800693   10365 ssh_runner.go:194] Run: docker ps -a --filter=name=k8s_kube-proxy --format={{.ID}}
I0603 04:51:40.825568   10365 logs.go:281] 2 containers: [d57eab1ae12c 613db8e8654c]
I0603 04:51:40.825628   10365 ssh_runner.go:194] Run: docker ps -a --filter=name=k8s_kube-controller-manager --format={{.ID}}
I0603 04:51:40.848303   10365 logs.go:281] 2 containers: [142a54608b27 06814c3285c9]
I0603 04:51:40.848364   10365 ssh_runner.go:194] Run: docker ps -a --filter=name=k8s_kindnet --format={{.ID}}
I0603 04:51:40.872007   10365 logs.go:281] 0 containers: []
W0603 04:51:40.872020   10365 logs.go:283] No container was found matching "kindnet"
I0603 04:51:40.872074   10365 ssh_runner.go:194] Run: docker ps -a --filter=name=k8s_controller_ingress --format={{.ID}}
I0603 04:51:40.897382   10365 logs.go:281] 1 containers: [435dd4d847ee]
I0603 04:51:40.897445   10365 ssh_runner.go:194] Run: docker ps -a --filter=name=k8s_storage-provisioner --format={{.ID}}
I0603 04:51:40.921947   10365 logs.go:281] 2 containers: [4d2d81331688 bbe49a8a0f86]
I0603 04:51:40.921965   10365 logs.go:122] Gathering logs for describe nodes ...
I0603 04:51:40.921973   10365 ssh_runner.go:194] Run: /bin/bash -c "sudo /var/lib/minikube/binaries/v1.35.1/kubectl describe nodes --kubeconfig=/var/lib/minikube/kubeconfig"
W0603 04:51:40.987920   10365 logs.go:129] failed describe nodes: command: /bin/bash -c "sudo /var/lib/minikube/binaries/v1.35.1/kubectl describe nodes --kubeconfig=/var/lib/minikube/kubeconfig" /bin/bash -c "sudo /var/lib/minikube/binaries/v1.35.1/kubectl describe nodes --kubeconfig=/var/lib/minikube/kubeconfig": Process exited with status 1
stdout:

stderr:
E0603 01:51:40.978249   11130 memcache.go:265] "Unhandled Error" err="couldn't get current server API group list: Get \"https://localhost:8443/api?timeout=32s\": dial tcp [::1]:8443: connect: connection refused"
E0603 01:51:40.978981   11130 memcache.go:265] "Unhandled Error" err="couldn't get current server API group list: Get \"https://localhost:8443/api?timeout=32s\": dial tcp [::1]:8443: connect: connection refused"
E0603 01:51:40.980786   11130 memcache.go:265] "Unhandled Error" err="couldn't get current server API group list: Get \"https://localhost:8443/api?timeout=32s\": dial tcp [::1]:8443: connect: connection refused"
E0603 01:51:40.981562   11130 memcache.go:265] "Unhandled Error" err="couldn't get current server API group list: Get \"https://localhost:8443/api?timeout=32s\": dial tcp [::1]:8443: connect: connection refused"
E0603 01:51:40.983424   11130 memcache.go:265] "Unhandled Error" err="couldn't get current server API group list: Get \"https://localhost:8443/api?timeout=32s\": dial tcp [::1]:8443: connect: connection refused"
The connection to the server localhost:8443 was refused - did you specify the right host or port?
 output: 
** stderr ** 
E0603 01:51:40.978249   11130 memcache.go:265] "Unhandled Error" err="couldn't get current server API group list: Get \"https://localhost:8443/api?timeout=32s\": dial tcp [::1]:8443: connect: connection refused"
E0603 01:51:40.978981   11130 memcache.go:265] "Unhandled Error" err="couldn't get current server API group list: Get \"https://localhost:8443/api?timeout=32s\": dial tcp [::1]:8443: connect: connection refused"
E0603 01:51:40.980786   11130 memcache.go:265] "Unhandled Error" err="couldn't get current server API group list: Get \"https://localhost:8443/api?timeout=32s\": dial tcp [::1]:8443: connect: connection refused"
E0603 01:51:40.981562   11130 memcache.go:265] "Unhandled Error" err="couldn't get current server API group list: Get \"https://localhost:8443/api?timeout=32s\": dial tcp [::1]:8443: connect: connection refused"
E0603 01:51:40.983424   11130 memcache.go:265] "Unhandled Error" err="couldn't get current server API group list: Get \"https://localhost:8443/api?timeout=32s\": dial tcp [::1]:8443: connect: connection refused"
The connection to the server localhost:8443 was refused - did you specify the right host or port?

** /stderr **
I0603 04:51:40.987927   10365 logs.go:122] Gathering logs for kube-apiserver [42270be2365f] ...
I0603 04:51:40.987937   10365 ssh_runner.go:194] Run: /bin/bash -c "docker logs --tail 400 42270be2365f"
I0603 04:51:41.035062   10365 logs.go:122] Gathering logs for kube-apiserver [85e4dc7631be] ...
I0603 04:51:41.035077   10365 ssh_runner.go:194] Run: /bin/bash -c "docker logs --tail 400 85e4dc7631be"
I0603 04:51:41.107592   10365 logs.go:122] Gathering logs for etcd [349258b6df58] ...
I0603 04:51:41.107610   10365 ssh_runner.go:194] Run: /bin/bash -c "docker logs --tail 400 349258b6df58"
I0603 04:51:41.198771   10365 logs.go:122] Gathering logs for kube-scheduler [b898e357825c] ...
I0603 04:51:41.198786   10365 ssh_runner.go:194] Run: /bin/bash -c "docker logs --tail 400 b898e357825c"
I0603 04:51:41.237053   10365 logs.go:122] Gathering logs for kube-controller-manager [06814c3285c9] ...
I0603 04:51:41.237079   10365 ssh_runner.go:194] Run: /bin/bash -c "docker logs --tail 400 06814c3285c9"
I0603 04:51:41.281439   10365 logs.go:122] Gathering logs for dmesg ...
I0603 04:51:41.281453   10365 ssh_runner.go:194] Run: /bin/bash -c "sudo dmesg -PH -L=never --level warn,err,crit,alert,emerg | tail -n 400"
I0603 04:51:41.294899   10365 logs.go:122] Gathering logs for coredns [ac03be6e1600] ...
I0603 04:51:41.294912   10365 ssh_runner.go:194] Run: /bin/bash -c "docker logs --tail 400 ac03be6e1600"
I0603 04:51:41.328499   10365 logs.go:122] Gathering logs for coredns [cd9183ebaff4] ...
I0603 04:51:41.328512   10365 ssh_runner.go:194] Run: /bin/bash -c "docker logs --tail 400 cd9183ebaff4"
I0603 04:51:41.356382   10365 logs.go:122] Gathering logs for kube-controller-manager [142a54608b27] ...
I0603 04:51:41.356398   10365 ssh_runner.go:194] Run: /bin/bash -c "docker logs --tail 400 142a54608b27"
I0603 04:51:41.394030   10365 logs.go:122] Gathering logs for controller_ingress [435dd4d847ee] ...
I0603 04:51:41.394045   10365 ssh_runner.go:194] Run: /bin/bash -c "docker logs --tail 400 435dd4d847ee"
I0603 04:51:41.423195   10365 logs.go:122] Gathering logs for storage-provisioner [4d2d81331688] ...
I0603 04:51:41.423209   10365 ssh_runner.go:194] Run: /bin/bash -c "docker logs --tail 400 4d2d81331688"
I0603 04:51:41.471896   10365 logs.go:122] Gathering logs for Docker ...
I0603 04:51:41.471912   10365 ssh_runner.go:194] Run: /bin/bash -c "sudo journalctl -u docker -u cri-docker -n 400"
I0603 04:51:41.498590   10365 logs.go:122] Gathering logs for kubelet ...
I0603 04:51:41.498607   10365 ssh_runner.go:194] Run: /bin/bash -c "sudo journalctl -u kubelet -n 400"
I0603 04:51:41.542515   10365 logs.go:122] Gathering logs for etcd [21e19412e264] ...
I0603 04:51:41.542533   10365 ssh_runner.go:194] Run: /bin/bash -c "docker logs --tail 400 21e19412e264"
I0603 04:51:41.586806   10365 logs.go:122] Gathering logs for kube-scheduler [a19d97dd9309] ...
I0603 04:51:41.586824   10365 ssh_runner.go:194] Run: /bin/bash -c "docker logs --tail 400 a19d97dd9309"
I0603 04:51:41.612689   10365 logs.go:122] Gathering logs for storage-provisioner [bbe49a8a0f86] ...
I0603 04:51:41.612701   10365 ssh_runner.go:194] Run: /bin/bash -c "docker logs --tail 400 bbe49a8a0f86"
I0603 04:51:41.653059   10365 logs.go:122] Gathering logs for kube-proxy [d57eab1ae12c] ...
I0603 04:51:41.653073   10365 ssh_runner.go:194] Run: /bin/bash -c "docker logs --tail 400 d57eab1ae12c"
I0603 04:51:41.683183   10365 logs.go:122] Gathering logs for kube-proxy [613db8e8654c] ...
I0603 04:51:41.683194   10365 ssh_runner.go:194] Run: /bin/bash -c "docker logs --tail 400 613db8e8654c"
I0603 04:51:41.710473   10365 logs.go:122] Gathering logs for container status ...
I0603 04:51:41.710486   10365 ssh_runner.go:194] Run: /bin/bash -c "sudo `which crictl || echo crictl` ps -a || sudo docker ps -a"
I0603 04:51:44.254433   10365 ssh_runner.go:194] Run: sudo pgrep -xnf kube-apiserver.*minikube.*
I0603 04:51:44.270639   10365 ssh_runner.go:194] Run: docker ps -a --filter=name=k8s_kube-apiserver --format={{.ID}}
I0603 04:51:44.294665   10365 logs.go:281] 2 containers: [42270be2365f 85e4dc7631be]
I0603 04:51:44.294728   10365 ssh_runner.go:194] Run: docker ps -a --filter=name=k8s_etcd --format={{.ID}}
I0603 04:51:44.319426   10365 logs.go:281] 2 containers: [349258b6df58 21e19412e264]
I0603 04:51:44.319495   10365 ssh_runner.go:194] Run: docker ps -a --filter=name=k8s_coredns --format={{.ID}}
I0603 04:51:44.343189   10365 logs.go:281] 2 containers: [ac03be6e1600 cd9183ebaff4]
I0603 04:51:44.343250   10365 ssh_runner.go:194] Run: docker ps -a --filter=name=k8s_kube-scheduler --format={{.ID}}
I0603 04:51:44.366932   10365 logs.go:281] 2 containers: [a19d97dd9309 b898e357825c]
I0603 04:51:44.367001   10365 ssh_runner.go:194] Run: docker ps -a --filter=name=k8s_kube-proxy --format={{.ID}}
I0603 04:51:44.393029   10365 logs.go:281] 2 containers: [d57eab1ae12c 613db8e8654c]
I0603 04:51:44.393144   10365 ssh_runner.go:194] Run: docker ps -a --filter=name=k8s_kube-controller-manager --format={{.ID}}
I0603 04:51:44.418223   10365 logs.go:281] 2 containers: [142a54608b27 06814c3285c9]
I0603 04:51:44.418288   10365 ssh_runner.go:194] Run: docker ps -a --filter=name=k8s_kindnet --format={{.ID}}
I0603 04:51:44.440612   10365 logs.go:281] 0 containers: []
W0603 04:51:44.440623   10365 logs.go:283] No container was found matching "kindnet"
I0603 04:51:44.440670   10365 ssh_runner.go:194] Run: docker ps -a --filter=name=k8s_controller_ingress --format={{.ID}}
I0603 04:51:44.466091   10365 logs.go:281] 1 containers: [435dd4d847ee]
I0603 04:51:44.466150   10365 ssh_runner.go:194] Run: docker ps -a --filter=name=k8s_storage-provisioner --format={{.ID}}
I0603 04:51:44.489083   10365 logs.go:281] 2 containers: [4d2d81331688 bbe49a8a0f86]
I0603 04:51:44.489172   10365 logs.go:122] Gathering logs for coredns [ac03be6e1600] ...
I0603 04:51:44.489180   10365 ssh_runner.go:194] Run: /bin/bash -c "docker logs --tail 400 ac03be6e1600"
I0603 04:51:44.525706   10365 logs.go:122] Gathering logs for kube-proxy [d57eab1ae12c] ...
I0603 04:51:44.525733   10365 ssh_runner.go:194] Run: /bin/bash -c "docker logs --tail 400 d57eab1ae12c"
I0603 04:51:44.552690   10365 logs.go:122] Gathering logs for kube-controller-manager [06814c3285c9] ...
I0603 04:51:44.552703   10365 ssh_runner.go:194] Run: /bin/bash -c "docker logs --tail 400 06814c3285c9"
I0603 04:51:44.590122   10365 logs.go:122] Gathering logs for Docker ...
I0603 04:51:44.590134   10365 ssh_runner.go:194] Run: /bin/bash -c "sudo journalctl -u docker -u cri-docker -n 400"
I0603 04:51:44.618437   10365 logs.go:122] Gathering logs for kubelet ...
I0603 04:51:44.618451   10365 ssh_runner.go:194] Run: /bin/bash -c "sudo journalctl -u kubelet -n 400"
I0603 04:51:44.668099   10365 logs.go:122] Gathering logs for dmesg ...
I0603 04:51:44.668118   10365 ssh_runner.go:194] Run: /bin/bash -c "sudo dmesg -PH -L=never --level warn,err,crit,alert,emerg | tail -n 400"
I0603 04:51:44.684335   10365 logs.go:122] Gathering logs for kube-apiserver [42270be2365f] ...
I0603 04:51:44.684347   10365 ssh_runner.go:194] Run: /bin/bash -c "docker logs --tail 400 42270be2365f"
I0603 04:51:44.736555   10365 logs.go:122] Gathering logs for controller_ingress [435dd4d847ee] ...
I0603 04:51:44.736572   10365 ssh_runner.go:194] Run: /bin/bash -c "docker logs --tail 400 435dd4d847ee"
I0603 04:51:44.765756   10365 logs.go:122] Gathering logs for storage-provisioner [4d2d81331688] ...
I0603 04:51:44.765769   10365 ssh_runner.go:194] Run: /bin/bash -c "docker logs --tail 400 4d2d81331688"
I0603 04:51:44.812468   10365 logs.go:122] Gathering logs for storage-provisioner [bbe49a8a0f86] ...
I0603 04:51:44.812483   10365 ssh_runner.go:194] Run: /bin/bash -c "docker logs --tail 400 bbe49a8a0f86"
I0603 04:51:44.853772   10365 logs.go:122] Gathering logs for describe nodes ...
I0603 04:51:44.853787   10365 ssh_runner.go:194] Run: /bin/bash -c "sudo /var/lib/minikube/binaries/v1.35.1/kubectl describe nodes --kubeconfig=/var/lib/minikube/kubeconfig"
W0603 04:51:44.921618   10365 logs.go:129] failed describe nodes: command: /bin/bash -c "sudo /var/lib/minikube/binaries/v1.35.1/kubectl describe nodes --kubeconfig=/var/lib/minikube/kubeconfig" /bin/bash -c "sudo /var/lib/minikube/binaries/v1.35.1/kubectl describe nodes --kubeconfig=/var/lib/minikube/kubeconfig": Process exited with status 1
stdout:

stderr:
E0603 01:51:44.911623   11532 memcache.go:265] "Unhandled Error" err="couldn't get current server API group list: Get \"https://localhost:8443/api?timeout=32s\": dial tcp [::1]:8443: connect: connection refused"
E0603 01:51:44.912337   11532 memcache.go:265] "Unhandled Error" err="couldn't get current server API group list: Get \"https://localhost:8443/api?timeout=32s\": dial tcp [::1]:8443: connect: connection refused"
E0603 01:51:44.914671   11532 memcache.go:265] "Unhandled Error" err="couldn't get current server API group list: Get \"https://localhost:8443/api?timeout=32s\": dial tcp [::1]:8443: connect: connection refused"
E0603 01:51:44.915449   11532 memcache.go:265] "Unhandled Error" err="couldn't get current server API group list: Get \"https://localhost:8443/api?timeout=32s\": dial tcp [::1]:8443: connect: connection refused"
E0603 01:51:44.917398   11532 memcache.go:265] "Unhandled Error" err="couldn't get current server API group list: Get \"https://localhost:8443/api?timeout=32s\": dial tcp [::1]:8443: connect: connection refused"
The connection to the server localhost:8443 was refused - did you specify the right host or port?
 output: 
** stderr ** 
E0603 01:51:44.911623   11532 memcache.go:265] "Unhandled Error" err="couldn't get current server API group list: Get \"https://localhost:8443/api?timeout=32s\": dial tcp [::1]:8443: connect: connection refused"
E0603 01:51:44.912337   11532 memcache.go:265] "Unhandled Error" err="couldn't get current server API group list: Get \"https://localhost:8443/api?timeout=32s\": dial tcp [::1]:8443: connect: connection refused"
E0603 01:51:44.914671   11532 memcache.go:265] "Unhandled Error" err="couldn't get current server API group list: Get \"https://localhost:8443/api?timeout=32s\": dial tcp [::1]:8443: connect: connection refused"
E0603 01:51:44.915449   11532 memcache.go:265] "Unhandled Error" err="couldn't get current server API group list: Get \"https://localhost:8443/api?timeout=32s\": dial tcp [::1]:8443: connect: connection refused"
E0603 01:51:44.917398   11532 memcache.go:265] "Unhandled Error" err="couldn't get current server API group list: Get \"https://localhost:8443/api?timeout=32s\": dial tcp [::1]:8443: connect: connection refused"
The connection to the server localhost:8443 was refused - did you specify the right host or port?

** /stderr **
I0603 04:51:44.921630   10365 logs.go:122] Gathering logs for kube-apiserver [85e4dc7631be] ...
I0603 04:51:44.921646   10365 ssh_runner.go:194] Run: /bin/bash -c "docker logs --tail 400 85e4dc7631be"
I0603 04:51:45.005633   10365 logs.go:122] Gathering logs for kube-scheduler [a19d97dd9309] ...
I0603 04:51:45.005659   10365 ssh_runner.go:194] Run: /bin/bash -c "docker logs --tail 400 a19d97dd9309"
I0603 04:51:45.032826   10365 logs.go:122] Gathering logs for kube-scheduler [b898e357825c] ...
I0603 04:51:45.032843   10365 ssh_runner.go:194] Run: /bin/bash -c "docker logs --tail 400 b898e357825c"
I0603 04:51:45.064530   10365 logs.go:122] Gathering logs for kube-proxy [613db8e8654c] ...
I0603 04:51:45.064555   10365 ssh_runner.go:194] Run: /bin/bash -c "docker logs --tail 400 613db8e8654c"
I0603 04:51:45.092244   10365 logs.go:122] Gathering logs for etcd [349258b6df58] ...
I0603 04:51:45.092258   10365 ssh_runner.go:194] Run: /bin/bash -c "docker logs --tail 400 349258b6df58"
I0603 04:51:45.179835   10365 logs.go:122] Gathering logs for coredns [cd9183ebaff4] ...
I0603 04:51:45.179859   10365 ssh_runner.go:194] Run: /bin/bash -c "docker logs --tail 400 cd9183ebaff4"
I0603 04:51:45.208503   10365 logs.go:122] Gathering logs for kube-controller-manager [142a54608b27] ...
I0603 04:51:45.208518   10365 ssh_runner.go:194] Run: /bin/bash -c "docker logs --tail 400 142a54608b27"
I0603 04:51:45.247605   10365 logs.go:122] Gathering logs for container status ...
I0603 04:51:45.247617   10365 ssh_runner.go:194] Run: /bin/bash -c "sudo `which crictl || echo crictl` ps -a || sudo docker ps -a"
I0603 04:51:45.295169   10365 logs.go:122] Gathering logs for etcd [21e19412e264] ...
I0603 04:51:45.295186   10365 ssh_runner.go:194] Run: /bin/bash -c "docker logs --tail 400 21e19412e264"
I0603 04:51:45.894038   10365 kapi.go:81] temporary error: getting Pods with label selector "app.kubernetes.io/name=ingress-nginx" : [Get "https://127.0.0.1:32771/api/v1/namespaces/ingress-nginx/pods?labelSelector=app.kubernetes.io%2Fname%3Dingress-nginx": EOF - error from a previous attempt: read tcp 127.0.0.1:36656->127.0.0.1:32771: read: connection reset by peer]
I0603 04:51:47.837362   10365 ssh_runner.go:194] Run: sudo pgrep -xnf kube-apiserver.*minikube.*
I0603 04:51:47.856927   10365 ssh_runner.go:194] Run: docker ps -a --filter=name=k8s_kube-apiserver --format={{.ID}}
I0603 04:51:47.883077   10365 logs.go:281] 2 containers: [42270be2365f 85e4dc7631be]
I0603 04:51:47.883142   10365 ssh_runner.go:194] Run: docker ps -a --filter=name=k8s_etcd --format={{.ID}}
I0603 04:51:47.908416   10365 logs.go:281] 2 containers: [349258b6df58 21e19412e264]
I0603 04:51:47.908470   10365 ssh_runner.go:194] Run: docker ps -a --filter=name=k8s_coredns --format={{.ID}}
I0603 04:51:47.956302   10365 logs.go:281] 2 containers: [ac03be6e1600 cd9183ebaff4]
I0603 04:51:47.956389   10365 ssh_runner.go:194] Run: docker ps -a --filter=name=k8s_kube-scheduler --format={{.ID}}
I0603 04:51:47.984393   10365 logs.go:281] 2 containers: [a19d97dd9309 b898e357825c]
I0603 04:51:47.984462   10365 ssh_runner.go:194] Run: docker ps -a --filter=name=k8s_kube-proxy --format={{.ID}}
I0603 04:51:48.012708   10365 logs.go:281] 2 containers: [d57eab1ae12c 613db8e8654c]
I0603 04:51:48.012767   10365 ssh_runner.go:194] Run: docker ps -a --filter=name=k8s_kube-controller-manager --format={{.ID}}
I0603 04:51:48.037054   10365 logs.go:281] 2 containers: [142a54608b27 06814c3285c9]
I0603 04:51:48.037142   10365 ssh_runner.go:194] Run: docker ps -a --filter=name=k8s_kindnet --format={{.ID}}
I0603 04:51:48.060728   10365 logs.go:281] 0 containers: []
W0603 04:51:48.060744   10365 logs.go:283] No container was found matching "kindnet"
I0603 04:51:48.060804   10365 ssh_runner.go:194] Run: docker ps -a --filter=name=k8s_controller_ingress --format={{.ID}}
I0603 04:51:48.085130   10365 logs.go:281] 1 containers: [435dd4d847ee]
I0603 04:51:48.085190   10365 ssh_runner.go:194] Run: docker ps -a --filter=name=k8s_storage-provisioner --format={{.ID}}
I0603 04:51:48.111869   10365 logs.go:281] 2 containers: [4d2d81331688 bbe49a8a0f86]
I0603 04:51:48.111893   10365 logs.go:122] Gathering logs for kubelet ...
I0603 04:51:48.111901   10365 ssh_runner.go:194] Run: /bin/bash -c "sudo journalctl -u kubelet -n 400"
I0603 04:51:48.154147   10365 logs.go:122] Gathering logs for describe nodes ...
I0603 04:51:48.154162   10365 ssh_runner.go:194] Run: /bin/bash -c "sudo /var/lib/minikube/binaries/v1.35.1/kubectl describe nodes --kubeconfig=/var/lib/minikube/kubeconfig"
W0603 04:51:48.226561   10365 logs.go:129] failed describe nodes: command: /bin/bash -c "sudo /var/lib/minikube/binaries/v1.35.1/kubectl describe nodes --kubeconfig=/var/lib/minikube/kubeconfig" /bin/bash -c "sudo /var/lib/minikube/binaries/v1.35.1/kubectl describe nodes --kubeconfig=/var/lib/minikube/kubeconfig": Process exited with status 1
stdout:

stderr:
E0603 01:51:48.216255   11790 memcache.go:265] "Unhandled Error" err="couldn't get current server API group list: Get \"https://localhost:8443/api?timeout=32s\": dial tcp [::1]:8443: connect: connection refused"
E0603 01:51:48.217037   11790 memcache.go:265] "Unhandled Error" err="couldn't get current server API group list: Get \"https://localhost:8443/api?timeout=32s\": dial tcp [::1]:8443: connect: connection refused"
E0603 01:51:48.219283   11790 memcache.go:265] "Unhandled Error" err="couldn't get current server API group list: Get \"https://localhost:8443/api?timeout=32s\": dial tcp [::1]:8443: connect: connection refused"
E0603 01:51:48.220055   11790 memcache.go:265] "Unhandled Error" err="couldn't get current server API group list: Get \"https://localhost:8443/api?timeout=32s\": dial tcp [::1]:8443: connect: connection refused"
E0603 01:51:48.222361   11790 memcache.go:265] "Unhandled Error" err="couldn't get current server API group list: Get \"https://localhost:8443/api?timeout=32s\": dial tcp [::1]:8443: connect: connection refused"
The connection to the server localhost:8443 was refused - did you specify the right host or port?
 output: 
** stderr ** 
E0603 01:51:48.216255   11790 memcache.go:265] "Unhandled Error" err="couldn't get current server API group list: Get \"https://localhost:8443/api?timeout=32s\": dial tcp [::1]:8443: connect: connection refused"
E0603 01:51:48.217037   11790 memcache.go:265] "Unhandled Error" err="couldn't get current server API group list: Get \"https://localhost:8443/api?timeout=32s\": dial tcp [::1]:8443: connect: connection refused"
E0603 01:51:48.219283   11790 memcache.go:265] "Unhandled Error" err="couldn't get current server API group list: Get \"https://localhost:8443/api?timeout=32s\": dial tcp [::1]:8443: connect: connection refused"
E0603 01:51:48.220055   11790 memcache.go:265] "Unhandled Error" err="couldn't get current server API group list: Get \"https://localhost:8443/api?timeout=32s\": dial tcp [::1]:8443: connect: connection refused"
E0603 01:51:48.222361   11790 memcache.go:265] "Unhandled Error" err="couldn't get current server API group list: Get \"https://localhost:8443/api?timeout=32s\": dial tcp [::1]:8443: connect: connection refused"
The connection to the server localhost:8443 was refused - did you specify the right host or port?

** /stderr **
I0603 04:51:48.226569   10365 logs.go:122] Gathering logs for etcd [21e19412e264] ...
I0603 04:51:48.226576   10365 ssh_runner.go:194] Run: /bin/bash -c "docker logs --tail 400 21e19412e264"
I0603 04:51:48.265083   10365 logs.go:122] Gathering logs for kube-scheduler [b898e357825c] ...
I0603 04:51:48.265129   10365 ssh_runner.go:194] Run: /bin/bash -c "docker logs --tail 400 b898e357825c"
I0603 04:51:48.297027   10365 logs.go:122] Gathering logs for kube-controller-manager [142a54608b27] ...
I0603 04:51:48.297041   10365 ssh_runner.go:194] Run: /bin/bash -c "docker logs --tail 400 142a54608b27"
I0603 04:51:48.335564   10365 logs.go:122] Gathering logs for controller_ingress [435dd4d847ee] ...
I0603 04:51:48.335582   10365 ssh_runner.go:194] Run: /bin/bash -c "docker logs --tail 400 435dd4d847ee"
I0603 04:51:48.369697   10365 logs.go:122] Gathering logs for storage-provisioner [bbe49a8a0f86] ...
I0603 04:51:48.369709   10365 ssh_runner.go:194] Run: /bin/bash -c "docker logs --tail 400 bbe49a8a0f86"
I0603 04:51:48.416328   10365 logs.go:122] Gathering logs for dmesg ...
I0603 04:51:48.416357   10365 ssh_runner.go:194] Run: /bin/bash -c "sudo dmesg -PH -L=never --level warn,err,crit,alert,emerg | tail -n 400"
I0603 04:51:48.431058   10365 logs.go:122] Gathering logs for kube-scheduler [a19d97dd9309] ...
I0603 04:51:48.431069   10365 ssh_runner.go:194] Run: /bin/bash -c "docker logs --tail 400 a19d97dd9309"
I0603 04:51:48.464101   10365 logs.go:122] Gathering logs for storage-provisioner [4d2d81331688] ...
I0603 04:51:48.464112   10365 ssh_runner.go:194] Run: /bin/bash -c "docker logs --tail 400 4d2d81331688"
I0603 04:51:48.509755   10365 logs.go:122] Gathering logs for kube-apiserver [85e4dc7631be] ...
I0603 04:51:48.509772   10365 ssh_runner.go:194] Run: /bin/bash -c "docker logs --tail 400 85e4dc7631be"
I0603 04:51:48.584165   10365 logs.go:122] Gathering logs for etcd [349258b6df58] ...
I0603 04:51:48.584195   10365 ssh_runner.go:194] Run: /bin/bash -c "docker logs --tail 400 349258b6df58"
I0603 04:51:48.675290   10365 logs.go:122] Gathering logs for coredns [ac03be6e1600] ...
I0603 04:51:48.675311   10365 ssh_runner.go:194] Run: /bin/bash -c "docker logs --tail 400 ac03be6e1600"
I0603 04:51:48.720163   10365 logs.go:122] Gathering logs for coredns [cd9183ebaff4] ...
I0603 04:51:48.720180   10365 ssh_runner.go:194] Run: /bin/bash -c "docker logs --tail 400 cd9183ebaff4"
I0603 04:51:48.751798   10365 logs.go:122] Gathering logs for kube-proxy [d57eab1ae12c] ...
I0603 04:51:48.751810   10365 ssh_runner.go:194] Run: /bin/bash -c "docker logs --tail 400 d57eab1ae12c"
I0603 04:51:48.779488   10365 logs.go:122] Gathering logs for kube-proxy [613db8e8654c] ...
I0603 04:51:48.779504   10365 ssh_runner.go:194] Run: /bin/bash -c "docker logs --tail 400 613db8e8654c"
I0603 04:51:48.807464   10365 logs.go:122] Gathering logs for kube-apiserver [42270be2365f] ...
I0603 04:51:48.807477   10365 ssh_runner.go:194] Run: /bin/bash -c "docker logs --tail 400 42270be2365f"
I0603 04:51:48.859382   10365 logs.go:122] Gathering logs for kube-controller-manager [06814c3285c9] ...
I0603 04:51:48.859403   10365 ssh_runner.go:194] Run: /bin/bash -c "docker logs --tail 400 06814c3285c9"
I0603 04:51:48.900554   10365 logs.go:122] Gathering logs for Docker ...
I0603 04:51:48.900567   10365 ssh_runner.go:194] Run: /bin/bash -c "sudo journalctl -u docker -u cri-docker -n 400"
I0603 04:51:48.926740   10365 logs.go:122] Gathering logs for container status ...
I0603 04:51:48.926753   10365 ssh_runner.go:194] Run: /bin/bash -c "sudo `which crictl || echo crictl` ps -a || sudo docker ps -a"
I0603 04:51:51.470502   10365 ssh_runner.go:194] Run: sudo pgrep -xnf kube-apiserver.*minikube.*
I0603 04:51:51.507093   10365 ssh_runner.go:194] Run: docker ps -a --filter=name=k8s_kube-apiserver --format={{.ID}}
I0603 04:51:51.564685   10365 logs.go:281] 2 containers: [42270be2365f 85e4dc7631be]
I0603 04:51:51.564777   10365 ssh_runner.go:194] Run: docker ps -a --filter=name=k8s_etcd --format={{.ID}}
I0603 04:51:51.616408   10365 logs.go:281] 2 containers: [349258b6df58 21e19412e264]
I0603 04:51:51.616522   10365 ssh_runner.go:194] Run: docker ps -a --filter=name=k8s_coredns --format={{.ID}}
I0603 04:51:51.665559   10365 logs.go:281] 2 containers: [ac03be6e1600 cd9183ebaff4]
I0603 04:51:51.665668   10365 ssh_runner.go:194] Run: docker ps -a --filter=name=k8s_kube-scheduler --format={{.ID}}
I0603 04:51:51.716256   10365 logs.go:281] 2 containers: [a19d97dd9309 b898e357825c]
I0603 04:51:51.716429   10365 ssh_runner.go:194] Run: docker ps -a --filter=name=k8s_kube-proxy --format={{.ID}}
I0603 04:51:51.766083   10365 logs.go:281] 2 containers: [d57eab1ae12c 613db8e8654c]
I0603 04:51:51.766184   10365 ssh_runner.go:194] Run: docker ps -a --filter=name=k8s_kube-controller-manager --format={{.ID}}
I0603 04:51:51.820505   10365 logs.go:281] 2 containers: [142a54608b27 06814c3285c9]
I0603 04:51:51.820666   10365 ssh_runner.go:194] Run: docker ps -a --filter=name=k8s_kindnet --format={{.ID}}
I0603 04:51:51.870207   10365 logs.go:281] 0 containers: []
W0603 04:51:51.870236   10365 logs.go:283] No container was found matching "kindnet"
I0603 04:51:51.870325   10365 ssh_runner.go:194] Run: docker ps -a --filter=name=k8s_controller_ingress --format={{.ID}}
I0603 04:51:51.920715   10365 logs.go:281] 1 containers: [435dd4d847ee]
I0603 04:51:51.920818   10365 ssh_runner.go:194] Run: docker ps -a --filter=name=k8s_storage-provisioner --format={{.ID}}
I0603 04:51:51.976614   10365 logs.go:281] 2 containers: [4d2d81331688 bbe49a8a0f86]
I0603 04:51:51.976656   10365 logs.go:122] Gathering logs for kube-proxy [613db8e8654c] ...
I0603 04:51:51.976673   10365 ssh_runner.go:194] Run: /bin/bash -c "docker logs --tail 400 613db8e8654c"
I0603 04:51:52.034238   10365 logs.go:122] Gathering logs for describe nodes ...
I0603 04:51:52.034273   10365 ssh_runner.go:194] Run: /bin/bash -c "sudo /var/lib/minikube/binaries/v1.35.1/kubectl describe nodes --kubeconfig=/var/lib/minikube/kubeconfig"
W0603 04:51:52.174480   10365 logs.go:129] failed describe nodes: command: /bin/bash -c "sudo /var/lib/minikube/binaries/v1.35.1/kubectl describe nodes --kubeconfig=/var/lib/minikube/kubeconfig" /bin/bash -c "sudo /var/lib/minikube/binaries/v1.35.1/kubectl describe nodes --kubeconfig=/var/lib/minikube/kubeconfig": Process exited with status 1
stdout:

stderr:
E0603 01:51:52.158166   12118 memcache.go:265] "Unhandled Error" err="couldn't get current server API group list: Get \"https://localhost:8443/api?timeout=32s\": dial tcp [::1]:8443: connect: connection refused"
E0603 01:51:52.159802   12118 memcache.go:265] "Unhandled Error" err="couldn't get current server API group list: Get \"https://localhost:8443/api?timeout=32s\": dial tcp [::1]:8443: connect: connection refused"
E0603 01:51:52.161042   12118 memcache.go:265] "Unhandled Error" err="couldn't get current server API group list: Get \"https://localhost:8443/api?timeout=32s\": dial tcp [::1]:8443: connect: connection refused"
E0603 01:51:52.162422   12118 memcache.go:265] "Unhandled Error" err="couldn't get current server API group list: Get \"https://localhost:8443/api?timeout=32s\": dial tcp [::1]:8443: connect: connection refused"
E0603 01:51:52.163817   12118 memcache.go:265] "Unhandled Error" err="couldn't get current server API group list: Get \"https://localhost:8443/api?timeout=32s\": dial tcp [::1]:8443: connect: connection refused"
The connection to the server localhost:8443 was refused - did you specify the right host or port?
 output: 
** stderr ** 
E0603 01:51:52.158166   12118 memcache.go:265] "Unhandled Error" err="couldn't get current server API group list: Get \"https://localhost:8443/api?timeout=32s\": dial tcp [::1]:8443: connect: connection refused"
E0603 01:51:52.159802   12118 memcache.go:265] "Unhandled Error" err="couldn't get current server API group list: Get \"https://localhost:8443/api?timeout=32s\": dial tcp [::1]:8443: connect: connection refused"
E0603 01:51:52.161042   12118 memcache.go:265] "Unhandled Error" err="couldn't get current server API group list: Get \"https://localhost:8443/api?timeout=32s\": dial tcp [::1]:8443: connect: connection refused"
E0603 01:51:52.162422   12118 memcache.go:265] "Unhandled Error" err="couldn't get current server API group list: Get \"https://localhost:8443/api?timeout=32s\": dial tcp [::1]:8443: connect: connection refused"
E0603 01:51:52.163817   12118 memcache.go:265] "Unhandled Error" err="couldn't get current server API group list: Get \"https://localhost:8443/api?timeout=32s\": dial tcp [::1]:8443: connect: connection refused"
The connection to the server localhost:8443 was refused - did you specify the right host or port?

** /stderr **
I0603 04:51:52.174496   10365 logs.go:122] Gathering logs for kube-scheduler [a19d97dd9309] ...
I0603 04:51:52.174514   10365 ssh_runner.go:194] Run: /bin/bash -c "docker logs --tail 400 a19d97dd9309"
I0603 04:51:52.231074   10365 logs.go:122] Gathering logs for kube-controller-manager [06814c3285c9] ...
I0603 04:51:52.231092   10365 ssh_runner.go:194] Run: /bin/bash -c "docker logs --tail 400 06814c3285c9"
I0603 04:51:52.306218   10365 logs.go:122] Gathering logs for storage-provisioner [bbe49a8a0f86] ...
I0603 04:51:52.306242   10365 ssh_runner.go:194] Run: /bin/bash -c "docker logs --tail 400 bbe49a8a0f86"
I0603 04:51:52.394188   10365 logs.go:122] Gathering logs for container status ...
I0603 04:51:52.394212   10365 ssh_runner.go:194] Run: /bin/bash -c "sudo `which crictl || echo crictl` ps -a || sudo docker ps -a"
I0603 04:51:52.518412   10365 logs.go:122] Gathering logs for kubelet ...
I0603 04:51:52.518437   10365 ssh_runner.go:194] Run: /bin/bash -c "sudo journalctl -u kubelet -n 400"
I0603 04:51:52.622955   10365 logs.go:122] Gathering logs for etcd [349258b6df58] ...
I0603 04:51:52.622979   10365 ssh_runner.go:194] Run: /bin/bash -c "docker logs --tail 400 349258b6df58"
I0603 04:51:52.803797   10365 logs.go:122] Gathering logs for kube-controller-manager [142a54608b27] ...
I0603 04:51:52.803822   10365 ssh_runner.go:194] Run: /bin/bash -c "docker logs --tail 400 142a54608b27"
I0603 04:51:52.880320   10365 logs.go:122] Gathering logs for controller_ingress [435dd4d847ee] ...
I0603 04:51:52.880343   10365 ssh_runner.go:194] Run: /bin/bash -c "docker logs --tail 400 435dd4d847ee"
I0603 04:51:52.942312   10365 logs.go:122] Gathering logs for storage-provisioner [4d2d81331688] ...
I0603 04:51:52.942337   10365 ssh_runner.go:194] Run: /bin/bash -c "docker logs --tail 400 4d2d81331688"
I0603 04:51:53.042116   10365 logs.go:122] Gathering logs for Docker ...
I0603 04:51:53.042138   10365 ssh_runner.go:194] Run: /bin/bash -c "sudo journalctl -u docker -u cri-docker -n 400"
I0603 04:51:53.104894   10365 logs.go:122] Gathering logs for kube-apiserver [42270be2365f] ...
I0603 04:51:53.104935   10365 ssh_runner.go:194] Run: /bin/bash -c "docker logs --tail 400 42270be2365f"
I0603 04:51:53.210955   10365 logs.go:122] Gathering logs for coredns [cd9183ebaff4] ...
I0603 04:51:53.210980   10365 ssh_runner.go:194] Run: /bin/bash -c "docker logs --tail 400 cd9183ebaff4"
I0603 04:51:53.268471   10365 logs.go:122] Gathering logs for dmesg ...
I0603 04:51:53.268492   10365 ssh_runner.go:194] Run: /bin/bash -c "sudo dmesg -PH -L=never --level warn,err,crit,alert,emerg | tail -n 400"
I0603 04:51:53.298831   10365 logs.go:122] Gathering logs for kube-apiserver [85e4dc7631be] ...
I0603 04:51:53.298850   10365 ssh_runner.go:194] Run: /bin/bash -c "docker logs --tail 400 85e4dc7631be"
I0603 04:51:53.461123   10365 logs.go:122] Gathering logs for etcd [21e19412e264] ...
I0603 04:51:53.461173   10365 ssh_runner.go:194] Run: /bin/bash -c "docker logs --tail 400 21e19412e264"
I0603 04:51:53.559057   10365 logs.go:122] Gathering logs for coredns [ac03be6e1600] ...
I0603 04:51:53.559098   10365 ssh_runner.go:194] Run: /bin/bash -c "docker logs --tail 400 ac03be6e1600"
I0603 04:51:53.633006   10365 logs.go:122] Gathering logs for kube-scheduler [b898e357825c] ...
I0603 04:51:53.633029   10365 ssh_runner.go:194] Run: /bin/bash -c "docker logs --tail 400 b898e357825c"
I0603 04:51:53.700523   10365 logs.go:122] Gathering logs for kube-proxy [d57eab1ae12c] ...
I0603 04:51:53.700545   10365 ssh_runner.go:194] Run: /bin/bash -c "docker logs --tail 400 d57eab1ae12c"
I0603 04:51:55.916205   10365 kapi.go:81] temporary error: getting Pods with label selector "app.kubernetes.io/name=ingress-nginx" : [Get "https://127.0.0.1:32771/api/v1/namespaces/ingress-nginx/pods?labelSelector=app.kubernetes.io%2Fname%3Dingress-nginx": read tcp 127.0.0.1:51274->127.0.0.1:32771: read: connection reset by peer - error from a previous attempt: EOF]
I0603 04:51:56.258426   10365 ssh_runner.go:194] Run: sudo pgrep -xnf kube-apiserver.*minikube.*
I0603 04:51:56.298575   10365 ssh_runner.go:194] Run: docker ps -a --filter=name=k8s_kube-apiserver --format={{.ID}}
I0603 04:51:56.327342   10365 logs.go:281] 2 containers: [42270be2365f 85e4dc7631be]
I0603 04:51:56.327416   10365 ssh_runner.go:194] Run: docker ps -a --filter=name=k8s_etcd --format={{.ID}}
I0603 04:51:56.351724   10365 logs.go:281] 2 containers: [349258b6df58 21e19412e264]
I0603 04:51:56.351826   10365 ssh_runner.go:194] Run: docker ps -a --filter=name=k8s_coredns --format={{.ID}}
I0603 04:51:56.375297   10365 logs.go:281] 2 containers: [ac03be6e1600 cd9183ebaff4]
I0603 04:51:56.375360   10365 ssh_runner.go:194] Run: docker ps -a --filter=name=k8s_kube-scheduler --format={{.ID}}
I0603 04:51:56.399846   10365 logs.go:281] 2 containers: [a19d97dd9309 b898e357825c]
I0603 04:51:56.399925   10365 ssh_runner.go:194] Run: docker ps -a --filter=name=k8s_kube-proxy --format={{.ID}}
I0603 04:51:56.462850   10365 logs.go:281] 2 containers: [d57eab1ae12c 613db8e8654c]
I0603 04:51:56.462913   10365 ssh_runner.go:194] Run: docker ps -a --filter=name=k8s_kube-controller-manager --format={{.ID}}
I0603 04:51:56.490675   10365 logs.go:281] 2 containers: [142a54608b27 06814c3285c9]
I0603 04:51:56.490749   10365 ssh_runner.go:194] Run: docker ps -a --filter=name=k8s_kindnet --format={{.ID}}
I0603 04:51:56.518790   10365 logs.go:281] 0 containers: []
W0603 04:51:56.518805   10365 logs.go:283] No container was found matching "kindnet"
I0603 04:51:56.518849   10365 ssh_runner.go:194] Run: docker ps -a --filter=name=k8s_storage-provisioner --format={{.ID}}
I0603 04:51:56.542841   10365 logs.go:281] 2 containers: [4d2d81331688 bbe49a8a0f86]
I0603 04:51:56.542908   10365 ssh_runner.go:194] Run: docker ps -a --filter=name=k8s_controller_ingress --format={{.ID}}
I0603 04:51:56.565970   10365 logs.go:281] 1 containers: [435dd4d847ee]
I0603 04:51:56.565989   10365 logs.go:122] Gathering logs for coredns [cd9183ebaff4] ...
I0603 04:51:56.565997   10365 ssh_runner.go:194] Run: /bin/bash -c "docker logs --tail 400 cd9183ebaff4"
I0603 04:51:56.594143   10365 logs.go:122] Gathering logs for Docker ...
I0603 04:51:56.594155   10365 ssh_runner.go:194] Run: /bin/bash -c "sudo journalctl -u docker -u cri-docker -n 400"
I0603 04:51:56.620440   10365 logs.go:122] Gathering logs for etcd [349258b6df58] ...
I0603 04:51:56.620456   10365 ssh_runner.go:194] Run: /bin/bash -c "docker logs --tail 400 349258b6df58"
I0603 04:51:56.704360   10365 logs.go:122] Gathering logs for coredns [ac03be6e1600] ...
I0603 04:51:56.704379   10365 ssh_runner.go:194] Run: /bin/bash -c "docker logs --tail 400 ac03be6e1600"
I0603 04:51:56.737037   10365 logs.go:122] Gathering logs for kube-scheduler [b898e357825c] ...
I0603 04:51:56.737051   10365 ssh_runner.go:194] Run: /bin/bash -c "docker logs --tail 400 b898e357825c"
I0603 04:51:56.769073   10365 logs.go:122] Gathering logs for kube-proxy [d57eab1ae12c] ...
I0603 04:51:56.769127   10365 ssh_runner.go:194] Run: /bin/bash -c "docker logs --tail 400 d57eab1ae12c"
I0603 04:51:56.807313   10365 logs.go:122] Gathering logs for kube-controller-manager [142a54608b27] ...
I0603 04:51:56.807327   10365 ssh_runner.go:194] Run: /bin/bash -c "docker logs --tail 400 142a54608b27"
I0603 04:51:56.842591   10365 logs.go:122] Gathering logs for container status ...
I0603 04:51:56.842604   10365 ssh_runner.go:194] Run: /bin/bash -c "sudo `which crictl || echo crictl` ps -a || sudo docker ps -a"
I0603 04:51:56.884081   10365 logs.go:122] Gathering logs for etcd [21e19412e264] ...
I0603 04:51:56.884095   10365 ssh_runner.go:194] Run: /bin/bash -c "docker logs --tail 400 21e19412e264"
I0603 04:51:56.924552   10365 logs.go:122] Gathering logs for kube-controller-manager [06814c3285c9] ...
I0603 04:51:56.924573   10365 ssh_runner.go:194] Run: /bin/bash -c "docker logs --tail 400 06814c3285c9"
I0603 04:51:56.959962   10365 logs.go:122] Gathering logs for controller_ingress [435dd4d847ee] ...
I0603 04:51:56.959978   10365 ssh_runner.go:194] Run: /bin/bash -c "docker logs --tail 400 435dd4d847ee"
I0603 04:51:56.990088   10365 logs.go:122] Gathering logs for kubelet ...
I0603 04:51:56.990099   10365 ssh_runner.go:194] Run: /bin/bash -c "sudo journalctl -u kubelet -n 400"
I0603 04:51:57.032711   10365 logs.go:122] Gathering logs for kube-apiserver [42270be2365f] ...
I0603 04:51:57.032733   10365 ssh_runner.go:194] Run: /bin/bash -c "docker logs --tail 400 42270be2365f"
I0603 04:51:57.081121   10365 logs.go:122] Gathering logs for kube-scheduler [a19d97dd9309] ...
I0603 04:51:57.081146   10365 ssh_runner.go:194] Run: /bin/bash -c "docker logs --tail 400 a19d97dd9309"
I0603 04:51:57.107438   10365 logs.go:122] Gathering logs for kube-proxy [613db8e8654c] ...
I0603 04:51:57.107449   10365 ssh_runner.go:194] Run: /bin/bash -c "docker logs --tail 400 613db8e8654c"
I0603 04:51:57.134365   10365 logs.go:122] Gathering logs for storage-provisioner [4d2d81331688] ...
I0603 04:51:57.134378   10365 ssh_runner.go:194] Run: /bin/bash -c "docker logs --tail 400 4d2d81331688"
I0603 04:51:57.181915   10365 logs.go:122] Gathering logs for storage-provisioner [bbe49a8a0f86] ...
I0603 04:51:57.181928   10365 ssh_runner.go:194] Run: /bin/bash -c "docker logs --tail 400 bbe49a8a0f86"
I0603 04:51:57.229749   10365 logs.go:122] Gathering logs for dmesg ...
I0603 04:51:57.229763   10365 ssh_runner.go:194] Run: /bin/bash -c "sudo dmesg -PH -L=never --level warn,err,crit,alert,emerg | tail -n 400"
I0603 04:51:57.245459   10365 logs.go:122] Gathering logs for describe nodes ...
I0603 04:51:57.245476   10365 ssh_runner.go:194] Run: /bin/bash -c "sudo /var/lib/minikube/binaries/v1.35.1/kubectl describe nodes --kubeconfig=/var/lib/minikube/kubeconfig"
W0603 04:51:57.312257   10365 logs.go:129] failed describe nodes: command: /bin/bash -c "sudo /var/lib/minikube/binaries/v1.35.1/kubectl describe nodes --kubeconfig=/var/lib/minikube/kubeconfig" /bin/bash -c "sudo /var/lib/minikube/binaries/v1.35.1/kubectl describe nodes --kubeconfig=/var/lib/minikube/kubeconfig": Process exited with status 1
stdout:

stderr:
E0603 01:51:57.302714   12612 memcache.go:265] "Unhandled Error" err="couldn't get current server API group list: Get \"https://localhost:8443/api?timeout=32s\": dial tcp [::1]:8443: connect: connection refused"
E0603 01:51:57.303563   12612 memcache.go:265] "Unhandled Error" err="couldn't get current server API group list: Get \"https://localhost:8443/api?timeout=32s\": dial tcp [::1]:8443: connect: connection refused"
E0603 01:51:57.305503   12612 memcache.go:265] "Unhandled Error" err="couldn't get current server API group list: Get \"https://localhost:8443/api?timeout=32s\": dial tcp [::1]:8443: connect: connection refused"
E0603 01:51:57.306121   12612 memcache.go:265] "Unhandled Error" err="couldn't get current server API group list: Get \"https://localhost:8443/api?timeout=32s\": dial tcp [::1]:8443: connect: connection refused"
E0603 01:51:57.308237   12612 memcache.go:265] "Unhandled Error" err="couldn't get current server API group list: Get \"https://localhost:8443/api?timeout=32s\": dial tcp [::1]:8443: connect: connection refused"
The connection to the server localhost:8443 was refused - did you specify the right host or port?
 output: 
** stderr ** 
E0603 01:51:57.302714   12612 memcache.go:265] "Unhandled Error" err="couldn't get current server API group list: Get \"https://localhost:8443/api?timeout=32s\": dial tcp [::1]:8443: connect: connection refused"
E0603 01:51:57.303563   12612 memcache.go:265] "Unhandled Error" err="couldn't get current server API group list: Get \"https://localhost:8443/api?timeout=32s\": dial tcp [::1]:8443: connect: connection refused"
E0603 01:51:57.305503   12612 memcache.go:265] "Unhandled Error" err="couldn't get current server API group list: Get \"https://localhost:8443/api?timeout=32s\": dial tcp [::1]:8443: connect: connection refused"
E0603 01:51:57.306121   12612 memcache.go:265] "Unhandled Error" err="couldn't get current server API group list: Get \"https://localhost:8443/api?timeout=32s\": dial tcp [::1]:8443: connect: connection refused"
E0603 01:51:57.308237   12612 memcache.go:265] "Unhandled Error" err="couldn't get current server API group list: Get \"https://localhost:8443/api?timeout=32s\": dial tcp [::1]:8443: connect: connection refused"
The connection to the server localhost:8443 was refused - did you specify the right host or port?

** /stderr **
I0603 04:51:57.312266   10365 logs.go:122] Gathering logs for kube-apiserver [85e4dc7631be] ...
I0603 04:51:57.312273   10365 ssh_runner.go:194] Run: /bin/bash -c "docker logs --tail 400 85e4dc7631be"
I0603 04:52:00.954855   10365 ssh_runner.go:194] Run: sudo pgrep -xnf kube-apiserver.*minikube.*
I0603 04:52:00.968387   10365 ssh_runner.go:194] Run: docker ps -a --filter=name=k8s_kube-apiserver --format={{.ID}}
I0603 04:52:00.997059   10365 logs.go:281] 2 containers: [42270be2365f 85e4dc7631be]
I0603 04:52:00.997152   10365 ssh_runner.go:194] Run: docker ps -a --filter=name=k8s_etcd --format={{.ID}}
I0603 04:52:01.023771   10365 logs.go:281] 2 containers: [349258b6df58 21e19412e264]
I0603 04:52:01.023837   10365 ssh_runner.go:194] Run: docker ps -a --filter=name=k8s_coredns --format={{.ID}}
I0603 04:52:01.049252   10365 logs.go:281] 2 containers: [ac03be6e1600 cd9183ebaff4]
I0603 04:52:01.049354   10365 ssh_runner.go:194] Run: docker ps -a --filter=name=k8s_kube-scheduler --format={{.ID}}
I0603 04:52:01.072863   10365 logs.go:281] 2 containers: [a19d97dd9309 b898e357825c]
I0603 04:52:01.072929   10365 ssh_runner.go:194] Run: docker ps -a --filter=name=k8s_kube-proxy --format={{.ID}}
I0603 04:52:01.096927   10365 logs.go:281] 2 containers: [d57eab1ae12c 613db8e8654c]
I0603 04:52:01.097016   10365 ssh_runner.go:194] Run: docker ps -a --filter=name=k8s_kube-controller-manager --format={{.ID}}
I0603 04:52:01.120773   10365 logs.go:281] 2 containers: [142a54608b27 06814c3285c9]
I0603 04:52:01.120844   10365 ssh_runner.go:194] Run: docker ps -a --filter=name=k8s_kindnet --format={{.ID}}
I0603 04:52:01.145349   10365 logs.go:281] 0 containers: []
W0603 04:52:01.145359   10365 logs.go:283] No container was found matching "kindnet"
I0603 04:52:01.145405   10365 ssh_runner.go:194] Run: docker ps -a --filter=name=k8s_controller_ingress --format={{.ID}}
I0603 04:52:01.169214   10365 logs.go:281] 1 containers: [435dd4d847ee]
I0603 04:52:01.169352   10365 ssh_runner.go:194] Run: docker ps -a --filter=name=k8s_storage-provisioner --format={{.ID}}
I0603 04:52:01.192998   10365 logs.go:281] 2 containers: [4d2d81331688 bbe49a8a0f86]
I0603 04:52:01.193015   10365 logs.go:122] Gathering logs for kube-apiserver [42270be2365f] ...
I0603 04:52:01.193022   10365 ssh_runner.go:194] Run: /bin/bash -c "docker logs --tail 400 42270be2365f"
I0603 04:52:01.241816   10365 logs.go:122] Gathering logs for kube-controller-manager [06814c3285c9] ...
I0603 04:52:01.241833   10365 ssh_runner.go:194] Run: /bin/bash -c "docker logs --tail 400 06814c3285c9"
I0603 04:52:01.291031   10365 logs.go:122] Gathering logs for storage-provisioner [bbe49a8a0f86] ...
I0603 04:52:01.291047   10365 ssh_runner.go:194] Run: /bin/bash -c "docker logs --tail 400 bbe49a8a0f86"
I0603 04:52:01.337996   10365 logs.go:122] Gathering logs for dmesg ...
I0603 04:52:01.338014   10365 ssh_runner.go:194] Run: /bin/bash -c "sudo dmesg -PH -L=never --level warn,err,crit,alert,emerg | tail -n 400"
I0603 04:52:01.351237   10365 logs.go:122] Gathering logs for etcd [349258b6df58] ...
I0603 04:52:01.351249   10365 ssh_runner.go:194] Run: /bin/bash -c "docker logs --tail 400 349258b6df58"
I0603 04:52:01.436332   10365 logs.go:122] Gathering logs for kube-scheduler [a19d97dd9309] ...
I0603 04:52:01.436348   10365 ssh_runner.go:194] Run: /bin/bash -c "docker logs --tail 400 a19d97dd9309"
I0603 04:52:01.462325   10365 logs.go:122] Gathering logs for kube-scheduler [b898e357825c] ...
I0603 04:52:01.462336   10365 ssh_runner.go:194] Run: /bin/bash -c "docker logs --tail 400 b898e357825c"
I0603 04:52:01.494683   10365 logs.go:122] Gathering logs for kube-proxy [613db8e8654c] ...
I0603 04:52:01.494695   10365 ssh_runner.go:194] Run: /bin/bash -c "docker logs --tail 400 613db8e8654c"
I0603 04:52:01.522602   10365 logs.go:122] Gathering logs for controller_ingress [435dd4d847ee] ...
I0603 04:52:01.522613   10365 ssh_runner.go:194] Run: /bin/bash -c "docker logs --tail 400 435dd4d847ee"
I0603 04:52:01.550480   10365 logs.go:122] Gathering logs for container status ...
I0603 04:52:01.550491   10365 ssh_runner.go:194] Run: /bin/bash -c "sudo `which crictl || echo crictl` ps -a || sudo docker ps -a"
I0603 04:52:01.591865   10365 logs.go:122] Gathering logs for kubelet ...
I0603 04:52:01.591878   10365 ssh_runner.go:194] Run: /bin/bash -c "sudo journalctl -u kubelet -n 400"
I0603 04:52:01.636020   10365 logs.go:122] Gathering logs for describe nodes ...
I0603 04:52:01.636037   10365 ssh_runner.go:194] Run: /bin/bash -c "sudo /var/lib/minikube/binaries/v1.35.1/kubectl describe nodes --kubeconfig=/var/lib/minikube/kubeconfig"
W0603 04:52:01.701000   10365 logs.go:129] failed describe nodes: command: /bin/bash -c "sudo /var/lib/minikube/binaries/v1.35.1/kubectl describe nodes --kubeconfig=/var/lib/minikube/kubeconfig" /bin/bash -c "sudo /var/lib/minikube/binaries/v1.35.1/kubectl describe nodes --kubeconfig=/var/lib/minikube/kubeconfig": Process exited with status 1
stdout:

stderr:
E0603 01:52:01.690397   12870 memcache.go:265] "Unhandled Error" err="couldn't get current server API group list: Get \"https://localhost:8443/api?timeout=32s\": dial tcp [::1]:8443: connect: connection refused"
E0603 01:52:01.691106   12870 memcache.go:265] "Unhandled Error" err="couldn't get current server API group list: Get \"https://localhost:8443/api?timeout=32s\": dial tcp [::1]:8443: connect: connection refused"
E0603 01:52:01.693405   12870 memcache.go:265] "Unhandled Error" err="couldn't get current server API group list: Get \"https://localhost:8443/api?timeout=32s\": dial tcp [::1]:8443: connect: connection refused"
E0603 01:52:01.694059   12870 memcache.go:265] "Unhandled Error" err="couldn't get current server API group list: Get \"https://localhost:8443/api?timeout=32s\": dial tcp [::1]:8443: connect: connection refused"
E0603 01:52:01.696663   12870 memcache.go:265] "Unhandled Error" err="couldn't get current server API group list: Get \"https://localhost:8443/api?timeout=32s\": dial tcp [::1]:8443: connect: connection refused"
The connection to the server localhost:8443 was refused - did you specify the right host or port?
 output: 
** stderr ** 
E0603 01:52:01.690397   12870 memcache.go:265] "Unhandled Error" err="couldn't get current server API group list: Get \"https://localhost:8443/api?timeout=32s\": dial tcp [::1]:8443: connect: connection refused"
E0603 01:52:01.691106   12870 memcache.go:265] "Unhandled Error" err="couldn't get current server API group list: Get \"https://localhost:8443/api?timeout=32s\": dial tcp [::1]:8443: connect: connection refused"
E0603 01:52:01.693405   12870 memcache.go:265] "Unhandled Error" err="couldn't get current server API group list: Get \"https://localhost:8443/api?timeout=32s\": dial tcp [::1]:8443: connect: connection refused"
E0603 01:52:01.694059   12870 memcache.go:265] "Unhandled Error" err="couldn't get current server API group list: Get \"https://localhost:8443/api?timeout=32s\": dial tcp [::1]:8443: connect: connection refused"
E0603 01:52:01.696663   12870 memcache.go:265] "Unhandled Error" err="couldn't get current server API group list: Get \"https://localhost:8443/api?timeout=32s\": dial tcp [::1]:8443: connect: connection refused"
The connection to the server localhost:8443 was refused - did you specify the right host or port?

** /stderr **
I0603 04:52:01.701008   10365 logs.go:122] Gathering logs for kube-apiserver [85e4dc7631be] ...
I0603 04:52:01.701017   10365 ssh_runner.go:194] Run: /bin/bash -c "docker logs --tail 400 85e4dc7631be"
I0603 04:52:01.774234   10365 logs.go:122] Gathering logs for coredns [ac03be6e1600] ...
I0603 04:52:01.774252   10365 ssh_runner.go:194] Run: /bin/bash -c "docker logs --tail 400 ac03be6e1600"
I0603 04:52:01.819348   10365 logs.go:122] Gathering logs for coredns [cd9183ebaff4] ...
I0603 04:52:01.819363   10365 ssh_runner.go:194] Run: /bin/bash -c "docker logs --tail 400 cd9183ebaff4"
I0603 04:52:01.854633   10365 logs.go:122] Gathering logs for storage-provisioner [4d2d81331688] ...
I0603 04:52:01.854646   10365 ssh_runner.go:194] Run: /bin/bash -c "docker logs --tail 400 4d2d81331688"
I0603 04:52:01.919524   10365 logs.go:122] Gathering logs for etcd [21e19412e264] ...
I0603 04:52:01.919545   10365 ssh_runner.go:194] Run: /bin/bash -c "docker logs --tail 400 21e19412e264"
I0603 04:52:01.969566   10365 logs.go:122] Gathering logs for kube-proxy [d57eab1ae12c] ...
I0603 04:52:01.969583   10365 ssh_runner.go:194] Run: /bin/bash -c "docker logs --tail 400 d57eab1ae12c"
I0603 04:52:02.027928   10365 logs.go:122] Gathering logs for kube-controller-manager [142a54608b27] ...
I0603 04:52:02.027941   10365 ssh_runner.go:194] Run: /bin/bash -c "docker logs --tail 400 142a54608b27"
I0603 04:52:02.074582   10365 logs.go:122] Gathering logs for Docker ...
I0603 04:52:02.074600   10365 ssh_runner.go:194] Run: /bin/bash -c "sudo journalctl -u docker -u cri-docker -n 400"
I0603 04:52:04.607037   10365 ssh_runner.go:194] Run: sudo pgrep -xnf kube-apiserver.*minikube.*
I0603 04:52:04.641652   10365 ssh_runner.go:194] Run: docker ps -a --filter=name=k8s_kube-apiserver --format={{.ID}}
I0603 04:52:04.692652   10365 logs.go:281] 2 containers: [42270be2365f 85e4dc7631be]
I0603 04:52:04.692786   10365 ssh_runner.go:194] Run: docker ps -a --filter=name=k8s_etcd --format={{.ID}}
I0603 04:52:04.743052   10365 logs.go:281] 2 containers: [349258b6df58 21e19412e264]
I0603 04:52:04.743160   10365 ssh_runner.go:194] Run: docker ps -a --filter=name=k8s_coredns --format={{.ID}}
I0603 04:52:04.797216   10365 logs.go:281] 2 containers: [ac03be6e1600 cd9183ebaff4]
I0603 04:52:04.797460   10365 ssh_runner.go:194] Run: docker ps -a --filter=name=k8s_kube-scheduler --format={{.ID}}
I0603 04:52:04.854498   10365 logs.go:281] 2 containers: [a19d97dd9309 b898e357825c]
I0603 04:52:04.854628   10365 ssh_runner.go:194] Run: docker ps -a --filter=name=k8s_kube-proxy --format={{.ID}}
I0603 04:52:04.919769   10365 logs.go:281] 2 containers: [d57eab1ae12c 613db8e8654c]
I0603 04:52:04.919868   10365 ssh_runner.go:194] Run: docker ps -a --filter=name=k8s_kube-controller-manager --format={{.ID}}
I0603 04:52:04.969937   10365 logs.go:281] 2 containers: [142a54608b27 06814c3285c9]
I0603 04:52:04.970089   10365 ssh_runner.go:194] Run: docker ps -a --filter=name=k8s_kindnet --format={{.ID}}
I0603 04:52:05.019937   10365 logs.go:281] 0 containers: []
W0603 04:52:05.019956   10365 logs.go:283] No container was found matching "kindnet"
I0603 04:52:05.020043   10365 ssh_runner.go:194] Run: docker ps -a --filter=name=k8s_controller_ingress --format={{.ID}}
I0603 04:52:05.068975   10365 logs.go:281] 1 containers: [435dd4d847ee]
I0603 04:52:05.069174   10365 ssh_runner.go:194] Run: docker ps -a --filter=name=k8s_storage-provisioner --format={{.ID}}
I0603 04:52:05.118418   10365 logs.go:281] 2 containers: [4d2d81331688 bbe49a8a0f86]
I0603 04:52:05.118445   10365 logs.go:122] Gathering logs for describe nodes ...
I0603 04:52:05.118458   10365 ssh_runner.go:194] Run: /bin/bash -c "sudo /var/lib/minikube/binaries/v1.35.1/kubectl describe nodes --kubeconfig=/var/lib/minikube/kubeconfig"
W0603 04:52:05.249851   10365 logs.go:129] failed describe nodes: command: /bin/bash -c "sudo /var/lib/minikube/binaries/v1.35.1/kubectl describe nodes --kubeconfig=/var/lib/minikube/kubeconfig" /bin/bash -c "sudo /var/lib/minikube/binaries/v1.35.1/kubectl describe nodes --kubeconfig=/var/lib/minikube/kubeconfig": Process exited with status 1
stdout:

stderr:
E0603 01:52:05.235628   13100 memcache.go:265] "Unhandled Error" err="couldn't get current server API group list: Get \"https://localhost:8443/api?timeout=32s\": dial tcp [::1]:8443: connect: connection refused"
E0603 01:52:05.237222   13100 memcache.go:265] "Unhandled Error" err="couldn't get current server API group list: Get \"https://localhost:8443/api?timeout=32s\": dial tcp [::1]:8443: connect: connection refused"
E0603 01:52:05.238381   13100 memcache.go:265] "Unhandled Error" err="couldn't get current server API group list: Get \"https://localhost:8443/api?timeout=32s\": dial tcp [::1]:8443: connect: connection refused"
E0603 01:52:05.239841   13100 memcache.go:265] "Unhandled Error" err="couldn't get current server API group list: Get \"https://localhost:8443/api?timeout=32s\": dial tcp [::1]:8443: connect: connection refused"
E0603 01:52:05.241140   13100 memcache.go:265] "Unhandled Error" err="couldn't get current server API group list: Get \"https://localhost:8443/api?timeout=32s\": dial tcp [::1]:8443: connect: connection refused"
The connection to the server localhost:8443 was refused - did you specify the right host or port?
 output: 
** stderr ** 
E0603 01:52:05.235628   13100 memcache.go:265] "Unhandled Error" err="couldn't get current server API group list: Get \"https://localhost:8443/api?timeout=32s\": dial tcp [::1]:8443: connect: connection refused"
E0603 01:52:05.237222   13100 memcache.go:265] "Unhandled Error" err="couldn't get current server API group list: Get \"https://localhost:8443/api?timeout=32s\": dial tcp [::1]:8443: connect: connection refused"
E0603 01:52:05.238381   13100 memcache.go:265] "Unhandled Error" err="couldn't get current server API group list: Get \"https://localhost:8443/api?timeout=32s\": dial tcp [::1]:8443: connect: connection refused"
E0603 01:52:05.239841   13100 memcache.go:265] "Unhandled Error" err="couldn't get current server API group list: Get \"https://localhost:8443/api?timeout=32s\": dial tcp [::1]:8443: connect: connection refused"
E0603 01:52:05.241140   13100 memcache.go:265] "Unhandled Error" err="couldn't get current server API group list: Get \"https://localhost:8443/api?timeout=32s\": dial tcp [::1]:8443: connect: connection refused"
The connection to the server localhost:8443 was refused - did you specify the right host or port?

** /stderr **
I0603 04:52:05.249864   10365 logs.go:122] Gathering logs for kube-apiserver [85e4dc7631be] ...
I0603 04:52:05.249877   10365 ssh_runner.go:194] Run: /bin/bash -c "docker logs --tail 400 85e4dc7631be"
I0603 04:52:05.401423   10365 logs.go:122] Gathering logs for etcd [349258b6df58] ...
I0603 04:52:05.401447   10365 ssh_runner.go:194] Run: /bin/bash -c "docker logs --tail 400 349258b6df58"
I0603 04:52:05.574101   10365 logs.go:122] Gathering logs for coredns [cd9183ebaff4] ...
I0603 04:52:05.574128   10365 ssh_runner.go:194] Run: /bin/bash -c "docker logs --tail 400 cd9183ebaff4"
I0603 04:52:05.631674   10365 logs.go:122] Gathering logs for storage-provisioner [bbe49a8a0f86] ...
I0603 04:52:05.631706   10365 ssh_runner.go:194] Run: /bin/bash -c "docker logs --tail 400 bbe49a8a0f86"
I0603 04:52:05.718956   10365 logs.go:122] Gathering logs for Docker ...
I0603 04:52:05.718979   10365 ssh_runner.go:194] Run: /bin/bash -c "sudo journalctl -u docker -u cri-docker -n 400"
I0603 04:52:05.777587   10365 logs.go:122] Gathering logs for container status ...
I0603 04:52:05.777620   10365 ssh_runner.go:194] Run: /bin/bash -c "sudo `which crictl || echo crictl` ps -a || sudo docker ps -a"
I0603 04:52:05.885878   10365 logs.go:122] Gathering logs for kube-scheduler [b898e357825c] ...
I0603 04:52:05.885899   10365 ssh_runner.go:194] Run: /bin/bash -c "docker logs --tail 400 b898e357825c"
I0603 04:52:05.955049   10365 logs.go:122] Gathering logs for kube-proxy [d57eab1ae12c] ...
I0603 04:52:05.955071   10365 ssh_runner.go:194] Run: /bin/bash -c "docker logs --tail 400 d57eab1ae12c"
I0603 04:52:06.011582   10365 logs.go:122] Gathering logs for kube-proxy [613db8e8654c] ...
I0603 04:52:06.011601   10365 ssh_runner.go:194] Run: /bin/bash -c "docker logs --tail 400 613db8e8654c"
I0603 04:52:06.070563   10365 logs.go:122] Gathering logs for controller_ingress [435dd4d847ee] ...
I0603 04:52:06.070584   10365 ssh_runner.go:194] Run: /bin/bash -c "docker logs --tail 400 435dd4d847ee"
I0603 04:52:06.132180   10365 logs.go:122] Gathering logs for storage-provisioner [4d2d81331688] ...
I0603 04:52:06.132199   10365 ssh_runner.go:194] Run: /bin/bash -c "docker logs --tail 400 4d2d81331688"
I0603 04:52:06.231856   10365 logs.go:122] Gathering logs for kube-apiserver [42270be2365f] ...
I0603 04:52:06.231882   10365 ssh_runner.go:194] Run: /bin/bash -c "docker logs --tail 400 42270be2365f"
I0603 04:52:06.333749   10365 logs.go:122] Gathering logs for kube-scheduler [a19d97dd9309] ...
I0603 04:52:06.333773   10365 ssh_runner.go:194] Run: /bin/bash -c "docker logs --tail 400 a19d97dd9309"
I0603 04:52:06.387790   10365 logs.go:122] Gathering logs for kube-controller-manager [06814c3285c9] ...
I0603 04:52:06.387810   10365 ssh_runner.go:194] Run: /bin/bash -c "docker logs --tail 400 06814c3285c9"
I0603 04:52:06.461462   10365 logs.go:122] Gathering logs for kubelet ...
I0603 04:52:06.461484   10365 ssh_runner.go:194] Run: /bin/bash -c "sudo journalctl -u kubelet -n 400"
I0603 04:52:06.553178   10365 logs.go:122] Gathering logs for etcd [21e19412e264] ...
I0603 04:52:06.553202   10365 ssh_runner.go:194] Run: /bin/bash -c "docker logs --tail 400 21e19412e264"
I0603 04:52:06.641797   10365 logs.go:122] Gathering logs for coredns [ac03be6e1600] ...
I0603 04:52:06.641821   10365 ssh_runner.go:194] Run: /bin/bash -c "docker logs --tail 400 ac03be6e1600"
I0603 04:52:06.712282   10365 logs.go:122] Gathering logs for kube-controller-manager [142a54608b27] ...
I0603 04:52:06.712306   10365 ssh_runner.go:194] Run: /bin/bash -c "docker logs --tail 400 142a54608b27"
I0603 04:52:06.816208   10365 logs.go:122] Gathering logs for dmesg ...
I0603 04:52:06.816243   10365 ssh_runner.go:194] Run: /bin/bash -c "sudo dmesg -PH -L=never --level warn,err,crit,alert,emerg | tail -n 400"
I0603 04:52:07.010700   10365 kapi.go:81] temporary error: getting Pods with label selector "app.kubernetes.io/name=ingress-nginx" : [Get "https://127.0.0.1:32771/api/v1/namespaces/ingress-nginx/pods?labelSelector=app.kubernetes.io%2Fname%3Dingress-nginx": EOF - error from a previous attempt: read tcp 127.0.0.1:33148->127.0.0.1:32771: read: connection reset by peer]
I0603 04:52:09.348611   10365 ssh_runner.go:194] Run: sudo pgrep -xnf kube-apiserver.*minikube.*
I0603 04:52:09.382856   10365 ssh_runner.go:194] Run: docker ps -a --filter=name=k8s_kube-apiserver --format={{.ID}}
I0603 04:52:09.433872   10365 logs.go:281] 2 containers: [42270be2365f 85e4dc7631be]
I0603 04:52:09.433980   10365 ssh_runner.go:194] Run: docker ps -a --filter=name=k8s_etcd --format={{.ID}}
I0603 04:52:09.485401   10365 logs.go:281] 2 containers: [349258b6df58 21e19412e264]
I0603 04:52:09.485571   10365 ssh_runner.go:194] Run: docker ps -a --filter=name=k8s_coredns --format={{.ID}}
I0603 04:52:09.525386   10365 logs.go:281] 2 containers: [ac03be6e1600 cd9183ebaff4]
I0603 04:52:09.525459   10365 ssh_runner.go:194] Run: docker ps -a --filter=name=k8s_kube-scheduler --format={{.ID}}
I0603 04:52:09.554949   10365 logs.go:281] 2 containers: [a19d97dd9309 b898e357825c]
I0603 04:52:09.555038   10365 ssh_runner.go:194] Run: docker ps -a --filter=name=k8s_kube-proxy --format={{.ID}}
I0603 04:52:09.584978   10365 logs.go:281] 2 containers: [d57eab1ae12c 613db8e8654c]
I0603 04:52:09.585054   10365 ssh_runner.go:194] Run: docker ps -a --filter=name=k8s_kube-controller-manager --format={{.ID}}
I0603 04:52:09.612547   10365 logs.go:281] 2 containers: [142a54608b27 06814c3285c9]
I0603 04:52:09.612615   10365 ssh_runner.go:194] Run: docker ps -a --filter=name=k8s_kindnet --format={{.ID}}
I0603 04:52:09.637502   10365 logs.go:281] 0 containers: []
W0603 04:52:09.637513   10365 logs.go:283] No container was found matching "kindnet"
I0603 04:52:09.637576   10365 ssh_runner.go:194] Run: docker ps -a --filter=name=k8s_controller_ingress --format={{.ID}}
I0603 04:52:09.663719   10365 logs.go:281] 1 containers: [435dd4d847ee]
I0603 04:52:09.663778   10365 ssh_runner.go:194] Run: docker ps -a --filter=name=k8s_storage-provisioner --format={{.ID}}
I0603 04:52:09.688756   10365 logs.go:281] 2 containers: [4d2d81331688 bbe49a8a0f86]
I0603 04:52:09.688774   10365 logs.go:122] Gathering logs for kubelet ...
I0603 04:52:09.688783   10365 ssh_runner.go:194] Run: /bin/bash -c "sudo journalctl -u kubelet -n 400"
I0603 04:52:09.731307   10365 logs.go:122] Gathering logs for describe nodes ...
I0603 04:52:09.731323   10365 ssh_runner.go:194] Run: /bin/bash -c "sudo /var/lib/minikube/binaries/v1.35.1/kubectl describe nodes --kubeconfig=/var/lib/minikube/kubeconfig"
W0603 04:52:09.823475   10365 logs.go:129] failed describe nodes: command: /bin/bash -c "sudo /var/lib/minikube/binaries/v1.35.1/kubectl describe nodes --kubeconfig=/var/lib/minikube/kubeconfig" /bin/bash -c "sudo /var/lib/minikube/binaries/v1.35.1/kubectl describe nodes --kubeconfig=/var/lib/minikube/kubeconfig": Process exited with status 1
stdout:

stderr:
E0603 01:52:09.813177   13428 memcache.go:265] "Unhandled Error" err="couldn't get current server API group list: Get \"https://localhost:8443/api?timeout=32s\": dial tcp [::1]:8443: connect: connection refused"
E0603 01:52:09.813932   13428 memcache.go:265] "Unhandled Error" err="couldn't get current server API group list: Get \"https://localhost:8443/api?timeout=32s\": dial tcp [::1]:8443: connect: connection refused"
E0603 01:52:09.815727   13428 memcache.go:265] "Unhandled Error" err="couldn't get current server API group list: Get \"https://localhost:8443/api?timeout=32s\": dial tcp [::1]:8443: connect: connection refused"
E0603 01:52:09.816460   13428 memcache.go:265] "Unhandled Error" err="couldn't get current server API group list: Get \"https://localhost:8443/api?timeout=32s\": dial tcp [::1]:8443: connect: connection refused"
E0603 01:52:09.818553   13428 memcache.go:265] "Unhandled Error" err="couldn't get current server API group list: Get \"https://localhost:8443/api?timeout=32s\": dial tcp [::1]:8443: connect: connection refused"
The connection to the server localhost:8443 was refused - did you specify the right host or port?
 output: 
** stderr ** 
E0603 01:52:09.813177   13428 memcache.go:265] "Unhandled Error" err="couldn't get current server API group list: Get \"https://localhost:8443/api?timeout=32s\": dial tcp [::1]:8443: connect: connection refused"
E0603 01:52:09.813932   13428 memcache.go:265] "Unhandled Error" err="couldn't get current server API group list: Get \"https://localhost:8443/api?timeout=32s\": dial tcp [::1]:8443: connect: connection refused"
E0603 01:52:09.815727   13428 memcache.go:265] "Unhandled Error" err="couldn't get current server API group list: Get \"https://localhost:8443/api?timeout=32s\": dial tcp [::1]:8443: connect: connection refused"
E0603 01:52:09.816460   13428 memcache.go:265] "Unhandled Error" err="couldn't get current server API group list: Get \"https://localhost:8443/api?timeout=32s\": dial tcp [::1]:8443: connect: connection refused"
E0603 01:52:09.818553   13428 memcache.go:265] "Unhandled Error" err="couldn't get current server API group list: Get \"https://localhost:8443/api?timeout=32s\": dial tcp [::1]:8443: connect: connection refused"
The connection to the server localhost:8443 was refused - did you specify the right host or port?

** /stderr **
I0603 04:52:09.823486   10365 logs.go:122] Gathering logs for kube-scheduler [a19d97dd9309] ...
I0603 04:52:09.823500   10365 ssh_runner.go:194] Run: /bin/bash -c "docker logs --tail 400 a19d97dd9309"
I0603 04:52:09.849334   10365 logs.go:122] Gathering logs for kube-scheduler [b898e357825c] ...
I0603 04:52:09.849361   10365 ssh_runner.go:194] Run: /bin/bash -c "docker logs --tail 400 b898e357825c"
I0603 04:52:09.881833   10365 logs.go:122] Gathering logs for kube-proxy [d57eab1ae12c] ...
I0603 04:52:09.881847   10365 ssh_runner.go:194] Run: /bin/bash -c "docker logs --tail 400 d57eab1ae12c"
I0603 04:52:09.908964   10365 logs.go:122] Gathering logs for kube-controller-manager [142a54608b27] ...
I0603 04:52:09.908976   10365 ssh_runner.go:194] Run: /bin/bash -c "docker logs --tail 400 142a54608b27"
I0603 04:52:09.947749   10365 logs.go:122] Gathering logs for Docker ...
I0603 04:52:09.947763   10365 ssh_runner.go:194] Run: /bin/bash -c "sudo journalctl -u docker -u cri-docker -n 400"
I0603 04:52:09.976248   10365 logs.go:122] Gathering logs for kube-apiserver [85e4dc7631be] ...
I0603 04:52:09.976267   10365 ssh_runner.go:194] Run: /bin/bash -c "docker logs --tail 400 85e4dc7631be"
I0603 04:52:10.047773   10365 logs.go:122] Gathering logs for etcd [349258b6df58] ...
I0603 04:52:10.047789   10365 ssh_runner.go:194] Run: /bin/bash -c "docker logs --tail 400 349258b6df58"
I0603 04:52:10.130130   10365 logs.go:122] Gathering logs for coredns [cd9183ebaff4] ...
I0603 04:52:10.130149   10365 ssh_runner.go:194] Run: /bin/bash -c "docker logs --tail 400 cd9183ebaff4"
I0603 04:52:10.158442   10365 logs.go:122] Gathering logs for storage-provisioner [4d2d81331688] ...
I0603 04:52:10.158457   10365 ssh_runner.go:194] Run: /bin/bash -c "docker logs --tail 400 4d2d81331688"
I0603 04:52:10.203928   10365 logs.go:122] Gathering logs for dmesg ...
I0603 04:52:10.203944   10365 ssh_runner.go:194] Run: /bin/bash -c "sudo dmesg -PH -L=never --level warn,err,crit,alert,emerg | tail -n 400"
I0603 04:52:10.217404   10365 logs.go:122] Gathering logs for kube-apiserver [42270be2365f] ...
I0603 04:52:10.217433   10365 ssh_runner.go:194] Run: /bin/bash -c "docker logs --tail 400 42270be2365f"
I0603 04:52:10.263987   10365 logs.go:122] Gathering logs for etcd [21e19412e264] ...
I0603 04:52:10.264004   10365 ssh_runner.go:194] Run: /bin/bash -c "docker logs --tail 400 21e19412e264"
I0603 04:52:10.303198   10365 logs.go:122] Gathering logs for coredns [ac03be6e1600] ...
I0603 04:52:10.303214   10365 ssh_runner.go:194] Run: /bin/bash -c "docker logs --tail 400 ac03be6e1600"
I0603 04:52:10.337455   10365 logs.go:122] Gathering logs for kube-proxy [613db8e8654c] ...
I0603 04:52:10.337471   10365 ssh_runner.go:194] Run: /bin/bash -c "docker logs --tail 400 613db8e8654c"
I0603 04:52:10.367519   10365 logs.go:122] Gathering logs for kube-controller-manager [06814c3285c9] ...
I0603 04:52:10.367535   10365 ssh_runner.go:194] Run: /bin/bash -c "docker logs --tail 400 06814c3285c9"
I0603 04:52:10.403036   10365 logs.go:122] Gathering logs for storage-provisioner [bbe49a8a0f86] ...
I0603 04:52:10.403048   10365 ssh_runner.go:194] Run: /bin/bash -c "docker logs --tail 400 bbe49a8a0f86"
I0603 04:52:10.444370   10365 logs.go:122] Gathering logs for container status ...
I0603 04:52:10.444384   10365 ssh_runner.go:194] Run: /bin/bash -c "sudo `which crictl || echo crictl` ps -a || sudo docker ps -a"
I0603 04:52:10.487697   10365 logs.go:122] Gathering logs for controller_ingress [435dd4d847ee] ...
I0603 04:52:10.487709   10365 ssh_runner.go:194] Run: /bin/bash -c "docker logs --tail 400 435dd4d847ee"
I0603 04:52:13.027650   10365 ssh_runner.go:194] Run: sudo pgrep -xnf kube-apiserver.*minikube.*
I0603 04:52:13.042353   10365 ssh_runner.go:194] Run: docker ps -a --filter=name=k8s_kube-apiserver --format={{.ID}}
I0603 04:52:13.088277   10365 logs.go:281] 2 containers: [42270be2365f 85e4dc7631be]
I0603 04:52:13.088338   10365 ssh_runner.go:194] Run: docker ps -a --filter=name=k8s_etcd --format={{.ID}}
I0603 04:52:13.111643   10365 logs.go:281] 2 containers: [349258b6df58 21e19412e264]
I0603 04:52:13.111697   10365 ssh_runner.go:194] Run: docker ps -a --filter=name=k8s_coredns --format={{.ID}}
I0603 04:52:13.135110   10365 logs.go:281] 2 containers: [ac03be6e1600 cd9183ebaff4]
I0603 04:52:13.135185   10365 ssh_runner.go:194] Run: docker ps -a --filter=name=k8s_kube-scheduler --format={{.ID}}
I0603 04:52:13.162730   10365 logs.go:281] 2 containers: [a19d97dd9309 b898e357825c]
I0603 04:52:13.162805   10365 ssh_runner.go:194] Run: docker ps -a --filter=name=k8s_kube-proxy --format={{.ID}}
I0603 04:52:13.193905   10365 logs.go:281] 2 containers: [d57eab1ae12c 613db8e8654c]
I0603 04:52:13.193996   10365 ssh_runner.go:194] Run: docker ps -a --filter=name=k8s_kube-controller-manager --format={{.ID}}
I0603 04:52:13.224255   10365 logs.go:281] 2 containers: [142a54608b27 06814c3285c9]
I0603 04:52:13.224328   10365 ssh_runner.go:194] Run: docker ps -a --filter=name=k8s_kindnet --format={{.ID}}
I0603 04:52:13.251609   10365 logs.go:281] 0 containers: []
W0603 04:52:13.251624   10365 logs.go:283] No container was found matching "kindnet"
I0603 04:52:13.251684   10365 ssh_runner.go:194] Run: docker ps -a --filter=name=k8s_controller_ingress --format={{.ID}}
I0603 04:52:13.284270   10365 logs.go:281] 1 containers: [435dd4d847ee]
I0603 04:52:13.284362   10365 ssh_runner.go:194] Run: docker ps -a --filter=name=k8s_storage-provisioner --format={{.ID}}
I0603 04:52:13.313955   10365 logs.go:281] 2 containers: [4d2d81331688 bbe49a8a0f86]
I0603 04:52:13.313972   10365 logs.go:122] Gathering logs for kube-proxy [613db8e8654c] ...
I0603 04:52:13.313979   10365 ssh_runner.go:194] Run: /bin/bash -c "docker logs --tail 400 613db8e8654c"
I0603 04:52:13.339306   10365 logs.go:122] Gathering logs for kube-controller-manager [06814c3285c9] ...
I0603 04:52:13.339319   10365 ssh_runner.go:194] Run: /bin/bash -c "docker logs --tail 400 06814c3285c9"
I0603 04:52:13.381670   10365 logs.go:122] Gathering logs for dmesg ...
I0603 04:52:13.381727   10365 ssh_runner.go:194] Run: /bin/bash -c "sudo dmesg -PH -L=never --level warn,err,crit,alert,emerg | tail -n 400"
I0603 04:52:13.396403   10365 logs.go:122] Gathering logs for kube-controller-manager [142a54608b27] ...
I0603 04:52:13.396415   10365 ssh_runner.go:194] Run: /bin/bash -c "docker logs --tail 400 142a54608b27"
I0603 04:52:13.433058   10365 logs.go:122] Gathering logs for controller_ingress [435dd4d847ee] ...
I0603 04:52:13.433072   10365 ssh_runner.go:194] Run: /bin/bash -c "docker logs --tail 400 435dd4d847ee"
I0603 04:52:13.462214   10365 logs.go:122] Gathering logs for storage-provisioner [bbe49a8a0f86] ...
I0603 04:52:13.462226   10365 ssh_runner.go:194] Run: /bin/bash -c "docker logs --tail 400 bbe49a8a0f86"
I0603 04:52:13.503335   10365 logs.go:122] Gathering logs for container status ...
I0603 04:52:13.503352   10365 ssh_runner.go:194] Run: /bin/bash -c "sudo `which crictl || echo crictl` ps -a || sudo docker ps -a"
I0603 04:52:13.551551   10365 logs.go:122] Gathering logs for kubelet ...
I0603 04:52:13.551570   10365 ssh_runner.go:194] Run: /bin/bash -c "sudo journalctl -u kubelet -n 400"
I0603 04:52:13.595834   10365 logs.go:122] Gathering logs for storage-provisioner [4d2d81331688] ...
I0603 04:52:13.595850   10365 ssh_runner.go:194] Run: /bin/bash -c "docker logs --tail 400 4d2d81331688"
I0603 04:52:13.643330   10365 logs.go:122] Gathering logs for Docker ...
I0603 04:52:13.643345   10365 ssh_runner.go:194] Run: /bin/bash -c "sudo journalctl -u docker -u cri-docker -n 400"
I0603 04:52:13.669683   10365 logs.go:122] Gathering logs for describe nodes ...
I0603 04:52:13.669696   10365 ssh_runner.go:194] Run: /bin/bash -c "sudo /var/lib/minikube/binaries/v1.35.1/kubectl describe nodes --kubeconfig=/var/lib/minikube/kubeconfig"
W0603 04:52:13.732263   10365 logs.go:129] failed describe nodes: command: /bin/bash -c "sudo /var/lib/minikube/binaries/v1.35.1/kubectl describe nodes --kubeconfig=/var/lib/minikube/kubeconfig" /bin/bash -c "sudo /var/lib/minikube/binaries/v1.35.1/kubectl describe nodes --kubeconfig=/var/lib/minikube/kubeconfig": Process exited with status 1
stdout:

stderr:
E0603 01:52:13.723444   13855 memcache.go:265] "Unhandled Error" err="couldn't get current server API group list: Get \"https://localhost:8443/api?timeout=32s\": dial tcp [::1]:8443: connect: connection refused"
E0603 01:52:13.724021   13855 memcache.go:265] "Unhandled Error" err="couldn't get current server API group list: Get \"https://localhost:8443/api?timeout=32s\": dial tcp [::1]:8443: connect: connection refused"
E0603 01:52:13.725688   13855 memcache.go:265] "Unhandled Error" err="couldn't get current server API group list: Get \"https://localhost:8443/api?timeout=32s\": dial tcp [::1]:8443: connect: connection refused"
E0603 01:52:13.726305   13855 memcache.go:265] "Unhandled Error" err="couldn't get current server API group list: Get \"https://localhost:8443/api?timeout=32s\": dial tcp [::1]:8443: connect: connection refused"
E0603 01:52:13.728135   13855 memcache.go:265] "Unhandled Error" err="couldn't get current server API group list: Get \"https://localhost:8443/api?timeout=32s\": dial tcp [::1]:8443: connect: connection refused"
The connection to the server localhost:8443 was refused - did you specify the right host or port?
 output: 
** stderr ** 
E0603 01:52:13.723444   13855 memcache.go:265] "Unhandled Error" err="couldn't get current server API group list: Get \"https://localhost:8443/api?timeout=32s\": dial tcp [::1]:8443: connect: connection refused"
E0603 01:52:13.724021   13855 memcache.go:265] "Unhandled Error" err="couldn't get current server API group list: Get \"https://localhost:8443/api?timeout=32s\": dial tcp [::1]:8443: connect: connection refused"
E0603 01:52:13.725688   13855 memcache.go:265] "Unhandled Error" err="couldn't get current server API group list: Get \"https://localhost:8443/api?timeout=32s\": dial tcp [::1]:8443: connect: connection refused"
E0603 01:52:13.726305   13855 memcache.go:265] "Unhandled Error" err="couldn't get current server API group list: Get \"https://localhost:8443/api?timeout=32s\": dial tcp [::1]:8443: connect: connection refused"
E0603 01:52:13.728135   13855 memcache.go:265] "Unhandled Error" err="couldn't get current server API group list: Get \"https://localhost:8443/api?timeout=32s\": dial tcp [::1]:8443: connect: connection refused"
The connection to the server localhost:8443 was refused - did you specify the right host or port?

** /stderr **
I0603 04:52:13.732278   10365 logs.go:122] Gathering logs for kube-apiserver [42270be2365f] ...
I0603 04:52:13.732292   10365 ssh_runner.go:194] Run: /bin/bash -c "docker logs --tail 400 42270be2365f"
I0603 04:52:13.779025   10365 logs.go:122] Gathering logs for kube-apiserver [85e4dc7631be] ...
I0603 04:52:13.779039   10365 ssh_runner.go:194] Run: /bin/bash -c "docker logs --tail 400 85e4dc7631be"
I0603 04:52:13.850005   10365 logs.go:122] Gathering logs for kube-scheduler [a19d97dd9309] ...
I0603 04:52:13.850021   10365 ssh_runner.go:194] Run: /bin/bash -c "docker logs --tail 400 a19d97dd9309"
I0603 04:52:13.875452   10365 logs.go:122] Gathering logs for etcd [349258b6df58] ...
I0603 04:52:13.875463   10365 ssh_runner.go:194] Run: /bin/bash -c "docker logs --tail 400 349258b6df58"
I0603 04:52:13.960277   10365 logs.go:122] Gathering logs for etcd [21e19412e264] ...
I0603 04:52:13.960294   10365 ssh_runner.go:194] Run: /bin/bash -c "docker logs --tail 400 21e19412e264"
I0603 04:52:13.998323   10365 logs.go:122] Gathering logs for coredns [ac03be6e1600] ...
I0603 04:52:13.998337   10365 ssh_runner.go:194] Run: /bin/bash -c "docker logs --tail 400 ac03be6e1600"
I0603 04:52:14.032102   10365 logs.go:122] Gathering logs for coredns [cd9183ebaff4] ...
I0603 04:52:14.032112   10365 ssh_runner.go:194] Run: /bin/bash -c "docker logs --tail 400 cd9183ebaff4"
I0603 04:52:14.058174   10365 logs.go:122] Gathering logs for kube-scheduler [b898e357825c] ...
I0603 04:52:14.058192   10365 ssh_runner.go:194] Run: /bin/bash -c "docker logs --tail 400 b898e357825c"
I0603 04:52:14.095169   10365 logs.go:122] Gathering logs for kube-proxy [d57eab1ae12c] ...
I0603 04:52:14.095188   10365 ssh_runner.go:194] Run: /bin/bash -c "docker logs --tail 400 d57eab1ae12c"
I0603 04:52:16.627665   10365 ssh_runner.go:194] Run: sudo pgrep -xnf kube-apiserver.*minikube.*
I0603 04:52:16.657713   10365 ssh_runner.go:194] Run: docker ps -a --filter=name=k8s_kube-apiserver --format={{.ID}}
I0603 04:52:16.706952   10365 logs.go:281] 2 containers: [42270be2365f 85e4dc7631be]
I0603 04:52:16.707053   10365 ssh_runner.go:194] Run: docker ps -a --filter=name=k8s_etcd --format={{.ID}}
I0603 04:52:16.756531   10365 logs.go:281] 2 containers: [349258b6df58 21e19412e264]
I0603 04:52:16.756655   10365 ssh_runner.go:194] Run: docker ps -a --filter=name=k8s_coredns --format={{.ID}}
I0603 04:52:16.804553   10365 logs.go:281] 2 containers: [ac03be6e1600 cd9183ebaff4]
I0603 04:52:16.804659   10365 ssh_runner.go:194] Run: docker ps -a --filter=name=k8s_kube-scheduler --format={{.ID}}
I0603 04:52:16.853761   10365 logs.go:281] 2 containers: [a19d97dd9309 b898e357825c]
I0603 04:52:16.853875   10365 ssh_runner.go:194] Run: docker ps -a --filter=name=k8s_kube-proxy --format={{.ID}}
I0603 04:52:16.903965   10365 logs.go:281] 2 containers: [d57eab1ae12c 613db8e8654c]
I0603 04:52:16.904125   10365 ssh_runner.go:194] Run: docker ps -a --filter=name=k8s_kube-controller-manager --format={{.ID}}
I0603 04:52:16.954224   10365 logs.go:281] 2 containers: [142a54608b27 06814c3285c9]
I0603 04:52:16.954360   10365 ssh_runner.go:194] Run: docker ps -a --filter=name=k8s_kindnet --format={{.ID}}
I0603 04:52:17.000844   10365 logs.go:281] 0 containers: []
W0603 04:52:17.000863   10365 logs.go:283] No container was found matching "kindnet"
I0603 04:52:17.001053   10365 ssh_runner.go:194] Run: docker ps -a --filter=name=k8s_controller_ingress --format={{.ID}}
I0603 04:52:17.032496   10365 kapi.go:81] temporary error: getting Pods with label selector "app.kubernetes.io/name=ingress-nginx" : [Get "https://127.0.0.1:32771/api/v1/namespaces/ingress-nginx/pods?labelSelector=app.kubernetes.io%2Fname%3Dingress-nginx": EOF - error from a previous attempt: read tcp 127.0.0.1:55336->127.0.0.1:32771: read: connection reset by peer]
I0603 04:52:17.050702   10365 logs.go:281] 1 containers: [435dd4d847ee]
I0603 04:52:17.050797   10365 ssh_runner.go:194] Run: docker ps -a --filter=name=k8s_storage-provisioner --format={{.ID}}
I0603 04:52:17.100864   10365 logs.go:281] 2 containers: [4d2d81331688 bbe49a8a0f86]
I0603 04:52:17.100904   10365 logs.go:122] Gathering logs for coredns [cd9183ebaff4] ...
I0603 04:52:17.100921   10365 ssh_runner.go:194] Run: /bin/bash -c "docker logs --tail 400 cd9183ebaff4"
I0603 04:52:17.157091   10365 logs.go:122] Gathering logs for kubelet ...
I0603 04:52:17.157112   10365 ssh_runner.go:194] Run: /bin/bash -c "sudo journalctl -u kubelet -n 400"
I0603 04:52:17.249015   10365 logs.go:122] Gathering logs for kube-controller-manager [06814c3285c9] ...
I0603 04:52:17.249040   10365 ssh_runner.go:194] Run: /bin/bash -c "docker logs --tail 400 06814c3285c9"
I0603 04:52:17.322307   10365 logs.go:122] Gathering logs for storage-provisioner [bbe49a8a0f86] ...
I0603 04:52:17.322332   10365 ssh_runner.go:194] Run: /bin/bash -c "docker logs --tail 400 bbe49a8a0f86"
I0603 04:52:17.403821   10365 logs.go:122] Gathering logs for Docker ...
I0603 04:52:17.403857   10365 ssh_runner.go:194] Run: /bin/bash -c "sudo journalctl -u docker -u cri-docker -n 400"
I0603 04:52:17.459260   10365 logs.go:122] Gathering logs for container status ...
I0603 04:52:17.459282   10365 ssh_runner.go:194] Run: /bin/bash -c "sudo `which crictl || echo crictl` ps -a || sudo docker ps -a"
I0603 04:52:17.629175   10365 logs.go:122] Gathering logs for kube-scheduler [a19d97dd9309] ...
I0603 04:52:17.629206   10365 ssh_runner.go:194] Run: /bin/bash -c "docker logs --tail 400 a19d97dd9309"
I0603 04:52:17.690262   10365 logs.go:122] Gathering logs for kube-proxy [613db8e8654c] ...
I0603 04:52:17.690281   10365 ssh_runner.go:194] Run: /bin/bash -c "docker logs --tail 400 613db8e8654c"
I0603 04:52:17.745761   10365 logs.go:122] Gathering logs for kube-apiserver [42270be2365f] ...
I0603 04:52:17.745785   10365 ssh_runner.go:194] Run: /bin/bash -c "docker logs --tail 400 42270be2365f"
I0603 04:52:17.850677   10365 logs.go:122] Gathering logs for etcd [21e19412e264] ...
I0603 04:52:17.850705   10365 ssh_runner.go:194] Run: /bin/bash -c "docker logs --tail 400 21e19412e264"
I0603 04:52:17.935067   10365 logs.go:122] Gathering logs for controller_ingress [435dd4d847ee] ...
I0603 04:52:17.935090   10365 ssh_runner.go:194] Run: /bin/bash -c "docker logs --tail 400 435dd4d847ee"
I0603 04:52:17.996608   10365 logs.go:122] Gathering logs for storage-provisioner [4d2d81331688] ...
I0603 04:52:17.996625   10365 ssh_runner.go:194] Run: /bin/bash -c "docker logs --tail 400 4d2d81331688"
I0603 04:52:18.099029   10365 logs.go:122] Gathering logs for kube-controller-manager [142a54608b27] ...
I0603 04:52:18.099053   10365 ssh_runner.go:194] Run: /bin/bash -c "docker logs --tail 400 142a54608b27"
I0603 04:52:18.174805   10365 logs.go:122] Gathering logs for kube-scheduler [b898e357825c] ...
I0603 04:52:18.174828   10365 ssh_runner.go:194] Run: /bin/bash -c "docker logs --tail 400 b898e357825c"
I0603 04:52:18.248299   10365 logs.go:122] Gathering logs for kube-proxy [d57eab1ae12c] ...
I0603 04:52:18.248324   10365 ssh_runner.go:194] Run: /bin/bash -c "docker logs --tail 400 d57eab1ae12c"
I0603 04:52:18.303249   10365 logs.go:122] Gathering logs for dmesg ...
I0603 04:52:18.303268   10365 ssh_runner.go:194] Run: /bin/bash -c "sudo dmesg -PH -L=never --level warn,err,crit,alert,emerg | tail -n 400"
I0603 04:52:18.331291   10365 logs.go:122] Gathering logs for describe nodes ...
I0603 04:52:18.331312   10365 ssh_runner.go:194] Run: /bin/bash -c "sudo /var/lib/minikube/binaries/v1.35.1/kubectl describe nodes --kubeconfig=/var/lib/minikube/kubeconfig"
W0603 04:52:18.460191   10365 logs.go:129] failed describe nodes: command: /bin/bash -c "sudo /var/lib/minikube/binaries/v1.35.1/kubectl describe nodes --kubeconfig=/var/lib/minikube/kubeconfig" /bin/bash -c "sudo /var/lib/minikube/binaries/v1.35.1/kubectl describe nodes --kubeconfig=/var/lib/minikube/kubeconfig": Process exited with status 1
stdout:

stderr:
E0603 01:52:18.445997   14257 memcache.go:265] "Unhandled Error" err="couldn't get current server API group list: Get \"https://localhost:8443/api?timeout=32s\": dial tcp [::1]:8443: connect: connection refused"
E0603 01:52:18.447652   14257 memcache.go:265] "Unhandled Error" err="couldn't get current server API group list: Get \"https://localhost:8443/api?timeout=32s\": dial tcp [::1]:8443: connect: connection refused"
E0603 01:52:18.448819   14257 memcache.go:265] "Unhandled Error" err="couldn't get current server API group list: Get \"https://localhost:8443/api?timeout=32s\": dial tcp [::1]:8443: connect: connection refused"
E0603 01:52:18.450098   14257 memcache.go:265] "Unhandled Error" err="couldn't get current server API group list: Get \"https://localhost:8443/api?timeout=32s\": dial tcp [::1]:8443: connect: connection refused"
E0603 01:52:18.451568   14257 memcache.go:265] "Unhandled Error" err="couldn't get current server API group list: Get \"https://localhost:8443/api?timeout=32s\": dial tcp [::1]:8443: connect: connection refused"
The connection to the server localhost:8443 was refused - did you specify the right host or port?
 output: 
** stderr ** 
E0603 01:52:18.445997   14257 memcache.go:265] "Unhandled Error" err="couldn't get current server API group list: Get \"https://localhost:8443/api?timeout=32s\": dial tcp [::1]:8443: connect: connection refused"
E0603 01:52:18.447652   14257 memcache.go:265] "Unhandled Error" err="couldn't get current server API group list: Get \"https://localhost:8443/api?timeout=32s\": dial tcp [::1]:8443: connect: connection refused"
E0603 01:52:18.448819   14257 memcache.go:265] "Unhandled Error" err="couldn't get current server API group list: Get \"https://localhost:8443/api?timeout=32s\": dial tcp [::1]:8443: connect: connection refused"
E0603 01:52:18.450098   14257 memcache.go:265] "Unhandled Error" err="couldn't get current server API group list: Get \"https://localhost:8443/api?timeout=32s\": dial tcp [::1]:8443: connect: connection refused"
E0603 01:52:18.451568   14257 memcache.go:265] "Unhandled Error" err="couldn't get current server API group list: Get \"https://localhost:8443/api?timeout=32s\": dial tcp [::1]:8443: connect: connection refused"
The connection to the server localhost:8443 was refused - did you specify the right host or port?

** /stderr **
I0603 04:52:18.460204   10365 logs.go:122] Gathering logs for kube-apiserver [85e4dc7631be] ...
I0603 04:52:18.460217   10365 ssh_runner.go:194] Run: /bin/bash -c "docker logs --tail 400 85e4dc7631be"
I0603 04:52:18.629372   10365 logs.go:122] Gathering logs for etcd [349258b6df58] ...
I0603 04:52:18.629395   10365 ssh_runner.go:194] Run: /bin/bash -c "docker logs --tail 400 349258b6df58"
I0603 04:52:18.815619   10365 logs.go:122] Gathering logs for coredns [ac03be6e1600] ...
I0603 04:52:18.815706   10365 ssh_runner.go:194] Run: /bin/bash -c "docker logs --tail 400 ac03be6e1600"
I0603 04:52:21.401783   10365 ssh_runner.go:194] Run: sudo pgrep -xnf kube-apiserver.*minikube.*
I0603 04:52:21.449312   10365 ssh_runner.go:194] Run: docker ps -a --filter=name=k8s_kube-apiserver --format={{.ID}}
I0603 04:52:21.498949   10365 logs.go:281] 2 containers: [42270be2365f 85e4dc7631be]
I0603 04:52:21.499084   10365 ssh_runner.go:194] Run: docker ps -a --filter=name=k8s_etcd --format={{.ID}}
I0603 04:52:21.562284   10365 logs.go:281] 2 containers: [349258b6df58 21e19412e264]
I0603 04:52:21.562418   10365 ssh_runner.go:194] Run: docker ps -a --filter=name=k8s_coredns --format={{.ID}}
I0603 04:52:21.628574   10365 logs.go:281] 2 containers: [ac03be6e1600 cd9183ebaff4]
I0603 04:52:21.628728   10365 ssh_runner.go:194] Run: docker ps -a --filter=name=k8s_kube-scheduler --format={{.ID}}
I0603 04:52:21.686371   10365 logs.go:281] 2 containers: [a19d97dd9309 b898e357825c]
I0603 04:52:21.686572   10365 ssh_runner.go:194] Run: docker ps -a --filter=name=k8s_kube-proxy --format={{.ID}}
I0603 04:52:21.740877   10365 logs.go:281] 2 containers: [d57eab1ae12c 613db8e8654c]
I0603 04:52:21.740990   10365 ssh_runner.go:194] Run: docker ps -a --filter=name=k8s_kube-controller-manager --format={{.ID}}
I0603 04:52:21.792086   10365 logs.go:281] 2 containers: [142a54608b27 06814c3285c9]
I0603 04:52:21.792308   10365 ssh_runner.go:194] Run: docker ps -a --filter=name=k8s_kindnet --format={{.ID}}
I0603 04:52:21.842326   10365 logs.go:281] 0 containers: []
W0603 04:52:21.842353   10365 logs.go:283] No container was found matching "kindnet"
I0603 04:52:21.842489   10365 ssh_runner.go:194] Run: docker ps -a --filter=name=k8s_controller_ingress --format={{.ID}}
I0603 04:52:21.894766   10365 logs.go:281] 1 containers: [435dd4d847ee]
I0603 04:52:21.894892   10365 ssh_runner.go:194] Run: docker ps -a --filter=name=k8s_storage-provisioner --format={{.ID}}
I0603 04:52:21.947555   10365 logs.go:281] 2 containers: [4d2d81331688 bbe49a8a0f86]
I0603 04:52:21.947595   10365 logs.go:122] Gathering logs for kubelet ...
I0603 04:52:21.947617   10365 ssh_runner.go:194] Run: /bin/bash -c "sudo journalctl -u kubelet -n 400"
I0603 04:52:22.052900   10365 logs.go:122] Gathering logs for describe nodes ...
I0603 04:52:22.052921   10365 ssh_runner.go:194] Run: /bin/bash -c "sudo /var/lib/minikube/binaries/v1.35.1/kubectl describe nodes --kubeconfig=/var/lib/minikube/kubeconfig"
W0603 04:52:22.187648   10365 logs.go:129] failed describe nodes: command: /bin/bash -c "sudo /var/lib/minikube/binaries/v1.35.1/kubectl describe nodes --kubeconfig=/var/lib/minikube/kubeconfig" /bin/bash -c "sudo /var/lib/minikube/binaries/v1.35.1/kubectl describe nodes --kubeconfig=/var/lib/minikube/kubeconfig": Process exited with status 1
stdout:

stderr:
E0603 01:52:22.172204   14443 memcache.go:265] "Unhandled Error" err="couldn't get current server API group list: Get \"https://localhost:8443/api?timeout=32s\": dial tcp [::1]:8443: connect: connection refused"
E0603 01:52:22.173624   14443 memcache.go:265] "Unhandled Error" err="couldn't get current server API group list: Get \"https://localhost:8443/api?timeout=32s\": dial tcp [::1]:8443: connect: connection refused"
E0603 01:52:22.174626   14443 memcache.go:265] "Unhandled Error" err="couldn't get current server API group list: Get \"https://localhost:8443/api?timeout=32s\": dial tcp [::1]:8443: connect: connection refused"
E0603 01:52:22.175762   14443 memcache.go:265] "Unhandled Error" err="couldn't get current server API group list: Get \"https://localhost:8443/api?timeout=32s\": dial tcp [::1]:8443: connect: connection refused"
E0603 01:52:22.177491   14443 memcache.go:265] "Unhandled Error" err="couldn't get current server API group list: Get \"https://localhost:8443/api?timeout=32s\": dial tcp [::1]:8443: connect: connection refused"
The connection to the server localhost:8443 was refused - did you specify the right host or port?
 output: 
** stderr ** 
E0603 01:52:22.172204   14443 memcache.go:265] "Unhandled Error" err="couldn't get current server API group list: Get \"https://localhost:8443/api?timeout=32s\": dial tcp [::1]:8443: connect: connection refused"
E0603 01:52:22.173624   14443 memcache.go:265] "Unhandled Error" err="couldn't get current server API group list: Get \"https://localhost:8443/api?timeout=32s\": dial tcp [::1]:8443: connect: connection refused"
E0603 01:52:22.174626   14443 memcache.go:265] "Unhandled Error" err="couldn't get current server API group list: Get \"https://localhost:8443/api?timeout=32s\": dial tcp [::1]:8443: connect: connection refused"
E0603 01:52:22.175762   14443 memcache.go:265] "Unhandled Error" err="couldn't get current server API group list: Get \"https://localhost:8443/api?timeout=32s\": dial tcp [::1]:8443: connect: connection refused"
E0603 01:52:22.177491   14443 memcache.go:265] "Unhandled Error" err="couldn't get current server API group list: Get \"https://localhost:8443/api?timeout=32s\": dial tcp [::1]:8443: connect: connection refused"
The connection to the server localhost:8443 was refused - did you specify the right host or port?

** /stderr **
I0603 04:52:22.187665   10365 logs.go:122] Gathering logs for kube-scheduler [a19d97dd9309] ...
I0603 04:52:22.187678   10365 ssh_runner.go:194] Run: /bin/bash -c "docker logs --tail 400 a19d97dd9309"
I0603 04:52:22.244715   10365 logs.go:122] Gathering logs for kube-proxy [613db8e8654c] ...
I0603 04:52:22.244736   10365 ssh_runner.go:194] Run: /bin/bash -c "docker logs --tail 400 613db8e8654c"
I0603 04:52:22.302123   10365 logs.go:122] Gathering logs for kube-controller-manager [142a54608b27] ...
I0603 04:52:22.302145   10365 ssh_runner.go:194] Run: /bin/bash -c "docker logs --tail 400 142a54608b27"
I0603 04:52:22.375396   10365 logs.go:122] Gathering logs for controller_ingress [435dd4d847ee] ...
I0603 04:52:22.375421   10365 ssh_runner.go:194] Run: /bin/bash -c "docker logs --tail 400 435dd4d847ee"
I0603 04:52:22.436675   10365 logs.go:122] Gathering logs for kube-apiserver [42270be2365f] ...
I0603 04:52:22.436696   10365 ssh_runner.go:194] Run: /bin/bash -c "docker logs --tail 400 42270be2365f"
I0603 04:52:22.540696   10365 logs.go:122] Gathering logs for etcd [21e19412e264] ...
I0603 04:52:22.540721   10365 ssh_runner.go:194] Run: /bin/bash -c "docker logs --tail 400 21e19412e264"
I0603 04:52:22.639557   10365 logs.go:122] Gathering logs for coredns [ac03be6e1600] ...
I0603 04:52:22.639583   10365 ssh_runner.go:194] Run: /bin/bash -c "docker logs --tail 400 ac03be6e1600"
I0603 04:52:22.711836   10365 logs.go:122] Gathering logs for kube-proxy [d57eab1ae12c] ...
I0603 04:52:22.711861   10365 ssh_runner.go:194] Run: /bin/bash -c "docker logs --tail 400 d57eab1ae12c"
I0603 04:52:22.768951   10365 logs.go:122] Gathering logs for kube-controller-manager [06814c3285c9] ...
I0603 04:52:22.768972   10365 ssh_runner.go:194] Run: /bin/bash -c "docker logs --tail 400 06814c3285c9"
I0603 04:52:22.846169   10365 logs.go:122] Gathering logs for Docker ...
I0603 04:52:22.846191   10365 ssh_runner.go:194] Run: /bin/bash -c "sudo journalctl -u docker -u cri-docker -n 400"
I0603 04:52:22.908867   10365 logs.go:122] Gathering logs for container status ...
I0603 04:52:22.908889   10365 ssh_runner.go:194] Run: /bin/bash -c "sudo `which crictl || echo crictl` ps -a || sudo docker ps -a"
I0603 04:52:22.999312   10365 logs.go:122] Gathering logs for dmesg ...
I0603 04:52:22.999333   10365 ssh_runner.go:194] Run: /bin/bash -c "sudo dmesg -PH -L=never --level warn,err,crit,alert,emerg | tail -n 400"
I0603 04:52:23.027913   10365 logs.go:122] Gathering logs for coredns [cd9183ebaff4] ...
I0603 04:52:23.027932   10365 ssh_runner.go:194] Run: /bin/bash -c "docker logs --tail 400 cd9183ebaff4"
I0603 04:52:23.083831   10365 logs.go:122] Gathering logs for kube-scheduler [b898e357825c] ...
I0603 04:52:23.083851   10365 ssh_runner.go:194] Run: /bin/bash -c "docker logs --tail 400 b898e357825c"
I0603 04:52:23.153997   10365 logs.go:122] Gathering logs for kube-apiserver [85e4dc7631be] ...
I0603 04:52:23.154068   10365 ssh_runner.go:194] Run: /bin/bash -c "docker logs --tail 400 85e4dc7631be"
I0603 04:52:23.308637   10365 logs.go:122] Gathering logs for etcd [349258b6df58] ...
I0603 04:52:23.308663   10365 ssh_runner.go:194] Run: /bin/bash -c "docker logs --tail 400 349258b6df58"
I0603 04:52:23.497555   10365 logs.go:122] Gathering logs for storage-provisioner [4d2d81331688] ...
I0603 04:52:23.497582   10365 ssh_runner.go:194] Run: /bin/bash -c "docker logs --tail 400 4d2d81331688"
I0603 04:52:23.612643   10365 logs.go:122] Gathering logs for storage-provisioner [bbe49a8a0f86] ...
I0603 04:52:23.612716   10365 ssh_runner.go:194] Run: /bin/bash -c "docker logs --tail 400 bbe49a8a0f86"
I0603 04:52:26.204751   10365 ssh_runner.go:194] Run: sudo pgrep -xnf kube-apiserver.*minikube.*
I0603 04:52:26.239118   10365 ssh_runner.go:194] Run: docker ps -a --filter=name=k8s_kube-apiserver --format={{.ID}}
I0603 04:52:26.268643   10365 logs.go:281] 2 containers: [42270be2365f 85e4dc7631be]
I0603 04:52:26.268699   10365 ssh_runner.go:194] Run: docker ps -a --filter=name=k8s_etcd --format={{.ID}}
I0603 04:52:26.295966   10365 logs.go:281] 2 containers: [349258b6df58 21e19412e264]
I0603 04:52:26.296085   10365 ssh_runner.go:194] Run: docker ps -a --filter=name=k8s_coredns --format={{.ID}}
I0603 04:52:26.319584   10365 logs.go:281] 2 containers: [ac03be6e1600 cd9183ebaff4]
I0603 04:52:26.319666   10365 ssh_runner.go:194] Run: docker ps -a --filter=name=k8s_kube-scheduler --format={{.ID}}
I0603 04:52:26.344297   10365 logs.go:281] 2 containers: [a19d97dd9309 b898e357825c]
I0603 04:52:26.344391   10365 ssh_runner.go:194] Run: docker ps -a --filter=name=k8s_kube-proxy --format={{.ID}}
I0603 04:52:26.367621   10365 logs.go:281] 2 containers: [d57eab1ae12c 613db8e8654c]
I0603 04:52:26.367678   10365 ssh_runner.go:194] Run: docker ps -a --filter=name=k8s_kube-controller-manager --format={{.ID}}
I0603 04:52:26.391548   10365 logs.go:281] 2 containers: [142a54608b27 06814c3285c9]
I0603 04:52:26.391609   10365 ssh_runner.go:194] Run: docker ps -a --filter=name=k8s_kindnet --format={{.ID}}
I0603 04:52:26.414903   10365 logs.go:281] 0 containers: []
W0603 04:52:26.414914   10365 logs.go:283] No container was found matching "kindnet"
I0603 04:52:26.414960   10365 ssh_runner.go:194] Run: docker ps -a --filter=name=k8s_controller_ingress --format={{.ID}}
I0603 04:52:26.440558   10365 logs.go:281] 1 containers: [435dd4d847ee]
I0603 04:52:26.440634   10365 ssh_runner.go:194] Run: docker ps -a --filter=name=k8s_storage-provisioner --format={{.ID}}
I0603 04:52:26.465370   10365 logs.go:281] 2 containers: [4d2d81331688 bbe49a8a0f86]
I0603 04:52:26.465394   10365 logs.go:122] Gathering logs for kube-apiserver [85e4dc7631be] ...
I0603 04:52:26.465405   10365 ssh_runner.go:194] Run: /bin/bash -c "docker logs --tail 400 85e4dc7631be"
I0603 04:52:26.602821   10365 logs.go:122] Gathering logs for etcd [21e19412e264] ...
I0603 04:52:26.602837   10365 ssh_runner.go:194] Run: /bin/bash -c "docker logs --tail 400 21e19412e264"
I0603 04:52:26.641094   10365 logs.go:122] Gathering logs for kube-scheduler [a19d97dd9309] ...
I0603 04:52:26.641107   10365 ssh_runner.go:194] Run: /bin/bash -c "docker logs --tail 400 a19d97dd9309"
I0603 04:52:26.668104   10365 logs.go:122] Gathering logs for kube-proxy [613db8e8654c] ...
I0603 04:52:26.668118   10365 ssh_runner.go:194] Run: /bin/bash -c "docker logs --tail 400 613db8e8654c"
I0603 04:52:26.695513   10365 logs.go:122] Gathering logs for storage-provisioner [bbe49a8a0f86] ...
I0603 04:52:26.695527   10365 ssh_runner.go:194] Run: /bin/bash -c "docker logs --tail 400 bbe49a8a0f86"
I0603 04:52:26.735909   10365 logs.go:122] Gathering logs for dmesg ...
I0603 04:52:26.735924   10365 ssh_runner.go:194] Run: /bin/bash -c "sudo dmesg -PH -L=never --level warn,err,crit,alert,emerg | tail -n 400"
I0603 04:52:26.749837   10365 logs.go:122] Gathering logs for describe nodes ...
I0603 04:52:26.749852   10365 ssh_runner.go:194] Run: /bin/bash -c "sudo /var/lib/minikube/binaries/v1.35.1/kubectl describe nodes --kubeconfig=/var/lib/minikube/kubeconfig"
W0603 04:52:26.815448   10365 logs.go:129] failed describe nodes: command: /bin/bash -c "sudo /var/lib/minikube/binaries/v1.35.1/kubectl describe nodes --kubeconfig=/var/lib/minikube/kubeconfig" /bin/bash -c "sudo /var/lib/minikube/binaries/v1.35.1/kubectl describe nodes --kubeconfig=/var/lib/minikube/kubeconfig": Process exited with status 1
stdout:

stderr:
E0603 01:52:26.805640   14841 memcache.go:265] "Unhandled Error" err="couldn't get current server API group list: Get \"https://localhost:8443/api?timeout=32s\": dial tcp [::1]:8443: connect: connection refused"
E0603 01:52:26.806524   14841 memcache.go:265] "Unhandled Error" err="couldn't get current server API group list: Get \"https://localhost:8443/api?timeout=32s\": dial tcp [::1]:8443: connect: connection refused"
E0603 01:52:26.808709   14841 memcache.go:265] "Unhandled Error" err="couldn't get current server API group list: Get \"https://localhost:8443/api?timeout=32s\": dial tcp [::1]:8443: connect: connection refused"
E0603 01:52:26.809530   14841 memcache.go:265] "Unhandled Error" err="couldn't get current server API group list: Get \"https://localhost:8443/api?timeout=32s\": dial tcp [::1]:8443: connect: connection refused"
E0603 01:52:26.811333   14841 memcache.go:265] "Unhandled Error" err="couldn't get current server API group list: Get \"https://localhost:8443/api?timeout=32s\": dial tcp [::1]:8443: connect: connection refused"
The connection to the server localhost:8443 was refused - did you specify the right host or port?
 output: 
** stderr ** 
E0603 01:52:26.805640   14841 memcache.go:265] "Unhandled Error" err="couldn't get current server API group list: Get \"https://localhost:8443/api?timeout=32s\": dial tcp [::1]:8443: connect: connection refused"
E0603 01:52:26.806524   14841 memcache.go:265] "Unhandled Error" err="couldn't get current server API group list: Get \"https://localhost:8443/api?timeout=32s\": dial tcp [::1]:8443: connect: connection refused"
E0603 01:52:26.808709   14841 memcache.go:265] "Unhandled Error" err="couldn't get current server API group list: Get \"https://localhost:8443/api?timeout=32s\": dial tcp [::1]:8443: connect: connection refused"
E0603 01:52:26.809530   14841 memcache.go:265] "Unhandled Error" err="couldn't get current server API group list: Get \"https://localhost:8443/api?timeout=32s\": dial tcp [::1]:8443: connect: connection refused"
E0603 01:52:26.811333   14841 memcache.go:265] "Unhandled Error" err="couldn't get current server API group list: Get \"https://localhost:8443/api?timeout=32s\": dial tcp [::1]:8443: connect: connection refused"
The connection to the server localhost:8443 was refused - did you specify the right host or port?

** /stderr **
I0603 04:52:26.815455   10365 logs.go:122] Gathering logs for kube-apiserver [42270be2365f] ...
I0603 04:52:26.815463   10365 ssh_runner.go:194] Run: /bin/bash -c "docker logs --tail 400 42270be2365f"
I0603 04:52:26.862290   10365 logs.go:122] Gathering logs for etcd [349258b6df58] ...
I0603 04:52:26.862305   10365 ssh_runner.go:194] Run: /bin/bash -c "docker logs --tail 400 349258b6df58"
I0603 04:52:26.945737   10365 logs.go:122] Gathering logs for coredns [cd9183ebaff4] ...
I0603 04:52:26.945753   10365 ssh_runner.go:194] Run: /bin/bash -c "docker logs --tail 400 cd9183ebaff4"
I0603 04:52:26.973095   10365 logs.go:122] Gathering logs for kube-proxy [d57eab1ae12c] ...
I0603 04:52:26.973108   10365 ssh_runner.go:194] Run: /bin/bash -c "docker logs --tail 400 d57eab1ae12c"
I0603 04:52:26.999998   10365 logs.go:122] Gathering logs for kube-controller-manager [06814c3285c9] ...
I0603 04:52:27.000012   10365 ssh_runner.go:194] Run: /bin/bash -c "docker logs --tail 400 06814c3285c9"
I0603 04:52:27.035284   10365 logs.go:122] Gathering logs for container status ...
I0603 04:52:27.035296   10365 ssh_runner.go:194] Run: /bin/bash -c "sudo `which crictl || echo crictl` ps -a || sudo docker ps -a"
I0603 04:52:27.057109   10365 kapi.go:81] temporary error: getting Pods with label selector "app.kubernetes.io/name=ingress-nginx" : [Get "https://127.0.0.1:32771/api/v1/namespaces/ingress-nginx/pods?labelSelector=app.kubernetes.io%2Fname%3Dingress-nginx": read tcp 127.0.0.1:42952->127.0.0.1:32771: read: connection reset by peer - error from a previous attempt: EOF]
I0603 04:52:27.079093   10365 logs.go:122] Gathering logs for kubelet ...
I0603 04:52:27.079104   10365 ssh_runner.go:194] Run: /bin/bash -c "sudo journalctl -u kubelet -n 400"
I0603 04:52:27.121076   10365 logs.go:122] Gathering logs for controller_ingress [435dd4d847ee] ...
I0603 04:52:27.121092   10365 ssh_runner.go:194] Run: /bin/bash -c "docker logs --tail 400 435dd4d847ee"
I0603 04:52:27.151857   10365 logs.go:122] Gathering logs for storage-provisioner [4d2d81331688] ...
I0603 04:52:27.151869   10365 ssh_runner.go:194] Run: /bin/bash -c "docker logs --tail 400 4d2d81331688"
I0603 04:52:27.198917   10365 logs.go:122] Gathering logs for kube-controller-manager [142a54608b27] ...
I0603 04:52:27.198933   10365 ssh_runner.go:194] Run: /bin/bash -c "docker logs --tail 400 142a54608b27"
I0603 04:52:27.236268   10365 logs.go:122] Gathering logs for coredns [ac03be6e1600] ...
I0603 04:52:27.236284   10365 ssh_runner.go:194] Run: /bin/bash -c "docker logs --tail 400 ac03be6e1600"
I0603 04:52:27.285135   10365 logs.go:122] Gathering logs for kube-scheduler [b898e357825c] ...
I0603 04:52:27.285158   10365 ssh_runner.go:194] Run: /bin/bash -c "docker logs --tail 400 b898e357825c"
I0603 04:52:27.323805   10365 logs.go:122] Gathering logs for Docker ...
I0603 04:52:27.323822   10365 ssh_runner.go:194] Run: /bin/bash -c "sudo journalctl -u docker -u cri-docker -n 400"
I0603 04:52:29.853051   10365 ssh_runner.go:194] Run: sudo pgrep -xnf kube-apiserver.*minikube.*
I0603 04:52:29.868606   10365 ssh_runner.go:194] Run: docker ps -a --filter=name=k8s_kube-apiserver --format={{.ID}}
I0603 04:52:29.893369   10365 logs.go:281] 2 containers: [42270be2365f 85e4dc7631be]
I0603 04:52:29.893430   10365 ssh_runner.go:194] Run: docker ps -a --filter=name=k8s_etcd --format={{.ID}}
I0603 04:52:29.917616   10365 logs.go:281] 2 containers: [349258b6df58 21e19412e264]
I0603 04:52:29.917686   10365 ssh_runner.go:194] Run: docker ps -a --filter=name=k8s_coredns --format={{.ID}}
I0603 04:52:29.942434   10365 logs.go:281] 2 containers: [ac03be6e1600 cd9183ebaff4]
I0603 04:52:29.942524   10365 ssh_runner.go:194] Run: docker ps -a --filter=name=k8s_kube-scheduler --format={{.ID}}
I0603 04:52:29.967118   10365 logs.go:281] 2 containers: [a19d97dd9309 b898e357825c]
I0603 04:52:29.967190   10365 ssh_runner.go:194] Run: docker ps -a --filter=name=k8s_kube-proxy --format={{.ID}}
I0603 04:52:29.991352   10365 logs.go:281] 2 containers: [d57eab1ae12c 613db8e8654c]
I0603 04:52:29.991412   10365 ssh_runner.go:194] Run: docker ps -a --filter=name=k8s_kube-controller-manager --format={{.ID}}
I0603 04:52:30.019146   10365 logs.go:281] 2 containers: [142a54608b27 06814c3285c9]
I0603 04:52:30.019207   10365 ssh_runner.go:194] Run: docker ps -a --filter=name=k8s_kindnet --format={{.ID}}
I0603 04:52:30.042839   10365 logs.go:281] 0 containers: []
W0603 04:52:30.042850   10365 logs.go:283] No container was found matching "kindnet"
I0603 04:52:30.042900   10365 ssh_runner.go:194] Run: docker ps -a --filter=name=k8s_controller_ingress --format={{.ID}}
I0603 04:52:30.066936   10365 logs.go:281] 1 containers: [435dd4d847ee]
I0603 04:52:30.067009   10365 ssh_runner.go:194] Run: docker ps -a --filter=name=k8s_storage-provisioner --format={{.ID}}
I0603 04:52:30.090081   10365 logs.go:281] 2 containers: [4d2d81331688 bbe49a8a0f86]
I0603 04:52:30.090101   10365 logs.go:122] Gathering logs for describe nodes ...
I0603 04:52:30.090109   10365 ssh_runner.go:194] Run: /bin/bash -c "sudo /var/lib/minikube/binaries/v1.35.1/kubectl describe nodes --kubeconfig=/var/lib/minikube/kubeconfig"
W0603 04:52:30.155611   10365 logs.go:129] failed describe nodes: command: /bin/bash -c "sudo /var/lib/minikube/binaries/v1.35.1/kubectl describe nodes --kubeconfig=/var/lib/minikube/kubeconfig" /bin/bash -c "sudo /var/lib/minikube/binaries/v1.35.1/kubectl describe nodes --kubeconfig=/var/lib/minikube/kubeconfig": Process exited with status 1
stdout:

stderr:
E0603 01:52:30.146088   15110 memcache.go:265] "Unhandled Error" err="couldn't get current server API group list: Get \"https://localhost:8443/api?timeout=32s\": dial tcp [::1]:8443: connect: connection refused"
E0603 01:52:30.146749   15110 memcache.go:265] "Unhandled Error" err="couldn't get current server API group list: Get \"https://localhost:8443/api?timeout=32s\": dial tcp [::1]:8443: connect: connection refused"
E0603 01:52:30.148569   15110 memcache.go:265] "Unhandled Error" err="couldn't get current server API group list: Get \"https://localhost:8443/api?timeout=32s\": dial tcp [::1]:8443: connect: connection refused"
E0603 01:52:30.149155   15110 memcache.go:265] "Unhandled Error" err="couldn't get current server API group list: Get \"https://localhost:8443/api?timeout=32s\": dial tcp [::1]:8443: connect: connection refused"
E0603 01:52:30.150954   15110 memcache.go:265] "Unhandled Error" err="couldn't get current server API group list: Get \"https://localhost:8443/api?timeout=32s\": dial tcp [::1]:8443: connect: connection refused"
The connection to the server localhost:8443 was refused - did you specify the right host or port?
 output: 
** stderr ** 
E0603 01:52:30.146088   15110 memcache.go:265] "Unhandled Error" err="couldn't get current server API group list: Get \"https://localhost:8443/api?timeout=32s\": dial tcp [::1]:8443: connect: connection refused"
E0603 01:52:30.146749   15110 memcache.go:265] "Unhandled Error" err="couldn't get current server API group list: Get \"https://localhost:8443/api?timeout=32s\": dial tcp [::1]:8443: connect: connection refused"
E0603 01:52:30.148569   15110 memcache.go:265] "Unhandled Error" err="couldn't get current server API group list: Get \"https://localhost:8443/api?timeout=32s\": dial tcp [::1]:8443: connect: connection refused"
E0603 01:52:30.149155   15110 memcache.go:265] "Unhandled Error" err="couldn't get current server API group list: Get \"https://localhost:8443/api?timeout=32s\": dial tcp [::1]:8443: connect: connection refused"
E0603 01:52:30.150954   15110 memcache.go:265] "Unhandled Error" err="couldn't get current server API group list: Get \"https://localhost:8443/api?timeout=32s\": dial tcp [::1]:8443: connect: connection refused"
The connection to the server localhost:8443 was refused - did you specify the right host or port?

** /stderr **
I0603 04:52:30.155620   10365 logs.go:122] Gathering logs for kube-apiserver [42270be2365f] ...
I0603 04:52:30.155628   10365 ssh_runner.go:194] Run: /bin/bash -c "docker logs --tail 400 42270be2365f"
I0603 04:52:30.202675   10365 logs.go:122] Gathering logs for kube-proxy [d57eab1ae12c] ...
I0603 04:52:30.202692   10365 ssh_runner.go:194] Run: /bin/bash -c "docker logs --tail 400 d57eab1ae12c"
I0603 04:52:30.230408   10365 logs.go:122] Gathering logs for storage-provisioner [4d2d81331688] ...
I0603 04:52:30.230420   10365 ssh_runner.go:194] Run: /bin/bash -c "docker logs --tail 400 4d2d81331688"
I0603 04:52:30.287883   10365 logs.go:122] Gathering logs for coredns [cd9183ebaff4] ...
I0603 04:52:30.287899   10365 ssh_runner.go:194] Run: /bin/bash -c "docker logs --tail 400 cd9183ebaff4"
I0603 04:52:30.321095   10365 logs.go:122] Gathering logs for kube-scheduler [a19d97dd9309] ...
I0603 04:52:30.321106   10365 ssh_runner.go:194] Run: /bin/bash -c "docker logs --tail 400 a19d97dd9309"
I0603 04:52:30.352826   10365 logs.go:122] Gathering logs for controller_ingress [435dd4d847ee] ...
I0603 04:52:30.352838   10365 ssh_runner.go:194] Run: /bin/bash -c "docker logs --tail 400 435dd4d847ee"
I0603 04:52:30.382526   10365 logs.go:122] Gathering logs for kube-apiserver [85e4dc7631be] ...
I0603 04:52:30.382539   10365 ssh_runner.go:194] Run: /bin/bash -c "docker logs --tail 400 85e4dc7631be"
I0603 04:52:30.464029   10365 logs.go:122] Gathering logs for etcd [349258b6df58] ...
I0603 04:52:30.464047   10365 ssh_runner.go:194] Run: /bin/bash -c "docker logs --tail 400 349258b6df58"
I0603 04:52:30.548841   10365 logs.go:122] Gathering logs for kube-scheduler [b898e357825c] ...
I0603 04:52:30.548856   10365 ssh_runner.go:194] Run: /bin/bash -c "docker logs --tail 400 b898e357825c"
I0603 04:52:30.581314   10365 logs.go:122] Gathering logs for kube-proxy [613db8e8654c] ...
I0603 04:52:30.581331   10365 ssh_runner.go:194] Run: /bin/bash -c "docker logs --tail 400 613db8e8654c"
I0603 04:52:30.608973   10365 logs.go:122] Gathering logs for kube-controller-manager [06814c3285c9] ...
I0603 04:52:30.608992   10365 ssh_runner.go:194] Run: /bin/bash -c "docker logs --tail 400 06814c3285c9"
I0603 04:52:30.644808   10365 logs.go:122] Gathering logs for dmesg ...
I0603 04:52:30.644824   10365 ssh_runner.go:194] Run: /bin/bash -c "sudo dmesg -PH -L=never --level warn,err,crit,alert,emerg | tail -n 400"
I0603 04:52:30.658794   10365 logs.go:122] Gathering logs for etcd [21e19412e264] ...
I0603 04:52:30.658807   10365 ssh_runner.go:194] Run: /bin/bash -c "docker logs --tail 400 21e19412e264"
I0603 04:52:30.700120   10365 logs.go:122] Gathering logs for coredns [ac03be6e1600] ...
I0603 04:52:30.700135   10365 ssh_runner.go:194] Run: /bin/bash -c "docker logs --tail 400 ac03be6e1600"
I0603 04:52:30.734346   10365 logs.go:122] Gathering logs for kube-controller-manager [142a54608b27] ...
I0603 04:52:30.734359   10365 ssh_runner.go:194] Run: /bin/bash -c "docker logs --tail 400 142a54608b27"
I0603 04:52:30.783572   10365 logs.go:122] Gathering logs for storage-provisioner [bbe49a8a0f86] ...
I0603 04:52:30.783613   10365 ssh_runner.go:194] Run: /bin/bash -c "docker logs --tail 400 bbe49a8a0f86"
I0603 04:52:32.481824   10365 logs.go:122] Gathering logs for Docker ...
I0603 04:52:32.481861   10365 ssh_runner.go:194] Run: /bin/bash -c "sudo journalctl -u docker -u cri-docker -n 400"
I0603 04:52:32.540811   10365 logs.go:122] Gathering logs for container status ...
I0603 04:52:32.540840   10365 ssh_runner.go:194] Run: /bin/bash -c "sudo `which crictl || echo crictl` ps -a || sudo docker ps -a"
I0603 04:52:32.630494   10365 logs.go:122] Gathering logs for kubelet ...
I0603 04:52:32.630522   10365 ssh_runner.go:194] Run: /bin/bash -c "sudo journalctl -u kubelet -n 400"
I0603 04:52:35.237838   10365 ssh_runner.go:194] Run: sudo pgrep -xnf kube-apiserver.*minikube.*
I0603 04:52:35.286436   10365 ssh_runner.go:194] Run: docker ps -a --filter=name=k8s_kube-apiserver --format={{.ID}}
I0603 04:52:35.344806   10365 logs.go:281] 2 containers: [42270be2365f 85e4dc7631be]
I0603 04:52:35.344916   10365 ssh_runner.go:194] Run: docker ps -a --filter=name=k8s_etcd --format={{.ID}}
I0603 04:52:35.394535   10365 logs.go:281] 2 containers: [349258b6df58 21e19412e264]
I0603 04:52:35.394707   10365 ssh_runner.go:194] Run: docker ps -a --filter=name=k8s_coredns --format={{.ID}}
I0603 04:52:35.444647   10365 logs.go:281] 2 containers: [ac03be6e1600 cd9183ebaff4]
I0603 04:52:35.444760   10365 ssh_runner.go:194] Run: docker ps -a --filter=name=k8s_kube-scheduler --format={{.ID}}
I0603 04:52:35.499408   10365 logs.go:281] 2 containers: [a19d97dd9309 b898e357825c]
I0603 04:52:35.499512   10365 ssh_runner.go:194] Run: docker ps -a --filter=name=k8s_kube-proxy --format={{.ID}}
I0603 04:52:35.552133   10365 logs.go:281] 2 containers: [d57eab1ae12c 613db8e8654c]
I0603 04:52:35.552237   10365 ssh_runner.go:194] Run: docker ps -a --filter=name=k8s_kube-controller-manager --format={{.ID}}
I0603 04:52:35.603413   10365 logs.go:281] 2 containers: [142a54608b27 06814c3285c9]
I0603 04:52:35.603529   10365 ssh_runner.go:194] Run: docker ps -a --filter=name=k8s_kindnet --format={{.ID}}
I0603 04:52:35.663448   10365 logs.go:281] 0 containers: []
W0603 04:52:35.663480   10365 logs.go:283] No container was found matching "kindnet"
I0603 04:52:35.663665   10365 ssh_runner.go:194] Run: docker ps -a --filter=name=k8s_controller_ingress --format={{.ID}}
I0603 04:52:35.717645   10365 logs.go:281] 1 containers: [435dd4d847ee]
I0603 04:52:35.717794   10365 ssh_runner.go:194] Run: docker ps -a --filter=name=k8s_storage-provisioner --format={{.ID}}
I0603 04:52:35.772699   10365 logs.go:281] 2 containers: [4d2d81331688 bbe49a8a0f86]
I0603 04:52:35.772729   10365 logs.go:122] Gathering logs for container status ...
I0603 04:52:35.772743   10365 ssh_runner.go:194] Run: /bin/bash -c "sudo `which crictl || echo crictl` ps -a || sudo docker ps -a"
I0603 04:52:35.862568   10365 logs.go:122] Gathering logs for etcd [349258b6df58] ...
I0603 04:52:35.862591   10365 ssh_runner.go:194] Run: /bin/bash -c "docker logs --tail 400 349258b6df58"
I0603 04:52:36.043112   10365 logs.go:122] Gathering logs for coredns [ac03be6e1600] ...
I0603 04:52:36.043139   10365 ssh_runner.go:194] Run: /bin/bash -c "docker logs --tail 400 ac03be6e1600"
I0603 04:52:36.112268   10365 logs.go:122] Gathering logs for kube-scheduler [b898e357825c] ...
I0603 04:52:36.112293   10365 ssh_runner.go:194] Run: /bin/bash -c "docker logs --tail 400 b898e357825c"
I0603 04:52:36.183016   10365 logs.go:122] Gathering logs for kube-proxy [d57eab1ae12c] ...
I0603 04:52:36.183039   10365 ssh_runner.go:194] Run: /bin/bash -c "docker logs --tail 400 d57eab1ae12c"
I0603 04:52:36.248654   10365 logs.go:122] Gathering logs for kube-controller-manager [06814c3285c9] ...
I0603 04:52:36.248674   10365 ssh_runner.go:194] Run: /bin/bash -c "docker logs --tail 400 06814c3285c9"
I0603 04:52:36.326892   10365 logs.go:122] Gathering logs for describe nodes ...
I0603 04:52:36.326915   10365 ssh_runner.go:194] Run: /bin/bash -c "sudo /var/lib/minikube/binaries/v1.35.1/kubectl describe nodes --kubeconfig=/var/lib/minikube/kubeconfig"
W0603 04:52:36.467052   10365 logs.go:129] failed describe nodes: command: /bin/bash -c "sudo /var/lib/minikube/binaries/v1.35.1/kubectl describe nodes --kubeconfig=/var/lib/minikube/kubeconfig" /bin/bash -c "sudo /var/lib/minikube/binaries/v1.35.1/kubectl describe nodes --kubeconfig=/var/lib/minikube/kubeconfig": Process exited with status 1
stdout:

stderr:
E0603 01:52:36.451945   15505 memcache.go:265] "Unhandled Error" err="couldn't get current server API group list: Get \"https://localhost:8443/api?timeout=32s\": dial tcp [::1]:8443: connect: connection refused"
E0603 01:52:36.453512   15505 memcache.go:265] "Unhandled Error" err="couldn't get current server API group list: Get \"https://localhost:8443/api?timeout=32s\": dial tcp [::1]:8443: connect: connection refused"
E0603 01:52:36.454894   15505 memcache.go:265] "Unhandled Error" err="couldn't get current server API group list: Get \"https://localhost:8443/api?timeout=32s\": dial tcp [::1]:8443: connect: connection refused"
E0603 01:52:36.456360   15505 memcache.go:265] "Unhandled Error" err="couldn't get current server API group list: Get \"https://localhost:8443/api?timeout=32s\": dial tcp [::1]:8443: connect: connection refused"
E0603 01:52:36.457866   15505 memcache.go:265] "Unhandled Error" err="couldn't get current server API group list: Get \"https://localhost:8443/api?timeout=32s\": dial tcp [::1]:8443: connect: connection refused"
The connection to the server localhost:8443 was refused - did you specify the right host or port?
 output: 
** stderr ** 
E0603 01:52:36.451945   15505 memcache.go:265] "Unhandled Error" err="couldn't get current server API group list: Get \"https://localhost:8443/api?timeout=32s\": dial tcp [::1]:8443: connect: connection refused"
E0603 01:52:36.453512   15505 memcache.go:265] "Unhandled Error" err="couldn't get current server API group list: Get \"https://localhost:8443/api?timeout=32s\": dial tcp [::1]:8443: connect: connection refused"
E0603 01:52:36.454894   15505 memcache.go:265] "Unhandled Error" err="couldn't get current server API group list: Get \"https://localhost:8443/api?timeout=32s\": dial tcp [::1]:8443: connect: connection refused"
E0603 01:52:36.456360   15505 memcache.go:265] "Unhandled Error" err="couldn't get current server API group list: Get \"https://localhost:8443/api?timeout=32s\": dial tcp [::1]:8443: connect: connection refused"
E0603 01:52:36.457866   15505 memcache.go:265] "Unhandled Error" err="couldn't get current server API group list: Get \"https://localhost:8443/api?timeout=32s\": dial tcp [::1]:8443: connect: connection refused"
The connection to the server localhost:8443 was refused - did you specify the right host or port?

** /stderr **
I0603 04:52:36.467066   10365 logs.go:122] Gathering logs for kube-apiserver [42270be2365f] ...
I0603 04:52:36.467080   10365 ssh_runner.go:194] Run: /bin/bash -c "docker logs --tail 400 42270be2365f"
I0603 04:52:36.568038   10365 logs.go:122] Gathering logs for kube-apiserver [85e4dc7631be] ...
I0603 04:52:36.568092   10365 ssh_runner.go:194] Run: /bin/bash -c "docker logs --tail 400 85e4dc7631be"
I0603 04:52:36.735386   10365 logs.go:122] Gathering logs for etcd [21e19412e264] ...
I0603 04:52:36.735422   10365 ssh_runner.go:194] Run: /bin/bash -c "docker logs --tail 400 21e19412e264"
I0603 04:52:36.824246   10365 logs.go:122] Gathering logs for storage-provisioner [bbe49a8a0f86] ...
I0603 04:52:36.824270   10365 ssh_runner.go:194] Run: /bin/bash -c "docker logs --tail 400 bbe49a8a0f86"
I0603 04:52:36.914906   10365 logs.go:122] Gathering logs for dmesg ...
I0603 04:52:36.914930   10365 ssh_runner.go:194] Run: /bin/bash -c "sudo dmesg -PH -L=never --level warn,err,crit,alert,emerg | tail -n 400"
I0603 04:52:36.945289   10365 logs.go:122] Gathering logs for coredns [cd9183ebaff4] ...
I0603 04:52:36.945307   10365 ssh_runner.go:194] Run: /bin/bash -c "docker logs --tail 400 cd9183ebaff4"
I0603 04:52:37.002940   10365 logs.go:122] Gathering logs for kube-proxy [613db8e8654c] ...
I0603 04:52:37.002960   10365 ssh_runner.go:194] Run: /bin/bash -c "docker logs --tail 400 613db8e8654c"
I0603 04:52:37.061365   10365 logs.go:122] Gathering logs for kube-controller-manager [142a54608b27] ...
I0603 04:52:37.061387   10365 ssh_runner.go:194] Run: /bin/bash -c "docker logs --tail 400 142a54608b27"
I0603 04:52:37.136971   10365 logs.go:122] Gathering logs for controller_ingress [435dd4d847ee] ...
I0603 04:52:37.136995   10365 ssh_runner.go:194] Run: /bin/bash -c "docker logs --tail 400 435dd4d847ee"
I0603 04:52:37.197992   10365 logs.go:122] Gathering logs for storage-provisioner [4d2d81331688] ...
I0603 04:52:37.198018   10365 ssh_runner.go:194] Run: /bin/bash -c "docker logs --tail 400 4d2d81331688"
I0603 04:52:37.301680   10365 logs.go:122] Gathering logs for kubelet ...
I0603 04:52:37.301704   10365 ssh_runner.go:194] Run: /bin/bash -c "sudo journalctl -u kubelet -n 400"
I0603 04:52:37.396537   10365 logs.go:122] Gathering logs for kube-scheduler [a19d97dd9309] ...
I0603 04:52:37.396563   10365 ssh_runner.go:194] Run: /bin/bash -c "docker logs --tail 400 a19d97dd9309"
I0603 04:52:37.450820   10365 logs.go:122] Gathering logs for Docker ...
I0603 04:52:37.450839   10365 ssh_runner.go:194] Run: /bin/bash -c "sudo journalctl -u docker -u cri-docker -n 400"
I0603 04:52:38.691850   10365 kapi.go:81] temporary error: getting Pods with label selector "app.kubernetes.io/name=ingress-nginx" : [Get "https://127.0.0.1:32771/api/v1/namespaces/ingress-nginx/pods?labelSelector=app.kubernetes.io%2Fname%3Dingress-nginx": EOF]
I0603 04:52:40.008734   10365 ssh_runner.go:194] Run: sudo pgrep -xnf kube-apiserver.*minikube.*
I0603 04:52:40.023896   10365 ssh_runner.go:194] Run: docker ps -a --filter=name=k8s_kube-apiserver --format={{.ID}}
I0603 04:52:40.051091   10365 logs.go:281] 2 containers: [42270be2365f 85e4dc7631be]
I0603 04:52:40.051156   10365 ssh_runner.go:194] Run: docker ps -a --filter=name=k8s_etcd --format={{.ID}}
I0603 04:52:40.080096   10365 logs.go:281] 2 containers: [349258b6df58 21e19412e264]
I0603 04:52:40.080152   10365 ssh_runner.go:194] Run: docker ps -a --filter=name=k8s_coredns --format={{.ID}}
I0603 04:52:40.104519   10365 logs.go:281] 2 containers: [ac03be6e1600 cd9183ebaff4]
I0603 04:52:40.104581   10365 ssh_runner.go:194] Run: docker ps -a --filter=name=k8s_kube-scheduler --format={{.ID}}
I0603 04:52:40.127731   10365 logs.go:281] 2 containers: [a19d97dd9309 b898e357825c]
I0603 04:52:40.127809   10365 ssh_runner.go:194] Run: docker ps -a --filter=name=k8s_kube-proxy --format={{.ID}}
I0603 04:52:40.150927   10365 logs.go:281] 2 containers: [d57eab1ae12c 613db8e8654c]
I0603 04:52:40.150983   10365 ssh_runner.go:194] Run: docker ps -a --filter=name=k8s_kube-controller-manager --format={{.ID}}
I0603 04:52:40.175567   10365 logs.go:281] 2 containers: [142a54608b27 06814c3285c9]
I0603 04:52:40.175665   10365 ssh_runner.go:194] Run: docker ps -a --filter=name=k8s_kindnet --format={{.ID}}
I0603 04:52:40.199712   10365 logs.go:281] 0 containers: []
W0603 04:52:40.199725   10365 logs.go:283] No container was found matching "kindnet"
I0603 04:52:40.199777   10365 ssh_runner.go:194] Run: docker ps -a --filter=name=k8s_controller_ingress --format={{.ID}}
I0603 04:52:40.223434   10365 logs.go:281] 1 containers: [435dd4d847ee]
I0603 04:52:40.223534   10365 ssh_runner.go:194] Run: docker ps -a --filter=name=k8s_storage-provisioner --format={{.ID}}
I0603 04:52:40.247901   10365 logs.go:281] 2 containers: [4d2d81331688 bbe49a8a0f86]
I0603 04:52:40.247929   10365 logs.go:122] Gathering logs for storage-provisioner [bbe49a8a0f86] ...
I0603 04:52:40.247944   10365 ssh_runner.go:194] Run: /bin/bash -c "docker logs --tail 400 bbe49a8a0f86"
I0603 04:52:40.291552   10365 logs.go:122] Gathering logs for kube-scheduler [b898e357825c] ...
I0603 04:52:40.291570   10365 ssh_runner.go:194] Run: /bin/bash -c "docker logs --tail 400 b898e357825c"
I0603 04:52:40.323850   10365 logs.go:122] Gathering logs for kube-proxy [d57eab1ae12c] ...
I0603 04:52:40.323863   10365 ssh_runner.go:194] Run: /bin/bash -c "docker logs --tail 400 d57eab1ae12c"
I0603 04:52:40.351371   10365 logs.go:122] Gathering logs for kube-controller-manager [142a54608b27] ...
I0603 04:52:40.351382   10365 ssh_runner.go:194] Run: /bin/bash -c "docker logs --tail 400 142a54608b27"
I0603 04:52:40.392378   10365 logs.go:122] Gathering logs for kubelet ...
I0603 04:52:40.392402   10365 ssh_runner.go:194] Run: /bin/bash -c "sudo journalctl -u kubelet -n 400"
I0603 04:52:40.439775   10365 logs.go:122] Gathering logs for kube-apiserver [85e4dc7631be] ...
I0603 04:52:40.439792   10365 ssh_runner.go:194] Run: /bin/bash -c "docker logs --tail 400 85e4dc7631be"
I0603 04:52:40.514230   10365 logs.go:122] Gathering logs for kube-controller-manager [06814c3285c9] ...
I0603 04:52:40.514247   10365 ssh_runner.go:194] Run: /bin/bash -c "docker logs --tail 400 06814c3285c9"
I0603 04:52:40.551350   10365 logs.go:122] Gathering logs for Docker ...
I0603 04:52:40.551365   10365 ssh_runner.go:194] Run: /bin/bash -c "sudo journalctl -u docker -u cri-docker -n 400"
I0603 04:52:40.580963   10365 logs.go:122] Gathering logs for container status ...
I0603 04:52:40.580980   10365 ssh_runner.go:194] Run: /bin/bash -c "sudo `which crictl || echo crictl` ps -a || sudo docker ps -a"
I0603 04:52:40.626524   10365 logs.go:122] Gathering logs for controller_ingress [435dd4d847ee] ...
I0603 04:52:40.626535   10365 ssh_runner.go:194] Run: /bin/bash -c "docker logs --tail 400 435dd4d847ee"
I0603 04:52:40.657159   10365 logs.go:122] Gathering logs for storage-provisioner [4d2d81331688] ...
I0603 04:52:40.657170   10365 ssh_runner.go:194] Run: /bin/bash -c "docker logs --tail 400 4d2d81331688"
I0603 04:52:40.703149   10365 logs.go:122] Gathering logs for kube-proxy [613db8e8654c] ...
I0603 04:52:40.703160   10365 ssh_runner.go:194] Run: /bin/bash -c "docker logs --tail 400 613db8e8654c"
I0603 04:52:40.730630   10365 logs.go:122] Gathering logs for dmesg ...
I0603 04:52:40.730643   10365 ssh_runner.go:194] Run: /bin/bash -c "sudo dmesg -PH -L=never --level warn,err,crit,alert,emerg | tail -n 400"
I0603 04:52:40.744547   10365 logs.go:122] Gathering logs for describe nodes ...
I0603 04:52:40.744559   10365 ssh_runner.go:194] Run: /bin/bash -c "sudo /var/lib/minikube/binaries/v1.35.1/kubectl describe nodes --kubeconfig=/var/lib/minikube/kubeconfig"
W0603 04:52:40.822725   10365 logs.go:129] failed describe nodes: command: /bin/bash -c "sudo /var/lib/minikube/binaries/v1.35.1/kubectl describe nodes --kubeconfig=/var/lib/minikube/kubeconfig" /bin/bash -c "sudo /var/lib/minikube/binaries/v1.35.1/kubectl describe nodes --kubeconfig=/var/lib/minikube/kubeconfig": Process exited with status 1
stdout:

stderr:
E0603 01:52:40.810906   15879 memcache.go:265] "Unhandled Error" err="couldn't get current server API group list: Get \"https://localhost:8443/api?timeout=32s\": dial tcp [::1]:8443: connect: connection refused"
E0603 01:52:40.811922   15879 memcache.go:265] "Unhandled Error" err="couldn't get current server API group list: Get \"https://localhost:8443/api?timeout=32s\": dial tcp [::1]:8443: connect: connection refused"
E0603 01:52:40.812955   15879 memcache.go:265] "Unhandled Error" err="couldn't get current server API group list: Get \"https://localhost:8443/api?timeout=32s\": dial tcp [::1]:8443: connect: connection refused"
E0603 01:52:40.813864   15879 memcache.go:265] "Unhandled Error" err="couldn't get current server API group list: Get \"https://localhost:8443/api?timeout=32s\": dial tcp [::1]:8443: connect: connection refused"
E0603 01:52:40.816130   15879 memcache.go:265] "Unhandled Error" err="couldn't get current server API group list: Get \"https://localhost:8443/api?timeout=32s\": dial tcp [::1]:8443: connect: connection refused"
The connection to the server localhost:8443 was refused - did you specify the right host or port?
 output: 
** stderr ** 
E0603 01:52:40.810906   15879 memcache.go:265] "Unhandled Error" err="couldn't get current server API group list: Get \"https://localhost:8443/api?timeout=32s\": dial tcp [::1]:8443: connect: connection refused"
E0603 01:52:40.811922   15879 memcache.go:265] "Unhandled Error" err="couldn't get current server API group list: Get \"https://localhost:8443/api?timeout=32s\": dial tcp [::1]:8443: connect: connection refused"
E0603 01:52:40.812955   15879 memcache.go:265] "Unhandled Error" err="couldn't get current server API group list: Get \"https://localhost:8443/api?timeout=32s\": dial tcp [::1]:8443: connect: connection refused"
E0603 01:52:40.813864   15879 memcache.go:265] "Unhandled Error" err="couldn't get current server API group list: Get \"https://localhost:8443/api?timeout=32s\": dial tcp [::1]:8443: connect: connection refused"
E0603 01:52:40.816130   15879 memcache.go:265] "Unhandled Error" err="couldn't get current server API group list: Get \"https://localhost:8443/api?timeout=32s\": dial tcp [::1]:8443: connect: connection refused"
The connection to the server localhost:8443 was refused - did you specify the right host or port?

** /stderr **
I0603 04:52:40.822737   10365 logs.go:122] Gathering logs for etcd [349258b6df58] ...
I0603 04:52:40.822749   10365 ssh_runner.go:194] Run: /bin/bash -c "docker logs --tail 400 349258b6df58"
I0603 04:52:40.925115   10365 logs.go:122] Gathering logs for coredns [ac03be6e1600] ...
I0603 04:52:40.925132   10365 ssh_runner.go:194] Run: /bin/bash -c "docker logs --tail 400 ac03be6e1600"
I0603 04:52:40.961255   10365 logs.go:122] Gathering logs for coredns [cd9183ebaff4] ...
I0603 04:52:40.961269   10365 ssh_runner.go:194] Run: /bin/bash -c "docker logs --tail 400 cd9183ebaff4"
I0603 04:52:40.989542   10365 logs.go:122] Gathering logs for kube-scheduler [a19d97dd9309] ...
I0603 04:52:40.989554   10365 ssh_runner.go:194] Run: /bin/bash -c "docker logs --tail 400 a19d97dd9309"
I0603 04:52:41.018706   10365 logs.go:122] Gathering logs for kube-apiserver [42270be2365f] ...
I0603 04:52:41.018717   10365 ssh_runner.go:194] Run: /bin/bash -c "docker logs --tail 400 42270be2365f"
I0603 04:52:41.068820   10365 logs.go:122] Gathering logs for etcd [21e19412e264] ...
I0603 04:52:41.068835   10365 ssh_runner.go:194] Run: /bin/bash -c "docker logs --tail 400 21e19412e264"
I0603 04:52:43.609126   10365 ssh_runner.go:194] Run: sudo pgrep -xnf kube-apiserver.*minikube.*
I0603 04:52:43.658743   10365 ssh_runner.go:194] Run: docker ps -a --filter=name=k8s_kube-apiserver --format={{.ID}}
I0603 04:52:43.718253   10365 logs.go:281] 2 containers: [42270be2365f 85e4dc7631be]
I0603 04:52:43.718369   10365 ssh_runner.go:194] Run: docker ps -a --filter=name=k8s_etcd --format={{.ID}}
I0603 04:52:43.767445   10365 logs.go:281] 2 containers: [349258b6df58 21e19412e264]
I0603 04:52:43.767558   10365 ssh_runner.go:194] Run: docker ps -a --filter=name=k8s_coredns --format={{.ID}}
I0603 04:52:43.818275   10365 logs.go:281] 2 containers: [ac03be6e1600 cd9183ebaff4]
I0603 04:52:43.818383   10365 ssh_runner.go:194] Run: docker ps -a --filter=name=k8s_kube-scheduler --format={{.ID}}
I0603 04:52:43.869379   10365 logs.go:281] 2 containers: [a19d97dd9309 b898e357825c]
I0603 04:52:43.869534   10365 ssh_runner.go:194] Run: docker ps -a --filter=name=k8s_kube-proxy --format={{.ID}}
I0603 04:52:43.926105   10365 logs.go:281] 2 containers: [d57eab1ae12c 613db8e8654c]
I0603 04:52:43.926260   10365 ssh_runner.go:194] Run: docker ps -a --filter=name=k8s_kube-controller-manager --format={{.ID}}
I0603 04:52:43.979998   10365 logs.go:281] 2 containers: [142a54608b27 06814c3285c9]
I0603 04:52:43.980114   10365 ssh_runner.go:194] Run: docker ps -a --filter=name=k8s_kindnet --format={{.ID}}
I0603 04:52:44.031821   10365 logs.go:281] 0 containers: []
W0603 04:52:44.031839   10365 logs.go:283] No container was found matching "kindnet"
I0603 04:52:44.031928   10365 ssh_runner.go:194] Run: docker ps -a --filter=name=k8s_controller_ingress --format={{.ID}}
I0603 04:52:44.085626   10365 logs.go:281] 1 containers: [435dd4d847ee]
I0603 04:52:44.085731   10365 ssh_runner.go:194] Run: docker ps -a --filter=name=k8s_storage-provisioner --format={{.ID}}
I0603 04:52:44.138492   10365 logs.go:281] 2 containers: [4d2d81331688 bbe49a8a0f86]
I0603 04:52:44.138520   10365 logs.go:122] Gathering logs for dmesg ...
I0603 04:52:44.138532   10365 ssh_runner.go:194] Run: /bin/bash -c "sudo dmesg -PH -L=never --level warn,err,crit,alert,emerg | tail -n 400"
I0603 04:52:44.166914   10365 logs.go:122] Gathering logs for kube-apiserver [42270be2365f] ...
I0603 04:52:44.166936   10365 ssh_runner.go:194] Run: /bin/bash -c "docker logs --tail 400 42270be2365f"
I0603 04:52:44.269495   10365 logs.go:122] Gathering logs for coredns [cd9183ebaff4] ...
I0603 04:52:44.269520   10365 ssh_runner.go:194] Run: /bin/bash -c "docker logs --tail 400 cd9183ebaff4"
I0603 04:52:44.326262   10365 logs.go:122] Gathering logs for kube-scheduler [b898e357825c] ...
I0603 04:52:44.326281   10365 ssh_runner.go:194] Run: /bin/bash -c "docker logs --tail 400 b898e357825c"
I0603 04:52:44.394778   10365 logs.go:122] Gathering logs for kube-proxy [613db8e8654c] ...
I0603 04:52:44.394800   10365 ssh_runner.go:194] Run: /bin/bash -c "docker logs --tail 400 613db8e8654c"
I0603 04:52:44.451365   10365 logs.go:122] Gathering logs for storage-provisioner [bbe49a8a0f86] ...
I0603 04:52:44.451389   10365 ssh_runner.go:194] Run: /bin/bash -c "docker logs --tail 400 bbe49a8a0f86"
I0603 04:52:44.538464   10365 logs.go:122] Gathering logs for Docker ...
I0603 04:52:44.538485   10365 ssh_runner.go:194] Run: /bin/bash -c "sudo journalctl -u docker -u cri-docker -n 400"
I0603 04:52:44.594379   10365 logs.go:122] Gathering logs for kube-apiserver [85e4dc7631be] ...
I0603 04:52:44.594403   10365 ssh_runner.go:194] Run: /bin/bash -c "docker logs --tail 400 85e4dc7631be"
I0603 04:52:44.754978   10365 logs.go:122] Gathering logs for etcd [349258b6df58] ...
I0603 04:52:44.755007   10365 ssh_runner.go:194] Run: /bin/bash -c "docker logs --tail 400 349258b6df58"
I0603 04:52:44.965247   10365 logs.go:122] Gathering logs for kube-scheduler [a19d97dd9309] ...
I0603 04:52:44.965272   10365 ssh_runner.go:194] Run: /bin/bash -c "docker logs --tail 400 a19d97dd9309"
I0603 04:52:45.025654   10365 logs.go:122] Gathering logs for kube-proxy [d57eab1ae12c] ...
I0603 04:52:45.025674   10365 ssh_runner.go:194] Run: /bin/bash -c "docker logs --tail 400 d57eab1ae12c"
I0603 04:52:45.085091   10365 logs.go:122] Gathering logs for kube-controller-manager [06814c3285c9] ...
I0603 04:52:45.085110   10365 ssh_runner.go:194] Run: /bin/bash -c "docker logs --tail 400 06814c3285c9"
I0603 04:52:45.156984   10365 logs.go:122] Gathering logs for storage-provisioner [4d2d81331688] ...
I0603 04:52:45.157020   10365 ssh_runner.go:194] Run: /bin/bash -c "docker logs --tail 400 4d2d81331688"
I0603 04:52:45.253966   10365 logs.go:122] Gathering logs for describe nodes ...
I0603 04:52:45.254025   10365 ssh_runner.go:194] Run: /bin/bash -c "sudo /var/lib/minikube/binaries/v1.35.1/kubectl describe nodes --kubeconfig=/var/lib/minikube/kubeconfig"
W0603 04:52:45.381348   10365 logs.go:129] failed describe nodes: command: /bin/bash -c "sudo /var/lib/minikube/binaries/v1.35.1/kubectl describe nodes --kubeconfig=/var/lib/minikube/kubeconfig" /bin/bash -c "sudo /var/lib/minikube/binaries/v1.35.1/kubectl describe nodes --kubeconfig=/var/lib/minikube/kubeconfig": Process exited with status 1
stdout:

stderr:
E0603 01:52:45.366754   16224 memcache.go:265] "Unhandled Error" err="couldn't get current server API group list: Get \"https://localhost:8443/api?timeout=32s\": dial tcp [::1]:8443: connect: connection refused"
E0603 01:52:45.368067   16224 memcache.go:265] "Unhandled Error" err="couldn't get current server API group list: Get \"https://localhost:8443/api?timeout=32s\": dial tcp [::1]:8443: connect: connection refused"
E0603 01:52:45.369571   16224 memcache.go:265] "Unhandled Error" err="couldn't get current server API group list: Get \"https://localhost:8443/api?timeout=32s\": dial tcp [::1]:8443: connect: connection refused"
E0603 01:52:45.370910   16224 memcache.go:265] "Unhandled Error" err="couldn't get current server API group list: Get \"https://localhost:8443/api?timeout=32s\": dial tcp [::1]:8443: connect: connection refused"
E0603 01:52:45.372392   16224 memcache.go:265] "Unhandled Error" err="couldn't get current server API group list: Get \"https://localhost:8443/api?timeout=32s\": dial tcp [::1]:8443: connect: connection refused"
The connection to the server localhost:8443 was refused - did you specify the right host or port?
 output: 
** stderr ** 
E0603 01:52:45.366754   16224 memcache.go:265] "Unhandled Error" err="couldn't get current server API group list: Get \"https://localhost:8443/api?timeout=32s\": dial tcp [::1]:8443: connect: connection refused"
E0603 01:52:45.368067   16224 memcache.go:265] "Unhandled Error" err="couldn't get current server API group list: Get \"https://localhost:8443/api?timeout=32s\": dial tcp [::1]:8443: connect: connection refused"
E0603 01:52:45.369571   16224 memcache.go:265] "Unhandled Error" err="couldn't get current server API group list: Get \"https://localhost:8443/api?timeout=32s\": dial tcp [::1]:8443: connect: connection refused"
E0603 01:52:45.370910   16224 memcache.go:265] "Unhandled Error" err="couldn't get current server API group list: Get \"https://localhost:8443/api?timeout=32s\": dial tcp [::1]:8443: connect: connection refused"
E0603 01:52:45.372392   16224 memcache.go:265] "Unhandled Error" err="couldn't get current server API group list: Get \"https://localhost:8443/api?timeout=32s\": dial tcp [::1]:8443: connect: connection refused"
The connection to the server localhost:8443 was refused - did you specify the right host or port?

** /stderr **
I0603 04:52:45.381366   10365 logs.go:122] Gathering logs for kube-controller-manager [142a54608b27] ...
I0603 04:52:45.381379   10365 ssh_runner.go:194] Run: /bin/bash -c "docker logs --tail 400 142a54608b27"
I0603 04:52:45.453574   10365 logs.go:122] Gathering logs for kubelet ...
I0603 04:52:45.453598   10365 ssh_runner.go:194] Run: /bin/bash -c "sudo journalctl -u kubelet -n 400"
I0603 04:52:45.543278   10365 logs.go:122] Gathering logs for etcd [21e19412e264] ...
I0603 04:52:45.543302   10365 ssh_runner.go:194] Run: /bin/bash -c "docker logs --tail 400 21e19412e264"
I0603 04:52:45.634039   10365 logs.go:122] Gathering logs for coredns [ac03be6e1600] ...
I0603 04:52:45.634062   10365 ssh_runner.go:194] Run: /bin/bash -c "docker logs --tail 400 ac03be6e1600"
I0603 04:52:45.712517   10365 logs.go:122] Gathering logs for controller_ingress [435dd4d847ee] ...
I0603 04:52:45.712546   10365 ssh_runner.go:194] Run: /bin/bash -c "docker logs --tail 400 435dd4d847ee"
I0603 04:52:45.778497   10365 logs.go:122] Gathering logs for container status ...
I0603 04:52:45.778526   10365 ssh_runner.go:194] Run: /bin/bash -c "sudo `which crictl || echo crictl` ps -a || sudo docker ps -a"
I0603 04:52:48.376310   10365 ssh_runner.go:194] Run: sudo pgrep -xnf kube-apiserver.*minikube.*
I0603 04:52:48.395199   10365 ssh_runner.go:194] Run: docker ps -a --filter=name=k8s_kube-apiserver --format={{.ID}}
I0603 04:52:48.418605   10365 logs.go:281] 2 containers: [42270be2365f 85e4dc7631be]
I0603 04:52:48.418658   10365 ssh_runner.go:194] Run: docker ps -a --filter=name=k8s_etcd --format={{.ID}}
I0603 04:52:48.442573   10365 logs.go:281] 2 containers: [349258b6df58 21e19412e264]
I0603 04:52:48.442639   10365 ssh_runner.go:194] Run: docker ps -a --filter=name=k8s_coredns --format={{.ID}}
I0603 04:52:48.466396   10365 logs.go:281] 2 containers: [ac03be6e1600 cd9183ebaff4]
I0603 04:52:48.466463   10365 ssh_runner.go:194] Run: docker ps -a --filter=name=k8s_kube-scheduler --format={{.ID}}
I0603 04:52:48.490924   10365 logs.go:281] 2 containers: [a19d97dd9309 b898e357825c]
I0603 04:52:48.490992   10365 ssh_runner.go:194] Run: docker ps -a --filter=name=k8s_kube-proxy --format={{.ID}}
I0603 04:52:48.513543   10365 logs.go:281] 2 containers: [d57eab1ae12c 613db8e8654c]
I0603 04:52:48.513600   10365 ssh_runner.go:194] Run: docker ps -a --filter=name=k8s_kube-controller-manager --format={{.ID}}
I0603 04:52:48.536449   10365 logs.go:281] 2 containers: [142a54608b27 06814c3285c9]
I0603 04:52:48.536550   10365 ssh_runner.go:194] Run: docker ps -a --filter=name=k8s_kindnet --format={{.ID}}
I0603 04:52:48.559733   10365 logs.go:281] 0 containers: []
W0603 04:52:48.559744   10365 logs.go:283] No container was found matching "kindnet"
I0603 04:52:48.559794   10365 ssh_runner.go:194] Run: docker ps -a --filter=name=k8s_controller_ingress --format={{.ID}}
I0603 04:52:48.583530   10365 logs.go:281] 1 containers: [435dd4d847ee]
I0603 04:52:48.583658   10365 ssh_runner.go:194] Run: docker ps -a --filter=name=k8s_storage-provisioner --format={{.ID}}
I0603 04:52:48.606847   10365 logs.go:281] 2 containers: [4d2d81331688 bbe49a8a0f86]
I0603 04:52:48.606863   10365 logs.go:122] Gathering logs for etcd [349258b6df58] ...
I0603 04:52:48.606870   10365 ssh_runner.go:194] Run: /bin/bash -c "docker logs --tail 400 349258b6df58"
I0603 04:52:48.687139   10365 logs.go:122] Gathering logs for kube-scheduler [b898e357825c] ...
I0603 04:52:48.687157   10365 ssh_runner.go:194] Run: /bin/bash -c "docker logs --tail 400 b898e357825c"
I0603 04:52:48.716872   10365 kapi.go:81] temporary error: getting Pods with label selector "app.kubernetes.io/name=ingress-nginx" : [Get "https://127.0.0.1:32771/api/v1/namespaces/ingress-nginx/pods?labelSelector=app.kubernetes.io%2Fname%3Dingress-nginx": read tcp 127.0.0.1:59674->127.0.0.1:32771: read: connection reset by peer - error from a previous attempt: EOF]
I0603 04:52:48.720505   10365 logs.go:122] Gathering logs for controller_ingress [435dd4d847ee] ...
I0603 04:52:48.720513   10365 ssh_runner.go:194] Run: /bin/bash -c "docker logs --tail 400 435dd4d847ee"
I0603 04:52:48.749047   10365 logs.go:122] Gathering logs for storage-provisioner [4d2d81331688] ...
I0603 04:52:48.749058   10365 ssh_runner.go:194] Run: /bin/bash -c "docker logs --tail 400 4d2d81331688"
I0603 04:52:48.794263   10365 logs.go:122] Gathering logs for storage-provisioner [bbe49a8a0f86] ...
I0603 04:52:48.794277   10365 ssh_runner.go:194] Run: /bin/bash -c "docker logs --tail 400 bbe49a8a0f86"
I0603 04:52:48.834678   10365 logs.go:122] Gathering logs for kubelet ...
I0603 04:52:48.834690   10365 ssh_runner.go:194] Run: /bin/bash -c "sudo journalctl -u kubelet -n 400"
I0603 04:52:48.878364   10365 logs.go:122] Gathering logs for describe nodes ...
I0603 04:52:48.878388   10365 ssh_runner.go:194] Run: /bin/bash -c "sudo /var/lib/minikube/binaries/v1.35.1/kubectl describe nodes --kubeconfig=/var/lib/minikube/kubeconfig"
W0603 04:52:48.952493   10365 logs.go:129] failed describe nodes: command: /bin/bash -c "sudo /var/lib/minikube/binaries/v1.35.1/kubectl describe nodes --kubeconfig=/var/lib/minikube/kubeconfig" /bin/bash -c "sudo /var/lib/minikube/binaries/v1.35.1/kubectl describe nodes --kubeconfig=/var/lib/minikube/kubeconfig": Process exited with status 1
stdout:

stderr:
E0603 01:52:48.942643   16480 memcache.go:265] "Unhandled Error" err="couldn't get current server API group list: Get \"https://localhost:8443/api?timeout=32s\": dial tcp [::1]:8443: connect: connection refused"
E0603 01:52:48.943359   16480 memcache.go:265] "Unhandled Error" err="couldn't get current server API group list: Get \"https://localhost:8443/api?timeout=32s\": dial tcp [::1]:8443: connect: connection refused"
E0603 01:52:48.945452   16480 memcache.go:265] "Unhandled Error" err="couldn't get current server API group list: Get \"https://localhost:8443/api?timeout=32s\": dial tcp [::1]:8443: connect: connection refused"
E0603 01:52:48.946172   16480 memcache.go:265] "Unhandled Error" err="couldn't get current server API group list: Get \"https://localhost:8443/api?timeout=32s\": dial tcp [::1]:8443: connect: connection refused"
E0603 01:52:48.947983   16480 memcache.go:265] "Unhandled Error" err="couldn't get current server API group list: Get \"https://localhost:8443/api?timeout=32s\": dial tcp [::1]:8443: connect: connection refused"
The connection to the server localhost:8443 was refused - did you specify the right host or port?
 output: 
** stderr ** 
E0603 01:52:48.942643   16480 memcache.go:265] "Unhandled Error" err="couldn't get current server API group list: Get \"https://localhost:8443/api?timeout=32s\": dial tcp [::1]:8443: connect: connection refused"
E0603 01:52:48.943359   16480 memcache.go:265] "Unhandled Error" err="couldn't get current server API group list: Get \"https://localhost:8443/api?timeout=32s\": dial tcp [::1]:8443: connect: connection refused"
E0603 01:52:48.945452   16480 memcache.go:265] "Unhandled Error" err="couldn't get current server API group list: Get \"https://localhost:8443/api?timeout=32s\": dial tcp [::1]:8443: connect: connection refused"
E0603 01:52:48.946172   16480 memcache.go:265] "Unhandled Error" err="couldn't get current server API group list: Get \"https://localhost:8443/api?timeout=32s\": dial tcp [::1]:8443: connect: connection refused"
E0603 01:52:48.947983   16480 memcache.go:265] "Unhandled Error" err="couldn't get current server API group list: Get \"https://localhost:8443/api?timeout=32s\": dial tcp [::1]:8443: connect: connection refused"
The connection to the server localhost:8443 was refused - did you specify the right host or port?

** /stderr **
I0603 04:52:48.952507   10365 logs.go:122] Gathering logs for etcd [21e19412e264] ...
I0603 04:52:48.952523   10365 ssh_runner.go:194] Run: /bin/bash -c "docker logs --tail 400 21e19412e264"
I0603 04:52:48.992118   10365 logs.go:122] Gathering logs for kube-proxy [d57eab1ae12c] ...
I0603 04:52:48.992137   10365 ssh_runner.go:194] Run: /bin/bash -c "docker logs --tail 400 d57eab1ae12c"
I0603 04:52:49.018632   10365 logs.go:122] Gathering logs for kube-controller-manager [142a54608b27] ...
I0603 04:52:49.018645   10365 ssh_runner.go:194] Run: /bin/bash -c "docker logs --tail 400 142a54608b27"
I0603 04:52:49.054181   10365 logs.go:122] Gathering logs for container status ...
I0603 04:52:49.054193   10365 ssh_runner.go:194] Run: /bin/bash -c "sudo `which crictl || echo crictl` ps -a || sudo docker ps -a"
I0603 04:52:49.095078   10365 logs.go:122] Gathering logs for dmesg ...
I0603 04:52:49.095090   10365 ssh_runner.go:194] Run: /bin/bash -c "sudo dmesg -PH -L=never --level warn,err,crit,alert,emerg | tail -n 400"
I0603 04:52:49.109632   10365 logs.go:122] Gathering logs for coredns [ac03be6e1600] ...
I0603 04:52:49.109645   10365 ssh_runner.go:194] Run: /bin/bash -c "docker logs --tail 400 ac03be6e1600"
I0603 04:52:49.146955   10365 logs.go:122] Gathering logs for coredns [cd9183ebaff4] ...
I0603 04:52:49.146969   10365 ssh_runner.go:194] Run: /bin/bash -c "docker logs --tail 400 cd9183ebaff4"
I0603 04:52:49.176301   10365 logs.go:122] Gathering logs for kube-scheduler [a19d97dd9309] ...
I0603 04:52:49.176315   10365 ssh_runner.go:194] Run: /bin/bash -c "docker logs --tail 400 a19d97dd9309"
I0603 04:52:49.202224   10365 logs.go:122] Gathering logs for kube-proxy [613db8e8654c] ...
I0603 04:52:49.202237   10365 ssh_runner.go:194] Run: /bin/bash -c "docker logs --tail 400 613db8e8654c"
I0603 04:52:49.228272   10365 logs.go:122] Gathering logs for kube-controller-manager [06814c3285c9] ...
I0603 04:52:49.228284   10365 ssh_runner.go:194] Run: /bin/bash -c "docker logs --tail 400 06814c3285c9"
I0603 04:52:49.263734   10365 logs.go:122] Gathering logs for Docker ...
I0603 04:52:49.263747   10365 ssh_runner.go:194] Run: /bin/bash -c "sudo journalctl -u docker -u cri-docker -n 400"
I0603 04:52:49.290692   10365 logs.go:122] Gathering logs for kube-apiserver [42270be2365f] ...
I0603 04:52:49.290705   10365 ssh_runner.go:194] Run: /bin/bash -c "docker logs --tail 400 42270be2365f"
I0603 04:52:49.337958   10365 logs.go:122] Gathering logs for kube-apiserver [85e4dc7631be] ...
I0603 04:52:49.337980   10365 ssh_runner.go:194] Run: /bin/bash -c "docker logs --tail 400 85e4dc7631be"
I0603 04:52:51.910005   10365 ssh_runner.go:194] Run: sudo pgrep -xnf kube-apiserver.*minikube.*
I0603 04:52:51.956643   10365 ssh_runner.go:194] Run: docker ps -a --filter=name=k8s_kube-apiserver --format={{.ID}}
I0603 04:52:52.005615   10365 logs.go:281] 2 containers: [42270be2365f 85e4dc7631be]
I0603 04:52:52.005712   10365 ssh_runner.go:194] Run: docker ps -a --filter=name=k8s_etcd --format={{.ID}}
I0603 04:52:52.057750   10365 logs.go:281] 2 containers: [349258b6df58 21e19412e264]
I0603 04:52:52.057931   10365 ssh_runner.go:194] Run: docker ps -a --filter=name=k8s_coredns --format={{.ID}}
I0603 04:52:52.107922   10365 logs.go:281] 2 containers: [ac03be6e1600 cd9183ebaff4]
I0603 04:52:52.108028   10365 ssh_runner.go:194] Run: docker ps -a --filter=name=k8s_kube-scheduler --format={{.ID}}
I0603 04:52:52.156373   10365 logs.go:281] 2 containers: [a19d97dd9309 b898e357825c]
I0603 04:52:52.156475   10365 ssh_runner.go:194] Run: docker ps -a --filter=name=k8s_kube-proxy --format={{.ID}}
I0603 04:52:52.214978   10365 logs.go:281] 2 containers: [d57eab1ae12c 613db8e8654c]
I0603 04:52:52.215126   10365 ssh_runner.go:194] Run: docker ps -a --filter=name=k8s_kube-controller-manager --format={{.ID}}
I0603 04:52:52.378540   10365 logs.go:281] 2 containers: [142a54608b27 06814c3285c9]
I0603 04:52:52.378680   10365 ssh_runner.go:194] Run: docker ps -a --filter=name=k8s_kindnet --format={{.ID}}
I0603 04:52:52.522285   10365 logs.go:281] 0 containers: []
W0603 04:52:52.522308   10365 logs.go:283] No container was found matching "kindnet"
I0603 04:52:52.522427   10365 ssh_runner.go:194] Run: docker ps -a --filter=name=k8s_controller_ingress --format={{.ID}}
I0603 04:52:52.660669   10365 logs.go:281] 1 containers: [435dd4d847ee]
I0603 04:52:52.660807   10365 ssh_runner.go:194] Run: docker ps -a --filter=name=k8s_storage-provisioner --format={{.ID}}
I0603 04:52:52.753825   10365 logs.go:281] 2 containers: [4d2d81331688 bbe49a8a0f86]
I0603 04:52:52.753862   10365 logs.go:122] Gathering logs for dmesg ...
I0603 04:52:52.753884   10365 ssh_runner.go:194] Run: /bin/bash -c "sudo dmesg -PH -L=never --level warn,err,crit,alert,emerg | tail -n 400"
I0603 04:52:52.787441   10365 logs.go:122] Gathering logs for describe nodes ...
I0603 04:52:52.787462   10365 ssh_runner.go:194] Run: /bin/bash -c "sudo /var/lib/minikube/binaries/v1.35.1/kubectl describe nodes --kubeconfig=/var/lib/minikube/kubeconfig"
W0603 04:52:52.927709   10365 logs.go:129] failed describe nodes: command: /bin/bash -c "sudo /var/lib/minikube/binaries/v1.35.1/kubectl describe nodes --kubeconfig=/var/lib/minikube/kubeconfig" /bin/bash -c "sudo /var/lib/minikube/binaries/v1.35.1/kubectl describe nodes --kubeconfig=/var/lib/minikube/kubeconfig": Process exited with status 1
stdout:

stderr:
E0603 01:52:52.913654   16756 memcache.go:265] "Unhandled Error" err="couldn't get current server API group list: Get \"https://localhost:8443/api?timeout=32s\": dial tcp [::1]:8443: connect: connection refused"
E0603 01:52:52.914948   16756 memcache.go:265] "Unhandled Error" err="couldn't get current server API group list: Get \"https://localhost:8443/api?timeout=32s\": dial tcp [::1]:8443: connect: connection refused"
E0603 01:52:52.916197   16756 memcache.go:265] "Unhandled Error" err="couldn't get current server API group list: Get \"https://localhost:8443/api?timeout=32s\": dial tcp [::1]:8443: connect: connection refused"
E0603 01:52:52.917743   16756 memcache.go:265] "Unhandled Error" err="couldn't get current server API group list: Get \"https://localhost:8443/api?timeout=32s\": dial tcp [::1]:8443: connect: connection refused"
E0603 01:52:52.918954   16756 memcache.go:265] "Unhandled Error" err="couldn't get current server API group list: Get \"https://localhost:8443/api?timeout=32s\": dial tcp [::1]:8443: connect: connection refused"
The connection to the server localhost:8443 was refused - did you specify the right host or port?
 output: 
** stderr ** 
E0603 01:52:52.913654   16756 memcache.go:265] "Unhandled Error" err="couldn't get current server API group list: Get \"https://localhost:8443/api?timeout=32s\": dial tcp [::1]:8443: connect: connection refused"
E0603 01:52:52.914948   16756 memcache.go:265] "Unhandled Error" err="couldn't get current server API group list: Get \"https://localhost:8443/api?timeout=32s\": dial tcp [::1]:8443: connect: connection refused"
E0603 01:52:52.916197   16756 memcache.go:265] "Unhandled Error" err="couldn't get current server API group list: Get \"https://localhost:8443/api?timeout=32s\": dial tcp [::1]:8443: connect: connection refused"
E0603 01:52:52.917743   16756 memcache.go:265] "Unhandled Error" err="couldn't get current server API group list: Get \"https://localhost:8443/api?timeout=32s\": dial tcp [::1]:8443: connect: connection refused"
E0603 01:52:52.918954   16756 memcache.go:265] "Unhandled Error" err="couldn't get current server API group list: Get \"https://localhost:8443/api?timeout=32s\": dial tcp [::1]:8443: connect: connection refused"
The connection to the server localhost:8443 was refused - did you specify the right host or port?

** /stderr **
I0603 04:52:52.927732   10365 logs.go:122] Gathering logs for coredns [ac03be6e1600] ...
I0603 04:52:52.927759   10365 ssh_runner.go:194] Run: /bin/bash -c "docker logs --tail 400 ac03be6e1600"
I0603 04:52:53.000735   10365 logs.go:122] Gathering logs for kube-scheduler [a19d97dd9309] ...
I0603 04:52:53.000758   10365 ssh_runner.go:194] Run: /bin/bash -c "docker logs --tail 400 a19d97dd9309"
I0603 04:52:53.053966   10365 logs.go:122] Gathering logs for kube-proxy [d57eab1ae12c] ...
I0603 04:52:53.053986   10365 ssh_runner.go:194] Run: /bin/bash -c "docker logs --tail 400 d57eab1ae12c"
I0603 04:52:53.109063   10365 logs.go:122] Gathering logs for kube-proxy [613db8e8654c] ...
I0603 04:52:53.109081   10365 ssh_runner.go:194] Run: /bin/bash -c "docker logs --tail 400 613db8e8654c"
I0603 04:52:53.171219   10365 logs.go:122] Gathering logs for kube-controller-manager [06814c3285c9] ...
I0603 04:52:53.171241   10365 ssh_runner.go:194] Run: /bin/bash -c "docker logs --tail 400 06814c3285c9"
I0603 04:52:53.254533   10365 logs.go:122] Gathering logs for storage-provisioner [4d2d81331688] ...
I0603 04:52:53.254557   10365 ssh_runner.go:194] Run: /bin/bash -c "docker logs --tail 400 4d2d81331688"
I0603 04:52:53.354218   10365 logs.go:122] Gathering logs for kubelet ...
I0603 04:52:53.354240   10365 ssh_runner.go:194] Run: /bin/bash -c "sudo journalctl -u kubelet -n 400"
I0603 04:52:53.484338   10365 logs.go:122] Gathering logs for kube-apiserver [85e4dc7631be] ...
I0603 04:52:53.484364   10365 ssh_runner.go:194] Run: /bin/bash -c "docker logs --tail 400 85e4dc7631be"
I0603 04:52:53.632782   10365 logs.go:122] Gathering logs for coredns [cd9183ebaff4] ...
I0603 04:52:53.632807   10365 ssh_runner.go:194] Run: /bin/bash -c "docker logs --tail 400 cd9183ebaff4"
I0603 04:52:53.687093   10365 logs.go:122] Gathering logs for kube-controller-manager [142a54608b27] ...
I0603 04:52:53.687112   10365 ssh_runner.go:194] Run: /bin/bash -c "docker logs --tail 400 142a54608b27"
I0603 04:52:53.766532   10365 logs.go:122] Gathering logs for storage-provisioner [bbe49a8a0f86] ...
I0603 04:52:53.766564   10365 ssh_runner.go:194] Run: /bin/bash -c "docker logs --tail 400 bbe49a8a0f86"
I0603 04:52:53.854625   10365 logs.go:122] Gathering logs for Docker ...
I0603 04:52:53.854649   10365 ssh_runner.go:194] Run: /bin/bash -c "sudo journalctl -u docker -u cri-docker -n 400"
I0603 04:52:53.916906   10365 logs.go:122] Gathering logs for container status ...
I0603 04:52:53.916930   10365 ssh_runner.go:194] Run: /bin/bash -c "sudo `which crictl || echo crictl` ps -a || sudo docker ps -a"
I0603 04:52:54.012939   10365 logs.go:122] Gathering logs for etcd [349258b6df58] ...
I0603 04:52:54.012963   10365 ssh_runner.go:194] Run: /bin/bash -c "docker logs --tail 400 349258b6df58"
I0603 04:52:54.199442   10365 logs.go:122] Gathering logs for etcd [21e19412e264] ...
I0603 04:52:54.199481   10365 ssh_runner.go:194] Run: /bin/bash -c "docker logs --tail 400 21e19412e264"
I0603 04:52:54.281548   10365 logs.go:122] Gathering logs for kube-scheduler [b898e357825c] ...
I0603 04:52:54.281572   10365 ssh_runner.go:194] Run: /bin/bash -c "docker logs --tail 400 b898e357825c"
I0603 04:52:54.348654   10365 logs.go:122] Gathering logs for controller_ingress [435dd4d847ee] ...
I0603 04:52:54.348675   10365 ssh_runner.go:194] Run: /bin/bash -c "docker logs --tail 400 435dd4d847ee"
I0603 04:52:54.423671   10365 logs.go:122] Gathering logs for kube-apiserver [42270be2365f] ...
I0603 04:52:54.423706   10365 ssh_runner.go:194] Run: /bin/bash -c "docker logs --tail 400 42270be2365f"
I0603 04:52:57.031324   10365 ssh_runner.go:194] Run: sudo pgrep -xnf kube-apiserver.*minikube.*
I0603 04:52:57.048625   10365 ssh_runner.go:194] Run: docker ps -a --filter=name=k8s_kube-apiserver --format={{.ID}}
I0603 04:52:57.097397   10365 logs.go:281] 2 containers: [42270be2365f 85e4dc7631be]
I0603 04:52:57.097457   10365 ssh_runner.go:194] Run: docker ps -a --filter=name=k8s_etcd --format={{.ID}}
I0603 04:52:57.120746   10365 logs.go:281] 2 containers: [349258b6df58 21e19412e264]
I0603 04:52:57.120802   10365 ssh_runner.go:194] Run: docker ps -a --filter=name=k8s_coredns --format={{.ID}}
I0603 04:52:57.143521   10365 logs.go:281] 2 containers: [ac03be6e1600 cd9183ebaff4]
I0603 04:52:57.143696   10365 ssh_runner.go:194] Run: docker ps -a --filter=name=k8s_kube-scheduler --format={{.ID}}
I0603 04:52:57.168688   10365 logs.go:281] 2 containers: [a19d97dd9309 b898e357825c]
I0603 04:52:57.168748   10365 ssh_runner.go:194] Run: docker ps -a --filter=name=k8s_kube-proxy --format={{.ID}}
I0603 04:52:57.191245   10365 logs.go:281] 2 containers: [d57eab1ae12c 613db8e8654c]
I0603 04:52:57.191349   10365 ssh_runner.go:194] Run: docker ps -a --filter=name=k8s_kube-controller-manager --format={{.ID}}
I0603 04:52:57.214111   10365 logs.go:281] 2 containers: [142a54608b27 06814c3285c9]
I0603 04:52:57.214178   10365 ssh_runner.go:194] Run: docker ps -a --filter=name=k8s_kindnet --format={{.ID}}
I0603 04:52:57.237326   10365 logs.go:281] 0 containers: []
W0603 04:52:57.237338   10365 logs.go:283] No container was found matching "kindnet"
I0603 04:52:57.237389   10365 ssh_runner.go:194] Run: docker ps -a --filter=name=k8s_controller_ingress --format={{.ID}}
I0603 04:52:57.261246   10365 logs.go:281] 1 containers: [435dd4d847ee]
I0603 04:52:57.261300   10365 ssh_runner.go:194] Run: docker ps -a --filter=name=k8s_storage-provisioner --format={{.ID}}
I0603 04:52:57.284166   10365 logs.go:281] 2 containers: [4d2d81331688 bbe49a8a0f86]
I0603 04:52:57.284186   10365 logs.go:122] Gathering logs for etcd [21e19412e264] ...
I0603 04:52:57.284198   10365 ssh_runner.go:194] Run: /bin/bash -c "docker logs --tail 400 21e19412e264"
I0603 04:52:57.322531   10365 logs.go:122] Gathering logs for kube-scheduler [a19d97dd9309] ...
I0603 04:52:57.322546   10365 ssh_runner.go:194] Run: /bin/bash -c "docker logs --tail 400 a19d97dd9309"
I0603 04:52:57.350698   10365 logs.go:122] Gathering logs for kube-scheduler [b898e357825c] ...
I0603 04:52:57.350727   10365 ssh_runner.go:194] Run: /bin/bash -c "docker logs --tail 400 b898e357825c"
I0603 04:52:57.405192   10365 logs.go:122] Gathering logs for kube-controller-manager [142a54608b27] ...
I0603 04:52:57.405207   10365 ssh_runner.go:194] Run: /bin/bash -c "docker logs --tail 400 142a54608b27"
I0603 04:52:57.448329   10365 logs.go:122] Gathering logs for controller_ingress [435dd4d847ee] ...
I0603 04:52:57.448346   10365 ssh_runner.go:194] Run: /bin/bash -c "docker logs --tail 400 435dd4d847ee"
I0603 04:52:57.475980   10365 logs.go:122] Gathering logs for storage-provisioner [bbe49a8a0f86] ...
I0603 04:52:57.475993   10365 ssh_runner.go:194] Run: /bin/bash -c "docker logs --tail 400 bbe49a8a0f86"
I0603 04:52:57.516599   10365 logs.go:122] Gathering logs for container status ...
I0603 04:52:57.516612   10365 ssh_runner.go:194] Run: /bin/bash -c "sudo `which crictl || echo crictl` ps -a || sudo docker ps -a"
I0603 04:52:57.559314   10365 logs.go:122] Gathering logs for dmesg ...
I0603 04:52:57.559328   10365 ssh_runner.go:194] Run: /bin/bash -c "sudo dmesg -PH -L=never --level warn,err,crit,alert,emerg | tail -n 400"
I0603 04:52:57.572256   10365 logs.go:122] Gathering logs for kube-apiserver [42270be2365f] ...
I0603 04:52:57.572270   10365 ssh_runner.go:194] Run: /bin/bash -c "docker logs --tail 400 42270be2365f"
I0603 04:52:57.618217   10365 logs.go:122] Gathering logs for coredns [ac03be6e1600] ...
I0603 04:52:57.618233   10365 ssh_runner.go:194] Run: /bin/bash -c "docker logs --tail 400 ac03be6e1600"
I0603 04:52:57.652901   10365 logs.go:122] Gathering logs for Docker ...
I0603 04:52:57.652913   10365 ssh_runner.go:194] Run: /bin/bash -c "sudo journalctl -u docker -u cri-docker -n 400"
I0603 04:52:57.680111   10365 logs.go:122] Gathering logs for kubelet ...
I0603 04:52:57.680128   10365 ssh_runner.go:194] Run: /bin/bash -c "sudo journalctl -u kubelet -n 400"
I0603 04:52:57.735933   10365 logs.go:122] Gathering logs for kube-apiserver [85e4dc7631be] ...
I0603 04:52:57.735952   10365 ssh_runner.go:194] Run: /bin/bash -c "docker logs --tail 400 85e4dc7631be"
I0603 04:52:57.801782   10365 logs.go:122] Gathering logs for etcd [349258b6df58] ...
I0603 04:52:57.801801   10365 ssh_runner.go:194] Run: /bin/bash -c "docker logs --tail 400 349258b6df58"
I0603 04:52:57.886381   10365 logs.go:122] Gathering logs for kube-proxy [613db8e8654c] ...
I0603 04:52:57.886399   10365 ssh_runner.go:194] Run: /bin/bash -c "docker logs --tail 400 613db8e8654c"
I0603 04:52:57.914055   10365 logs.go:122] Gathering logs for kube-controller-manager [06814c3285c9] ...
I0603 04:52:57.914073   10365 ssh_runner.go:194] Run: /bin/bash -c "docker logs --tail 400 06814c3285c9"
I0603 04:52:57.950529   10365 logs.go:122] Gathering logs for storage-provisioner [4d2d81331688] ...
I0603 04:52:57.950542   10365 ssh_runner.go:194] Run: /bin/bash -c "docker logs --tail 400 4d2d81331688"
I0603 04:52:57.997005   10365 logs.go:122] Gathering logs for describe nodes ...
I0603 04:52:57.997022   10365 ssh_runner.go:194] Run: /bin/bash -c "sudo /var/lib/minikube/binaries/v1.35.1/kubectl describe nodes --kubeconfig=/var/lib/minikube/kubeconfig"
W0603 04:52:58.060512   10365 logs.go:129] failed describe nodes: command: /bin/bash -c "sudo /var/lib/minikube/binaries/v1.35.1/kubectl describe nodes --kubeconfig=/var/lib/minikube/kubeconfig" /bin/bash -c "sudo /var/lib/minikube/binaries/v1.35.1/kubectl describe nodes --kubeconfig=/var/lib/minikube/kubeconfig": Process exited with status 1
stdout:

stderr:
E0603 01:52:58.051440   17238 memcache.go:265] "Unhandled Error" err="couldn't get current server API group list: Get \"https://localhost:8443/api?timeout=32s\": dial tcp [::1]:8443: connect: connection refused"
E0603 01:52:58.052114   17238 memcache.go:265] "Unhandled Error" err="couldn't get current server API group list: Get \"https://localhost:8443/api?timeout=32s\": dial tcp [::1]:8443: connect: connection refused"
E0603 01:52:58.054465   17238 memcache.go:265] "Unhandled Error" err="couldn't get current server API group list: Get \"https://localhost:8443/api?timeout=32s\": dial tcp [::1]:8443: connect: connection refused"
E0603 01:52:58.055050   17238 memcache.go:265] "Unhandled Error" err="couldn't get current server API group list: Get \"https://localhost:8443/api?timeout=32s\": dial tcp [::1]:8443: connect: connection refused"
E0603 01:52:58.056332   17238 memcache.go:265] "Unhandled Error" err="couldn't get current server API group list: Get \"https://localhost:8443/api?timeout=32s\": dial tcp [::1]:8443: connect: connection refused"
The connection to the server localhost:8443 was refused - did you specify the right host or port?
 output: 
** stderr ** 
E0603 01:52:58.051440   17238 memcache.go:265] "Unhandled Error" err="couldn't get current server API group list: Get \"https://localhost:8443/api?timeout=32s\": dial tcp [::1]:8443: connect: connection refused"
E0603 01:52:58.052114   17238 memcache.go:265] "Unhandled Error" err="couldn't get current server API group list: Get \"https://localhost:8443/api?timeout=32s\": dial tcp [::1]:8443: connect: connection refused"
E0603 01:52:58.054465   17238 memcache.go:265] "Unhandled Error" err="couldn't get current server API group list: Get \"https://localhost:8443/api?timeout=32s\": dial tcp [::1]:8443: connect: connection refused"
E0603 01:52:58.055050   17238 memcache.go:265] "Unhandled Error" err="couldn't get current server API group list: Get \"https://localhost:8443/api?timeout=32s\": dial tcp [::1]:8443: connect: connection refused"
E0603 01:52:58.056332   17238 memcache.go:265] "Unhandled Error" err="couldn't get current server API group list: Get \"https://localhost:8443/api?timeout=32s\": dial tcp [::1]:8443: connect: connection refused"
The connection to the server localhost:8443 was refused - did you specify the right host or port?

** /stderr **
I0603 04:52:58.060522   10365 logs.go:122] Gathering logs for coredns [cd9183ebaff4] ...
I0603 04:52:58.060529   10365 ssh_runner.go:194] Run: /bin/bash -c "docker logs --tail 400 cd9183ebaff4"
I0603 04:52:58.086214   10365 logs.go:122] Gathering logs for kube-proxy [d57eab1ae12c] ...
I0603 04:52:58.086226   10365 ssh_runner.go:194] Run: /bin/bash -c "docker logs --tail 400 d57eab1ae12c"
I0603 04:52:58.744404   10365 kapi.go:81] temporary error: getting Pods with label selector "app.kubernetes.io/name=ingress-nginx" : [Get "https://127.0.0.1:32771/api/v1/namespaces/ingress-nginx/pods?labelSelector=app.kubernetes.io%2Fname%3Dingress-nginx": EOF]
I0603 04:53:00.636402   10365 ssh_runner.go:194] Run: sudo pgrep -xnf kube-apiserver.*minikube.*
I0603 04:53:00.686214   10365 ssh_runner.go:194] Run: docker ps -a --filter=name=k8s_kube-apiserver --format={{.ID}}
I0603 04:53:00.713796   10365 logs.go:281] 2 containers: [42270be2365f 85e4dc7631be]
I0603 04:53:00.713859   10365 ssh_runner.go:194] Run: docker ps -a --filter=name=k8s_etcd --format={{.ID}}
I0603 04:53:00.737395   10365 logs.go:281] 2 containers: [349258b6df58 21e19412e264]
I0603 04:53:00.737457   10365 ssh_runner.go:194] Run: docker ps -a --filter=name=k8s_coredns --format={{.ID}}
I0603 04:53:00.760280   10365 logs.go:281] 2 containers: [ac03be6e1600 cd9183ebaff4]
I0603 04:53:00.760344   10365 ssh_runner.go:194] Run: docker ps -a --filter=name=k8s_kube-scheduler --format={{.ID}}
I0603 04:53:00.784354   10365 logs.go:281] 2 containers: [a19d97dd9309 b898e357825c]
I0603 04:53:00.784417   10365 ssh_runner.go:194] Run: docker ps -a --filter=name=k8s_kube-proxy --format={{.ID}}
I0603 04:53:00.806920   10365 logs.go:281] 2 containers: [d57eab1ae12c 613db8e8654c]
I0603 04:53:00.806983   10365 ssh_runner.go:194] Run: docker ps -a --filter=name=k8s_kube-controller-manager --format={{.ID}}
I0603 04:53:00.830268   10365 logs.go:281] 2 containers: [142a54608b27 06814c3285c9]
I0603 04:53:00.830329   10365 ssh_runner.go:194] Run: docker ps -a --filter=name=k8s_kindnet --format={{.ID}}
I0603 04:53:00.853394   10365 logs.go:281] 0 containers: []
W0603 04:53:00.853404   10365 logs.go:283] No container was found matching "kindnet"
I0603 04:53:00.853448   10365 ssh_runner.go:194] Run: docker ps -a --filter=name=k8s_controller_ingress --format={{.ID}}
I0603 04:53:00.877915   10365 logs.go:281] 1 containers: [435dd4d847ee]
I0603 04:53:00.877974   10365 ssh_runner.go:194] Run: docker ps -a --filter=name=k8s_storage-provisioner --format={{.ID}}
I0603 04:53:00.901474   10365 logs.go:281] 2 containers: [4d2d81331688 bbe49a8a0f86]
I0603 04:53:00.901490   10365 logs.go:122] Gathering logs for kubelet ...
I0603 04:53:00.901496   10365 ssh_runner.go:194] Run: /bin/bash -c "sudo journalctl -u kubelet -n 400"
I0603 04:53:00.942026   10365 logs.go:122] Gathering logs for etcd [349258b6df58] ...
I0603 04:53:00.942042   10365 ssh_runner.go:194] Run: /bin/bash -c "docker logs --tail 400 349258b6df58"
I0603 04:53:01.022751   10365 logs.go:122] Gathering logs for container status ...
I0603 04:53:01.022768   10365 ssh_runner.go:194] Run: /bin/bash -c "sudo `which crictl || echo crictl` ps -a || sudo docker ps -a"
I0603 04:53:01.066332   10365 logs.go:122] Gathering logs for dmesg ...
I0603 04:53:01.066344   10365 ssh_runner.go:194] Run: /bin/bash -c "sudo dmesg -PH -L=never --level warn,err,crit,alert,emerg | tail -n 400"
I0603 04:53:01.079334   10365 logs.go:122] Gathering logs for kube-apiserver [85e4dc7631be] ...
I0603 04:53:01.079346   10365 ssh_runner.go:194] Run: /bin/bash -c "docker logs --tail 400 85e4dc7631be"
I0603 04:53:01.216751   10365 logs.go:122] Gathering logs for coredns [ac03be6e1600] ...
I0603 04:53:01.216768   10365 ssh_runner.go:194] Run: /bin/bash -c "docker logs --tail 400 ac03be6e1600"
I0603 04:53:01.249073   10365 logs.go:122] Gathering logs for controller_ingress [435dd4d847ee] ...
I0603 04:53:01.249087   10365 ssh_runner.go:194] Run: /bin/bash -c "docker logs --tail 400 435dd4d847ee"
I0603 04:53:01.278084   10365 logs.go:122] Gathering logs for describe nodes ...
I0603 04:53:01.278095   10365 ssh_runner.go:194] Run: /bin/bash -c "sudo /var/lib/minikube/binaries/v1.35.1/kubectl describe nodes --kubeconfig=/var/lib/minikube/kubeconfig"
W0603 04:53:01.340929   10365 logs.go:129] failed describe nodes: command: /bin/bash -c "sudo /var/lib/minikube/binaries/v1.35.1/kubectl describe nodes --kubeconfig=/var/lib/minikube/kubeconfig" /bin/bash -c "sudo /var/lib/minikube/binaries/v1.35.1/kubectl describe nodes --kubeconfig=/var/lib/minikube/kubeconfig": Process exited with status 1
stdout:

stderr:
E0603 01:53:01.331467   17481 memcache.go:265] "Unhandled Error" err="couldn't get current server API group list: Get \"https://localhost:8443/api?timeout=32s\": dial tcp [::1]:8443: connect: connection refused"
E0603 01:53:01.332298   17481 memcache.go:265] "Unhandled Error" err="couldn't get current server API group list: Get \"https://localhost:8443/api?timeout=32s\": dial tcp [::1]:8443: connect: connection refused"
E0603 01:53:01.334752   17481 memcache.go:265] "Unhandled Error" err="couldn't get current server API group list: Get \"https://localhost:8443/api?timeout=32s\": dial tcp [::1]:8443: connect: connection refused"
E0603 01:53:01.335375   17481 memcache.go:265] "Unhandled Error" err="couldn't get current server API group list: Get \"https://localhost:8443/api?timeout=32s\": dial tcp [::1]:8443: connect: connection refused"
E0603 01:53:01.336693   17481 memcache.go:265] "Unhandled Error" err="couldn't get current server API group list: Get \"https://localhost:8443/api?timeout=32s\": dial tcp [::1]:8443: connect: connection refused"
The connection to the server localhost:8443 was refused - did you specify the right host or port?
 output: 
** stderr ** 
E0603 01:53:01.331467   17481 memcache.go:265] "Unhandled Error" err="couldn't get current server API group list: Get \"https://localhost:8443/api?timeout=32s\": dial tcp [::1]:8443: connect: connection refused"
E0603 01:53:01.332298   17481 memcache.go:265] "Unhandled Error" err="couldn't get current server API group list: Get \"https://localhost:8443/api?timeout=32s\": dial tcp [::1]:8443: connect: connection refused"
E0603 01:53:01.334752   17481 memcache.go:265] "Unhandled Error" err="couldn't get current server API group list: Get \"https://localhost:8443/api?timeout=32s\": dial tcp [::1]:8443: connect: connection refused"
E0603 01:53:01.335375   17481 memcache.go:265] "Unhandled Error" err="couldn't get current server API group list: Get \"https://localhost:8443/api?timeout=32s\": dial tcp [::1]:8443: connect: connection refused"
E0603 01:53:01.336693   17481 memcache.go:265] "Unhandled Error" err="couldn't get current server API group list: Get \"https://localhost:8443/api?timeout=32s\": dial tcp [::1]:8443: connect: connection refused"
The connection to the server localhost:8443 was refused - did you specify the right host or port?

** /stderr **
I0603 04:53:01.340936   10365 logs.go:122] Gathering logs for etcd [21e19412e264] ...
I0603 04:53:01.340944   10365 ssh_runner.go:194] Run: /bin/bash -c "docker logs --tail 400 21e19412e264"
I0603 04:53:01.380535   10365 logs.go:122] Gathering logs for kube-scheduler [a19d97dd9309] ...
I0603 04:53:01.380550   10365 ssh_runner.go:194] Run: /bin/bash -c "docker logs --tail 400 a19d97dd9309"
I0603 04:53:01.408074   10365 logs.go:122] Gathering logs for kube-proxy [d57eab1ae12c] ...
I0603 04:53:01.408084   10365 ssh_runner.go:194] Run: /bin/bash -c "docker logs --tail 400 d57eab1ae12c"
I0603 04:53:01.434957   10365 logs.go:122] Gathering logs for Docker ...
I0603 04:53:01.434971   10365 ssh_runner.go:194] Run: /bin/bash -c "sudo journalctl -u docker -u cri-docker -n 400"
I0603 04:53:01.462633   10365 logs.go:122] Gathering logs for kube-apiserver [42270be2365f] ...
I0603 04:53:01.462646   10365 ssh_runner.go:194] Run: /bin/bash -c "docker logs --tail 400 42270be2365f"
I0603 04:53:01.511730   10365 logs.go:122] Gathering logs for coredns [cd9183ebaff4] ...
I0603 04:53:01.511745   10365 ssh_runner.go:194] Run: /bin/bash -c "docker logs --tail 400 cd9183ebaff4"
I0603 04:53:01.538427   10365 logs.go:122] Gathering logs for kube-scheduler [b898e357825c] ...
I0603 04:53:01.538440   10365 ssh_runner.go:194] Run: /bin/bash -c "docker logs --tail 400 b898e357825c"
I0603 04:53:01.573182   10365 logs.go:122] Gathering logs for kube-proxy [613db8e8654c] ...
I0603 04:53:01.573196   10365 ssh_runner.go:194] Run: /bin/bash -c "docker logs --tail 400 613db8e8654c"
I0603 04:53:01.600531   10365 logs.go:122] Gathering logs for kube-controller-manager [142a54608b27] ...
I0603 04:53:01.600543   10365 ssh_runner.go:194] Run: /bin/bash -c "docker logs --tail 400 142a54608b27"
I0603 04:53:01.635310   10365 logs.go:122] Gathering logs for kube-controller-manager [06814c3285c9] ...
I0603 04:53:01.635323   10365 ssh_runner.go:194] Run: /bin/bash -c "docker logs --tail 400 06814c3285c9"
I0603 04:53:01.675106   10365 logs.go:122] Gathering logs for storage-provisioner [4d2d81331688] ...
I0603 04:53:01.675119   10365 ssh_runner.go:194] Run: /bin/bash -c "docker logs --tail 400 4d2d81331688"
I0603 04:53:01.720253   10365 logs.go:122] Gathering logs for storage-provisioner [bbe49a8a0f86] ...
I0603 04:53:01.720268   10365 ssh_runner.go:194] Run: /bin/bash -c "docker logs --tail 400 bbe49a8a0f86"
I0603 04:53:04.263908   10365 ssh_runner.go:194] Run: sudo pgrep -xnf kube-apiserver.*minikube.*
I0603 04:53:04.294535   10365 ssh_runner.go:194] Run: docker ps -a --filter=name=k8s_kube-apiserver --format={{.ID}}
I0603 04:53:04.343887   10365 logs.go:281] 2 containers: [42270be2365f 85e4dc7631be]
I0603 04:53:04.343991   10365 ssh_runner.go:194] Run: docker ps -a --filter=name=k8s_etcd --format={{.ID}}
I0603 04:53:04.393989   10365 logs.go:281] 2 containers: [349258b6df58 21e19412e264]
I0603 04:53:04.394094   10365 ssh_runner.go:194] Run: docker ps -a --filter=name=k8s_coredns --format={{.ID}}
I0603 04:53:04.443340   10365 logs.go:281] 2 containers: [ac03be6e1600 cd9183ebaff4]
I0603 04:53:04.443451   10365 ssh_runner.go:194] Run: docker ps -a --filter=name=k8s_kube-scheduler --format={{.ID}}
I0603 04:53:04.494861   10365 logs.go:281] 2 containers: [a19d97dd9309 b898e357825c]
I0603 04:53:04.495074   10365 ssh_runner.go:194] Run: docker ps -a --filter=name=k8s_kube-proxy --format={{.ID}}
I0603 04:53:04.543949   10365 logs.go:281] 2 containers: [d57eab1ae12c 613db8e8654c]
I0603 04:53:04.544086   10365 ssh_runner.go:194] Run: docker ps -a --filter=name=k8s_kube-controller-manager --format={{.ID}}
I0603 04:53:04.607667   10365 logs.go:281] 2 containers: [142a54608b27 06814c3285c9]
I0603 04:53:04.607808   10365 ssh_runner.go:194] Run: docker ps -a --filter=name=k8s_kindnet --format={{.ID}}
I0603 04:53:04.666360   10365 logs.go:281] 0 containers: []
W0603 04:53:04.666384   10365 logs.go:283] No container was found matching "kindnet"
I0603 04:53:04.666491   10365 ssh_runner.go:194] Run: docker ps -a --filter=name=k8s_controller_ingress --format={{.ID}}
I0603 04:53:04.731840   10365 logs.go:281] 1 containers: [435dd4d847ee]
I0603 04:53:04.731996   10365 ssh_runner.go:194] Run: docker ps -a --filter=name=k8s_storage-provisioner --format={{.ID}}
I0603 04:53:06.197698   10365 logs.go:281] 2 containers: [4d2d81331688 bbe49a8a0f86]
I0603 04:53:06.197741   10365 logs.go:122] Gathering logs for coredns [ac03be6e1600] ...
I0603 04:53:06.197766   10365 ssh_runner.go:194] Run: /bin/bash -c "docker logs --tail 400 ac03be6e1600"
I0603 04:53:06.288856   10365 logs.go:122] Gathering logs for coredns [cd9183ebaff4] ...
I0603 04:53:06.288887   10365 ssh_runner.go:194] Run: /bin/bash -c "docker logs --tail 400 cd9183ebaff4"
I0603 04:53:06.348227   10365 logs.go:122] Gathering logs for kube-scheduler [a19d97dd9309] ...
I0603 04:53:06.348247   10365 ssh_runner.go:194] Run: /bin/bash -c "docker logs --tail 400 a19d97dd9309"
I0603 04:53:06.404073   10365 logs.go:122] Gathering logs for kube-scheduler [b898e357825c] ...
I0603 04:53:06.404093   10365 ssh_runner.go:194] Run: /bin/bash -c "docker logs --tail 400 b898e357825c"
I0603 04:53:06.473405   10365 logs.go:122] Gathering logs for Docker ...
I0603 04:53:06.473437   10365 ssh_runner.go:194] Run: /bin/bash -c "sudo journalctl -u docker -u cri-docker -n 400"
I0603 04:53:06.530257   10365 logs.go:122] Gathering logs for kubelet ...
I0603 04:53:06.530281   10365 ssh_runner.go:194] Run: /bin/bash -c "sudo journalctl -u kubelet -n 400"
I0603 04:53:06.627729   10365 logs.go:122] Gathering logs for dmesg ...
I0603 04:53:06.627754   10365 ssh_runner.go:194] Run: /bin/bash -c "sudo dmesg -PH -L=never --level warn,err,crit,alert,emerg | tail -n 400"
I0603 04:53:06.656679   10365 logs.go:122] Gathering logs for kube-apiserver [42270be2365f] ...
I0603 04:53:06.656697   10365 ssh_runner.go:194] Run: /bin/bash -c "docker logs --tail 400 42270be2365f"
I0603 04:53:06.756730   10365 logs.go:122] Gathering logs for kube-proxy [613db8e8654c] ...
I0603 04:53:06.756753   10365 ssh_runner.go:194] Run: /bin/bash -c "docker logs --tail 400 613db8e8654c"
I0603 04:53:06.812396   10365 logs.go:122] Gathering logs for controller_ingress [435dd4d847ee] ...
I0603 04:53:06.812417   10365 ssh_runner.go:194] Run: /bin/bash -c "docker logs --tail 400 435dd4d847ee"
I0603 04:53:06.872856   10365 logs.go:122] Gathering logs for storage-provisioner [bbe49a8a0f86] ...
I0603 04:53:06.872875   10365 ssh_runner.go:194] Run: /bin/bash -c "docker logs --tail 400 bbe49a8a0f86"
I0603 04:53:06.962810   10365 logs.go:122] Gathering logs for container status ...
I0603 04:53:06.962833   10365 ssh_runner.go:194] Run: /bin/bash -c "sudo `which crictl || echo crictl` ps -a || sudo docker ps -a"
I0603 04:53:07.064033   10365 logs.go:122] Gathering logs for kube-proxy [d57eab1ae12c] ...
I0603 04:53:07.064060   10365 ssh_runner.go:194] Run: /bin/bash -c "docker logs --tail 400 d57eab1ae12c"
I0603 04:53:07.132469   10365 logs.go:122] Gathering logs for kube-controller-manager [142a54608b27] ...
I0603 04:53:07.132524   10365 ssh_runner.go:194] Run: /bin/bash -c "docker logs --tail 400 142a54608b27"
I0603 04:53:07.224149   10365 logs.go:122] Gathering logs for describe nodes ...
I0603 04:53:07.224173   10365 ssh_runner.go:194] Run: /bin/bash -c "sudo /var/lib/minikube/binaries/v1.35.1/kubectl describe nodes --kubeconfig=/var/lib/minikube/kubeconfig"
W0603 04:53:07.354929   10365 logs.go:129] failed describe nodes: command: /bin/bash -c "sudo /var/lib/minikube/binaries/v1.35.1/kubectl describe nodes --kubeconfig=/var/lib/minikube/kubeconfig" /bin/bash -c "sudo /var/lib/minikube/binaries/v1.35.1/kubectl describe nodes --kubeconfig=/var/lib/minikube/kubeconfig": Process exited with status 1
stdout:

stderr:
E0603 01:53:07.340127   17867 memcache.go:265] "Unhandled Error" err="couldn't get current server API group list: Get \"https://localhost:8443/api?timeout=32s\": dial tcp [::1]:8443: connect: connection refused"
E0603 01:53:07.341719   17867 memcache.go:265] "Unhandled Error" err="couldn't get current server API group list: Get \"https://localhost:8443/api?timeout=32s\": dial tcp [::1]:8443: connect: connection refused"
E0603 01:53:07.342930   17867 memcache.go:265] "Unhandled Error" err="couldn't get current server API group list: Get \"https://localhost:8443/api?timeout=32s\": dial tcp [::1]:8443: connect: connection refused"
E0603 01:53:07.344218   17867 memcache.go:265] "Unhandled Error" err="couldn't get current server API group list: Get \"https://localhost:8443/api?timeout=32s\": dial tcp [::1]:8443: connect: connection refused"
E0603 01:53:07.345788   17867 memcache.go:265] "Unhandled Error" err="couldn't get current server API group list: Get \"https://localhost:8443/api?timeout=32s\": dial tcp [::1]:8443: connect: connection refused"
The connection to the server localhost:8443 was refused - did you specify the right host or port?
 output: 
** stderr ** 
E0603 01:53:07.340127   17867 memcache.go:265] "Unhandled Error" err="couldn't get current server API group list: Get \"https://localhost:8443/api?timeout=32s\": dial tcp [::1]:8443: connect: connection refused"
E0603 01:53:07.341719   17867 memcache.go:265] "Unhandled Error" err="couldn't get current server API group list: Get \"https://localhost:8443/api?timeout=32s\": dial tcp [::1]:8443: connect: connection refused"
E0603 01:53:07.342930   17867 memcache.go:265] "Unhandled Error" err="couldn't get current server API group list: Get \"https://localhost:8443/api?timeout=32s\": dial tcp [::1]:8443: connect: connection refused"
E0603 01:53:07.344218   17867 memcache.go:265] "Unhandled Error" err="couldn't get current server API group list: Get \"https://localhost:8443/api?timeout=32s\": dial tcp [::1]:8443: connect: connection refused"
E0603 01:53:07.345788   17867 memcache.go:265] "Unhandled Error" err="couldn't get current server API group list: Get \"https://localhost:8443/api?timeout=32s\": dial tcp [::1]:8443: connect: connection refused"
The connection to the server localhost:8443 was refused - did you specify the right host or port?

** /stderr **
I0603 04:53:07.354948   10365 logs.go:122] Gathering logs for kube-apiserver [85e4dc7631be] ...
I0603 04:53:07.354961   10365 ssh_runner.go:194] Run: /bin/bash -c "docker logs --tail 400 85e4dc7631be"
I0603 04:53:07.514963   10365 logs.go:122] Gathering logs for etcd [349258b6df58] ...
I0603 04:53:07.514989   10365 ssh_runner.go:194] Run: /bin/bash -c "docker logs --tail 400 349258b6df58"
I0603 04:53:07.695624   10365 logs.go:122] Gathering logs for etcd [21e19412e264] ...
I0603 04:53:07.695651   10365 ssh_runner.go:194] Run: /bin/bash -c "docker logs --tail 400 21e19412e264"
I0603 04:53:07.785155   10365 logs.go:122] Gathering logs for kube-controller-manager [06814c3285c9] ...
I0603 04:53:07.785177   10365 ssh_runner.go:194] Run: /bin/bash -c "docker logs --tail 400 06814c3285c9"
I0603 04:53:07.861810   10365 logs.go:122] Gathering logs for storage-provisioner [4d2d81331688] ...
I0603 04:53:07.861833   10365 ssh_runner.go:194] Run: /bin/bash -c "docker logs --tail 400 4d2d81331688"
I0603 04:53:10.169659   10365 kapi.go:81] temporary error: getting Pods with label selector "app.kubernetes.io/name=ingress-nginx" : [Get "https://127.0.0.1:32771/api/v1/namespaces/ingress-nginx/pods?labelSelector=app.kubernetes.io%2Fname%3Dingress-nginx": read tcp 127.0.0.1:60160->127.0.0.1:32771: read: connection reset by peer - error from a previous attempt: read tcp 127.0.0.1:60158->127.0.0.1:32771: read: connection reset by peer]
I0603 04:53:10.464081   10365 ssh_runner.go:194] Run: sudo pgrep -xnf kube-apiserver.*minikube.*
I0603 04:53:10.479564   10365 ssh_runner.go:194] Run: docker ps -a --filter=name=k8s_kube-apiserver --format={{.ID}}
I0603 04:53:10.502605   10365 logs.go:281] 2 containers: [42270be2365f 85e4dc7631be]
I0603 04:53:10.502661   10365 ssh_runner.go:194] Run: docker ps -a --filter=name=k8s_etcd --format={{.ID}}
I0603 04:53:10.525644   10365 logs.go:281] 2 containers: [349258b6df58 21e19412e264]
I0603 04:53:10.525702   10365 ssh_runner.go:194] Run: docker ps -a --filter=name=k8s_coredns --format={{.ID}}
I0603 04:53:10.549011   10365 logs.go:281] 2 containers: [ac03be6e1600 cd9183ebaff4]
I0603 04:53:10.549097   10365 ssh_runner.go:194] Run: docker ps -a --filter=name=k8s_kube-scheduler --format={{.ID}}
I0603 04:53:10.572978   10365 logs.go:281] 2 containers: [a19d97dd9309 b898e357825c]
I0603 04:53:10.573037   10365 ssh_runner.go:194] Run: docker ps -a --filter=name=k8s_kube-proxy --format={{.ID}}
I0603 04:53:10.596446   10365 logs.go:281] 2 containers: [d57eab1ae12c 613db8e8654c]
I0603 04:53:10.596569   10365 ssh_runner.go:194] Run: docker ps -a --filter=name=k8s_kube-controller-manager --format={{.ID}}
I0603 04:53:10.620666   10365 logs.go:281] 2 containers: [142a54608b27 06814c3285c9]
I0603 04:53:10.620727   10365 ssh_runner.go:194] Run: docker ps -a --filter=name=k8s_kindnet --format={{.ID}}
I0603 04:53:10.643750   10365 logs.go:281] 0 containers: []
W0603 04:53:10.643767   10365 logs.go:283] No container was found matching "kindnet"
I0603 04:53:10.643839   10365 ssh_runner.go:194] Run: docker ps -a --filter=name=k8s_controller_ingress --format={{.ID}}
I0603 04:53:10.669383   10365 logs.go:281] 1 containers: [435dd4d847ee]
I0603 04:53:10.669439   10365 ssh_runner.go:194] Run: docker ps -a --filter=name=k8s_storage-provisioner --format={{.ID}}
I0603 04:53:10.692917   10365 logs.go:281] 2 containers: [4d2d81331688 bbe49a8a0f86]
I0603 04:53:10.692948   10365 logs.go:122] Gathering logs for kubelet ...
I0603 04:53:10.692968   10365 ssh_runner.go:194] Run: /bin/bash -c "sudo journalctl -u kubelet -n 400"
I0603 04:53:10.736074   10365 logs.go:122] Gathering logs for etcd [349258b6df58] ...
I0603 04:53:10.736088   10365 ssh_runner.go:194] Run: /bin/bash -c "docker logs --tail 400 349258b6df58"
I0603 04:53:10.861651   10365 logs.go:122] Gathering logs for etcd [21e19412e264] ...
I0603 04:53:10.861671   10365 ssh_runner.go:194] Run: /bin/bash -c "docker logs --tail 400 21e19412e264"
I0603 04:53:10.903839   10365 logs.go:122] Gathering logs for kube-proxy [d57eab1ae12c] ...
I0603 04:53:10.903856   10365 ssh_runner.go:194] Run: /bin/bash -c "docker logs --tail 400 d57eab1ae12c"
I0603 04:53:10.930493   10365 logs.go:122] Gathering logs for kube-controller-manager [142a54608b27] ...
I0603 04:53:10.930509   10365 ssh_runner.go:194] Run: /bin/bash -c "docker logs --tail 400 142a54608b27"
I0603 04:53:10.967482   10365 logs.go:122] Gathering logs for kube-apiserver [85e4dc7631be] ...
I0603 04:53:10.967498   10365 ssh_runner.go:194] Run: /bin/bash -c "docker logs --tail 400 85e4dc7631be"
I0603 04:53:11.037643   10365 logs.go:122] Gathering logs for coredns [ac03be6e1600] ...
I0603 04:53:11.037659   10365 ssh_runner.go:194] Run: /bin/bash -c "docker logs --tail 400 ac03be6e1600"
I0603 04:53:11.073023   10365 logs.go:122] Gathering logs for coredns [cd9183ebaff4] ...
I0603 04:53:11.073040   10365 ssh_runner.go:194] Run: /bin/bash -c "docker logs --tail 400 cd9183ebaff4"
I0603 04:53:11.102683   10365 logs.go:122] Gathering logs for kube-scheduler [a19d97dd9309] ...
I0603 04:53:11.102695   10365 ssh_runner.go:194] Run: /bin/bash -c "docker logs --tail 400 a19d97dd9309"
I0603 04:53:11.130375   10365 logs.go:122] Gathering logs for kube-controller-manager [06814c3285c9] ...
I0603 04:53:11.130391   10365 ssh_runner.go:194] Run: /bin/bash -c "docker logs --tail 400 06814c3285c9"
I0603 04:53:11.166611   10365 logs.go:122] Gathering logs for dmesg ...
I0603 04:53:11.166624   10365 ssh_runner.go:194] Run: /bin/bash -c "sudo dmesg -PH -L=never --level warn,err,crit,alert,emerg | tail -n 400"
I0603 04:53:11.180890   10365 logs.go:122] Gathering logs for describe nodes ...
I0603 04:53:11.180903   10365 ssh_runner.go:194] Run: /bin/bash -c "sudo /var/lib/minikube/binaries/v1.35.1/kubectl describe nodes --kubeconfig=/var/lib/minikube/kubeconfig"
W0603 04:53:11.243542   10365 logs.go:129] failed describe nodes: command: /bin/bash -c "sudo /var/lib/minikube/binaries/v1.35.1/kubectl describe nodes --kubeconfig=/var/lib/minikube/kubeconfig" /bin/bash -c "sudo /var/lib/minikube/binaries/v1.35.1/kubectl describe nodes --kubeconfig=/var/lib/minikube/kubeconfig": Process exited with status 1
stdout:

stderr:
E0603 01:53:11.234473   18158 memcache.go:265] "Unhandled Error" err="couldn't get current server API group list: Get \"https://localhost:8443/api?timeout=32s\": dial tcp [::1]:8443: connect: connection refused"
E0603 01:53:11.235136   18158 memcache.go:265] "Unhandled Error" err="couldn't get current server API group list: Get \"https://localhost:8443/api?timeout=32s\": dial tcp [::1]:8443: connect: connection refused"
E0603 01:53:11.237292   18158 memcache.go:265] "Unhandled Error" err="couldn't get current server API group list: Get \"https://localhost:8443/api?timeout=32s\": dial tcp [::1]:8443: connect: connection refused"
E0603 01:53:11.237988   18158 memcache.go:265] "Unhandled Error" err="couldn't get current server API group list: Get \"https://localhost:8443/api?timeout=32s\": dial tcp [::1]:8443: connect: connection refused"
E0603 01:53:11.239548   18158 memcache.go:265] "Unhandled Error" err="couldn't get current server API group list: Get \"https://localhost:8443/api?timeout=32s\": dial tcp [::1]:8443: connect: connection refused"
The connection to the server localhost:8443 was refused - did you specify the right host or port?
 output: 
** stderr ** 
E0603 01:53:11.234473   18158 memcache.go:265] "Unhandled Error" err="couldn't get current server API group list: Get \"https://localhost:8443/api?timeout=32s\": dial tcp [::1]:8443: connect: connection refused"
E0603 01:53:11.235136   18158 memcache.go:265] "Unhandled Error" err="couldn't get current server API group list: Get \"https://localhost:8443/api?timeout=32s\": dial tcp [::1]:8443: connect: connection refused"
E0603 01:53:11.237292   18158 memcache.go:265] "Unhandled Error" err="couldn't get current server API group list: Get \"https://localhost:8443/api?timeout=32s\": dial tcp [::1]:8443: connect: connection refused"
E0603 01:53:11.237988   18158 memcache.go:265] "Unhandled Error" err="couldn't get current server API group list: Get \"https://localhost:8443/api?timeout=32s\": dial tcp [::1]:8443: connect: connection refused"
E0603 01:53:11.239548   18158 memcache.go:265] "Unhandled Error" err="couldn't get current server API group list: Get \"https://localhost:8443/api?timeout=32s\": dial tcp [::1]:8443: connect: connection refused"
The connection to the server localhost:8443 was refused - did you specify the right host or port?

** /stderr **
I0603 04:53:11.243550   10365 logs.go:122] Gathering logs for kube-apiserver [42270be2365f] ...
I0603 04:53:11.243557   10365 ssh_runner.go:194] Run: /bin/bash -c "docker logs --tail 400 42270be2365f"
I0603 04:53:11.290614   10365 logs.go:122] Gathering logs for kube-scheduler [b898e357825c] ...
I0603 04:53:11.290629   10365 ssh_runner.go:194] Run: /bin/bash -c "docker logs --tail 400 b898e357825c"
I0603 04:53:11.323422   10365 logs.go:122] Gathering logs for controller_ingress [435dd4d847ee] ...
I0603 04:53:11.323437   10365 ssh_runner.go:194] Run: /bin/bash -c "docker logs --tail 400 435dd4d847ee"
I0603 04:53:11.351793   10365 logs.go:122] Gathering logs for storage-provisioner [4d2d81331688] ...
I0603 04:53:11.351805   10365 ssh_runner.go:194] Run: /bin/bash -c "docker logs --tail 400 4d2d81331688"
I0603 04:53:11.396646   10365 logs.go:122] Gathering logs for storage-provisioner [bbe49a8a0f86] ...
I0603 04:53:11.396660   10365 ssh_runner.go:194] Run: /bin/bash -c "docker logs --tail 400 bbe49a8a0f86"
I0603 04:53:11.438003   10365 logs.go:122] Gathering logs for kube-proxy [613db8e8654c] ...
I0603 04:53:11.438015   10365 ssh_runner.go:194] Run: /bin/bash -c "docker logs --tail 400 613db8e8654c"
I0603 04:53:11.464443   10365 logs.go:122] Gathering logs for Docker ...
I0603 04:53:11.464456   10365 ssh_runner.go:194] Run: /bin/bash -c "sudo journalctl -u docker -u cri-docker -n 400"
I0603 04:53:11.496751   10365 logs.go:122] Gathering logs for container status ...
I0603 04:53:11.496767   10365 ssh_runner.go:194] Run: /bin/bash -c "sudo `which crictl || echo crictl` ps -a || sudo docker ps -a"
I0603 04:53:14.069163   10365 ssh_runner.go:194] Run: sudo pgrep -xnf kube-apiserver.*minikube.*
I0603 04:53:14.086657   10365 ssh_runner.go:194] Run: docker ps -a --filter=name=k8s_kube-apiserver --format={{.ID}}
I0603 04:53:14.111346   10365 logs.go:281] 2 containers: [42270be2365f 85e4dc7631be]
I0603 04:53:14.111401   10365 ssh_runner.go:194] Run: docker ps -a --filter=name=k8s_etcd --format={{.ID}}
I0603 04:53:14.133556   10365 logs.go:281] 2 containers: [349258b6df58 21e19412e264]
I0603 04:53:14.133623   10365 ssh_runner.go:194] Run: docker ps -a --filter=name=k8s_coredns --format={{.ID}}
I0603 04:53:14.157117   10365 logs.go:281] 2 containers: [ac03be6e1600 cd9183ebaff4]
I0603 04:53:14.157176   10365 ssh_runner.go:194] Run: docker ps -a --filter=name=k8s_kube-scheduler --format={{.ID}}
I0603 04:53:14.180558   10365 logs.go:281] 2 containers: [a19d97dd9309 b898e357825c]
I0603 04:53:14.180613   10365 ssh_runner.go:194] Run: docker ps -a --filter=name=k8s_kube-proxy --format={{.ID}}
I0603 04:53:14.205738   10365 logs.go:281] 2 containers: [d57eab1ae12c 613db8e8654c]
I0603 04:53:14.205842   10365 ssh_runner.go:194] Run: docker ps -a --filter=name=k8s_kube-controller-manager --format={{.ID}}
I0603 04:53:14.228501   10365 logs.go:281] 2 containers: [142a54608b27 06814c3285c9]
I0603 04:53:14.228571   10365 ssh_runner.go:194] Run: docker ps -a --filter=name=k8s_kindnet --format={{.ID}}
I0603 04:53:14.252363   10365 logs.go:281] 0 containers: []
W0603 04:53:14.252373   10365 logs.go:283] No container was found matching "kindnet"
I0603 04:53:14.252420   10365 ssh_runner.go:194] Run: docker ps -a --filter=name=k8s_storage-provisioner --format={{.ID}}
I0603 04:53:14.275400   10365 logs.go:281] 2 containers: [4d2d81331688 bbe49a8a0f86]
I0603 04:53:14.275474   10365 ssh_runner.go:194] Run: docker ps -a --filter=name=k8s_controller_ingress --format={{.ID}}
I0603 04:53:14.299372   10365 logs.go:281] 1 containers: [435dd4d847ee]
I0603 04:53:14.299388   10365 logs.go:122] Gathering logs for container status ...
I0603 04:53:14.299395   10365 ssh_runner.go:194] Run: /bin/bash -c "sudo `which crictl || echo crictl` ps -a || sudo docker ps -a"
I0603 04:53:14.342444   10365 logs.go:122] Gathering logs for etcd [21e19412e264] ...
I0603 04:53:14.342456   10365 ssh_runner.go:194] Run: /bin/bash -c "docker logs --tail 400 21e19412e264"
I0603 04:53:14.380313   10365 logs.go:122] Gathering logs for storage-provisioner [bbe49a8a0f86] ...
I0603 04:53:14.380328   10365 ssh_runner.go:194] Run: /bin/bash -c "docker logs --tail 400 bbe49a8a0f86"
I0603 04:53:14.420273   10365 logs.go:122] Gathering logs for controller_ingress [435dd4d847ee] ...
I0603 04:53:14.420286   10365 ssh_runner.go:194] Run: /bin/bash -c "docker logs --tail 400 435dd4d847ee"
I0603 04:53:14.452121   10365 logs.go:122] Gathering logs for Docker ...
I0603 04:53:14.452135   10365 ssh_runner.go:194] Run: /bin/bash -c "sudo journalctl -u docker -u cri-docker -n 400"
I0603 04:53:14.479095   10365 logs.go:122] Gathering logs for kube-proxy [d57eab1ae12c] ...
I0603 04:53:14.479109   10365 ssh_runner.go:194] Run: /bin/bash -c "docker logs --tail 400 d57eab1ae12c"
I0603 04:53:14.507025   10365 logs.go:122] Gathering logs for kube-controller-manager [06814c3285c9] ...
I0603 04:53:14.507037   10365 ssh_runner.go:194] Run: /bin/bash -c "docker logs --tail 400 06814c3285c9"
I0603 04:53:14.544025   10365 logs.go:122] Gathering logs for kubelet ...
I0603 04:53:14.544037   10365 ssh_runner.go:194] Run: /bin/bash -c "sudo journalctl -u kubelet -n 400"
I0603 04:53:14.585536   10365 logs.go:122] Gathering logs for kube-apiserver [85e4dc7631be] ...
I0603 04:53:14.585554   10365 ssh_runner.go:194] Run: /bin/bash -c "docker logs --tail 400 85e4dc7631be"
I0603 04:53:14.660190   10365 logs.go:122] Gathering logs for etcd [349258b6df58] ...
I0603 04:53:14.660207   10365 ssh_runner.go:194] Run: /bin/bash -c "docker logs --tail 400 349258b6df58"
I0603 04:53:14.743110   10365 logs.go:122] Gathering logs for coredns [ac03be6e1600] ...
I0603 04:53:14.743126   10365 ssh_runner.go:194] Run: /bin/bash -c "docker logs --tail 400 ac03be6e1600"
I0603 04:53:14.795323   10365 logs.go:122] Gathering logs for coredns [cd9183ebaff4] ...
I0603 04:53:14.795338   10365 ssh_runner.go:194] Run: /bin/bash -c "docker logs --tail 400 cd9183ebaff4"
I0603 04:53:14.828815   10365 logs.go:122] Gathering logs for kube-scheduler [a19d97dd9309] ...
I0603 04:53:14.828832   10365 ssh_runner.go:194] Run: /bin/bash -c "docker logs --tail 400 a19d97dd9309"
I0603 04:53:14.857941   10365 logs.go:122] Gathering logs for kube-scheduler [b898e357825c] ...
I0603 04:53:14.857954   10365 ssh_runner.go:194] Run: /bin/bash -c "docker logs --tail 400 b898e357825c"
I0603 04:53:14.890302   10365 logs.go:122] Gathering logs for kube-proxy [613db8e8654c] ...
I0603 04:53:14.890317   10365 ssh_runner.go:194] Run: /bin/bash -c "docker logs --tail 400 613db8e8654c"
I0603 04:53:14.917967   10365 logs.go:122] Gathering logs for dmesg ...
I0603 04:53:14.917980   10365 ssh_runner.go:194] Run: /bin/bash -c "sudo dmesg -PH -L=never --level warn,err,crit,alert,emerg | tail -n 400"
I0603 04:53:14.931707   10365 logs.go:122] Gathering logs for describe nodes ...
I0603 04:53:14.931718   10365 ssh_runner.go:194] Run: /bin/bash -c "sudo /var/lib/minikube/binaries/v1.35.1/kubectl describe nodes --kubeconfig=/var/lib/minikube/kubeconfig"
W0603 04:53:14.996464   10365 logs.go:129] failed describe nodes: command: /bin/bash -c "sudo /var/lib/minikube/binaries/v1.35.1/kubectl describe nodes --kubeconfig=/var/lib/minikube/kubeconfig" /bin/bash -c "sudo /var/lib/minikube/binaries/v1.35.1/kubectl describe nodes --kubeconfig=/var/lib/minikube/kubeconfig": Process exited with status 1
stdout:

stderr:
E0603 01:53:14.985668   18531 memcache.go:265] "Unhandled Error" err="couldn't get current server API group list: Get \"https://localhost:8443/api?timeout=32s\": dial tcp [::1]:8443: connect: connection refused"
E0603 01:53:14.986358   18531 memcache.go:265] "Unhandled Error" err="couldn't get current server API group list: Get \"https://localhost:8443/api?timeout=32s\": dial tcp [::1]:8443: connect: connection refused"
E0603 01:53:14.989080   18531 memcache.go:265] "Unhandled Error" err="couldn't get current server API group list: Get \"https://localhost:8443/api?timeout=32s\": dial tcp [::1]:8443: connect: connection refused"
E0603 01:53:14.989806   18531 memcache.go:265] "Unhandled Error" err="couldn't get current server API group list: Get \"https://localhost:8443/api?timeout=32s\": dial tcp [::1]:8443: connect: connection refused"
E0603 01:53:14.992303   18531 memcache.go:265] "Unhandled Error" err="couldn't get current server API group list: Get \"https://localhost:8443/api?timeout=32s\": dial tcp [::1]:8443: connect: connection refused"
The connection to the server localhost:8443 was refused - did you specify the right host or port?
 output: 
** stderr ** 
E0603 01:53:14.985668   18531 memcache.go:265] "Unhandled Error" err="couldn't get current server API group list: Get \"https://localhost:8443/api?timeout=32s\": dial tcp [::1]:8443: connect: connection refused"
E0603 01:53:14.986358   18531 memcache.go:265] "Unhandled Error" err="couldn't get current server API group list: Get \"https://localhost:8443/api?timeout=32s\": dial tcp [::1]:8443: connect: connection refused"
E0603 01:53:14.989080   18531 memcache.go:265] "Unhandled Error" err="couldn't get current server API group list: Get \"https://localhost:8443/api?timeout=32s\": dial tcp [::1]:8443: connect: connection refused"
E0603 01:53:14.989806   18531 memcache.go:265] "Unhandled Error" err="couldn't get current server API group list: Get \"https://localhost:8443/api?timeout=32s\": dial tcp [::1]:8443: connect: connection refused"
E0603 01:53:14.992303   18531 memcache.go:265] "Unhandled Error" err="couldn't get current server API group list: Get \"https://localhost:8443/api?timeout=32s\": dial tcp [::1]:8443: connect: connection refused"
The connection to the server localhost:8443 was refused - did you specify the right host or port?

** /stderr **
I0603 04:53:14.996472   10365 logs.go:122] Gathering logs for kube-apiserver [42270be2365f] ...
I0603 04:53:14.996480   10365 ssh_runner.go:194] Run: /bin/bash -c "docker logs --tail 400 42270be2365f"
I0603 04:53:15.044338   10365 logs.go:122] Gathering logs for kube-controller-manager [142a54608b27] ...
I0603 04:53:15.044353   10365 ssh_runner.go:194] Run: /bin/bash -c "docker logs --tail 400 142a54608b27"
I0603 04:53:15.079605   10365 logs.go:122] Gathering logs for storage-provisioner [4d2d81331688] ...
I0603 04:53:15.079619   10365 ssh_runner.go:194] Run: /bin/bash -c "docker logs --tail 400 4d2d81331688"
I0603 04:53:17.627937   10365 ssh_runner.go:194] Run: sudo pgrep -xnf kube-apiserver.*minikube.*
I0603 04:53:17.646999   10365 ssh_runner.go:194] Run: docker ps -a --filter=name=k8s_kube-apiserver --format={{.ID}}
I0603 04:53:17.669415   10365 logs.go:281] 2 containers: [42270be2365f 85e4dc7631be]
I0603 04:53:17.669473   10365 ssh_runner.go:194] Run: docker ps -a --filter=name=k8s_etcd --format={{.ID}}
I0603 04:53:17.693113   10365 logs.go:281] 2 containers: [349258b6df58 21e19412e264]
I0603 04:53:17.693227   10365 ssh_runner.go:194] Run: docker ps -a --filter=name=k8s_coredns --format={{.ID}}
I0603 04:53:17.716589   10365 logs.go:281] 2 containers: [ac03be6e1600 cd9183ebaff4]
I0603 04:53:17.716682   10365 ssh_runner.go:194] Run: docker ps -a --filter=name=k8s_kube-scheduler --format={{.ID}}
I0603 04:53:17.740750   10365 logs.go:281] 2 containers: [a19d97dd9309 b898e357825c]
I0603 04:53:17.740808   10365 ssh_runner.go:194] Run: docker ps -a --filter=name=k8s_kube-proxy --format={{.ID}}
I0603 04:53:17.788726   10365 logs.go:281] 2 containers: [d57eab1ae12c 613db8e8654c]
I0603 04:53:17.788795   10365 ssh_runner.go:194] Run: docker ps -a --filter=name=k8s_kube-controller-manager --format={{.ID}}
I0603 04:53:17.816725   10365 logs.go:281] 2 containers: [142a54608b27 06814c3285c9]
I0603 04:53:17.816802   10365 ssh_runner.go:194] Run: docker ps -a --filter=name=k8s_kindnet --format={{.ID}}
I0603 04:53:17.847499   10365 logs.go:281] 0 containers: []
W0603 04:53:17.847509   10365 logs.go:283] No container was found matching "kindnet"
I0603 04:53:17.847555   10365 ssh_runner.go:194] Run: docker ps -a --filter=name=k8s_controller_ingress --format={{.ID}}
I0603 04:53:17.872951   10365 logs.go:281] 1 containers: [435dd4d847ee]
I0603 04:53:17.873024   10365 ssh_runner.go:194] Run: docker ps -a --filter=name=k8s_storage-provisioner --format={{.ID}}
I0603 04:53:17.896918   10365 logs.go:281] 2 containers: [4d2d81331688 bbe49a8a0f86]
I0603 04:53:17.896937   10365 logs.go:122] Gathering logs for kube-scheduler [b898e357825c] ...
I0603 04:53:17.896944   10365 ssh_runner.go:194] Run: /bin/bash -c "docker logs --tail 400 b898e357825c"
I0603 04:53:17.929840   10365 logs.go:122] Gathering logs for storage-provisioner [4d2d81331688] ...
I0603 04:53:17.929853   10365 ssh_runner.go:194] Run: /bin/bash -c "docker logs --tail 400 4d2d81331688"
I0603 04:53:17.978741   10365 logs.go:122] Gathering logs for dmesg ...
I0603 04:53:17.978759   10365 ssh_runner.go:194] Run: /bin/bash -c "sudo dmesg -PH -L=never --level warn,err,crit,alert,emerg | tail -n 400"
I0603 04:53:17.993719   10365 logs.go:122] Gathering logs for describe nodes ...
I0603 04:53:17.993734   10365 ssh_runner.go:194] Run: /bin/bash -c "sudo /var/lib/minikube/binaries/v1.35.1/kubectl describe nodes --kubeconfig=/var/lib/minikube/kubeconfig"
W0603 04:53:18.063300   10365 logs.go:129] failed describe nodes: command: /bin/bash -c "sudo /var/lib/minikube/binaries/v1.35.1/kubectl describe nodes --kubeconfig=/var/lib/minikube/kubeconfig" /bin/bash -c "sudo /var/lib/minikube/binaries/v1.35.1/kubectl describe nodes --kubeconfig=/var/lib/minikube/kubeconfig": Process exited with status 1
stdout:

stderr:
E0603 01:53:18.052662   18736 memcache.go:265] "Unhandled Error" err="couldn't get current server API group list: Get \"https://localhost:8443/api?timeout=32s\": dial tcp [::1]:8443: connect: connection refused"
E0603 01:53:18.053253   18736 memcache.go:265] "Unhandled Error" err="couldn't get current server API group list: Get \"https://localhost:8443/api?timeout=32s\": dial tcp [::1]:8443: connect: connection refused"
E0603 01:53:18.055519   18736 memcache.go:265] "Unhandled Error" err="couldn't get current server API group list: Get \"https://localhost:8443/api?timeout=32s\": dial tcp [::1]:8443: connect: connection refused"
E0603 01:53:18.056154   18736 memcache.go:265] "Unhandled Error" err="couldn't get current server API group list: Get \"https://localhost:8443/api?timeout=32s\": dial tcp [::1]:8443: connect: connection refused"
E0603 01:53:18.058884   18736 memcache.go:265] "Unhandled Error" err="couldn't get current server API group list: Get \"https://localhost:8443/api?timeout=32s\": dial tcp [::1]:8443: connect: connection refused"
The connection to the server localhost:8443 was refused - did you specify the right host or port?
 output: 
** stderr ** 
E0603 01:53:18.052662   18736 memcache.go:265] "Unhandled Error" err="couldn't get current server API group list: Get \"https://localhost:8443/api?timeout=32s\": dial tcp [::1]:8443: connect: connection refused"
E0603 01:53:18.053253   18736 memcache.go:265] "Unhandled Error" err="couldn't get current server API group list: Get \"https://localhost:8443/api?timeout=32s\": dial tcp [::1]:8443: connect: connection refused"
E0603 01:53:18.055519   18736 memcache.go:265] "Unhandled Error" err="couldn't get current server API group list: Get \"https://localhost:8443/api?timeout=32s\": dial tcp [::1]:8443: connect: connection refused"
E0603 01:53:18.056154   18736 memcache.go:265] "Unhandled Error" err="couldn't get current server API group list: Get \"https://localhost:8443/api?timeout=32s\": dial tcp [::1]:8443: connect: connection refused"
E0603 01:53:18.058884   18736 memcache.go:265] "Unhandled Error" err="couldn't get current server API group list: Get \"https://localhost:8443/api?timeout=32s\": dial tcp [::1]:8443: connect: connection refused"
The connection to the server localhost:8443 was refused - did you specify the right host or port?

** /stderr **
I0603 04:53:18.063307   10365 logs.go:122] Gathering logs for etcd [21e19412e264] ...
I0603 04:53:18.063314   10365 ssh_runner.go:194] Run: /bin/bash -c "docker logs --tail 400 21e19412e264"
I0603 04:53:18.103315   10365 logs.go:122] Gathering logs for coredns [ac03be6e1600] ...
I0603 04:53:18.103330   10365 ssh_runner.go:194] Run: /bin/bash -c "docker logs --tail 400 ac03be6e1600"
I0603 04:53:18.140199   10365 logs.go:122] Gathering logs for kube-proxy [613db8e8654c] ...
I0603 04:53:18.140217   10365 ssh_runner.go:194] Run: /bin/bash -c "docker logs --tail 400 613db8e8654c"
I0603 04:53:18.166836   10365 logs.go:122] Gathering logs for kube-controller-manager [142a54608b27] ...
I0603 04:53:18.166850   10365 ssh_runner.go:194] Run: /bin/bash -c "docker logs --tail 400 142a54608b27"
I0603 04:53:18.202032   10365 logs.go:122] Gathering logs for controller_ingress [435dd4d847ee] ...
I0603 04:53:18.202045   10365 ssh_runner.go:194] Run: /bin/bash -c "docker logs --tail 400 435dd4d847ee"
I0603 04:53:18.231528   10365 logs.go:122] Gathering logs for container status ...
I0603 04:53:18.231542   10365 ssh_runner.go:194] Run: /bin/bash -c "sudo `which crictl || echo crictl` ps -a || sudo docker ps -a"
I0603 04:53:18.275120   10365 logs.go:122] Gathering logs for kube-apiserver [42270be2365f] ...
I0603 04:53:18.275131   10365 ssh_runner.go:194] Run: /bin/bash -c "docker logs --tail 400 42270be2365f"
I0603 04:53:18.324258   10365 logs.go:122] Gathering logs for kube-proxy [d57eab1ae12c] ...
I0603 04:53:18.324272   10365 ssh_runner.go:194] Run: /bin/bash -c "docker logs --tail 400 d57eab1ae12c"
I0603 04:53:18.352055   10365 logs.go:122] Gathering logs for Docker ...
I0603 04:53:18.352067   10365 ssh_runner.go:194] Run: /bin/bash -c "sudo journalctl -u docker -u cri-docker -n 400"
I0603 04:53:18.378115   10365 logs.go:122] Gathering logs for etcd [349258b6df58] ...
I0603 04:53:18.378131   10365 ssh_runner.go:194] Run: /bin/bash -c "docker logs --tail 400 349258b6df58"
I0603 04:53:18.462701   10365 logs.go:122] Gathering logs for kube-controller-manager [06814c3285c9] ...
I0603 04:53:18.462718   10365 ssh_runner.go:194] Run: /bin/bash -c "docker logs --tail 400 06814c3285c9"
I0603 04:53:18.501611   10365 logs.go:122] Gathering logs for storage-provisioner [bbe49a8a0f86] ...
I0603 04:53:18.501628   10365 ssh_runner.go:194] Run: /bin/bash -c "docker logs --tail 400 bbe49a8a0f86"
I0603 04:53:18.570715   10365 logs.go:122] Gathering logs for kubelet ...
I0603 04:53:18.570732   10365 ssh_runner.go:194] Run: /bin/bash -c "sudo journalctl -u kubelet -n 400"
I0603 04:53:18.633019   10365 logs.go:122] Gathering logs for kube-apiserver [85e4dc7631be] ...
I0603 04:53:18.633038   10365 ssh_runner.go:194] Run: /bin/bash -c "docker logs --tail 400 85e4dc7631be"
I0603 04:53:18.712864   10365 logs.go:122] Gathering logs for coredns [cd9183ebaff4] ...
I0603 04:53:18.712884   10365 ssh_runner.go:194] Run: /bin/bash -c "docker logs --tail 400 cd9183ebaff4"
I0603 04:53:18.738657   10365 logs.go:122] Gathering logs for kube-scheduler [a19d97dd9309] ...
I0603 04:53:18.738670   10365 ssh_runner.go:194] Run: /bin/bash -c "docker logs --tail 400 a19d97dd9309"
I0603 04:53:20.188600   10365 kapi.go:81] temporary error: getting Pods with label selector "app.kubernetes.io/name=ingress-nginx" : [Get "https://127.0.0.1:32771/api/v1/namespaces/ingress-nginx/pods?labelSelector=app.kubernetes.io%2Fname%3Dingress-nginx": EOF]
I0603 04:53:21.267037   10365 ssh_runner.go:194] Run: sudo pgrep -xnf kube-apiserver.*minikube.*
I0603 04:53:21.313438   10365 ssh_runner.go:194] Run: docker ps -a --filter=name=k8s_kube-apiserver --format={{.ID}}
I0603 04:53:21.342794   10365 logs.go:281] 2 containers: [42270be2365f 85e4dc7631be]
I0603 04:53:21.342865   10365 ssh_runner.go:194] Run: docker ps -a --filter=name=k8s_etcd --format={{.ID}}
I0603 04:53:21.365825   10365 logs.go:281] 2 containers: [349258b6df58 21e19412e264]
I0603 04:53:21.365881   10365 ssh_runner.go:194] Run: docker ps -a --filter=name=k8s_coredns --format={{.ID}}
I0603 04:53:21.388824   10365 logs.go:281] 2 containers: [ac03be6e1600 cd9183ebaff4]
I0603 04:53:21.388905   10365 ssh_runner.go:194] Run: docker ps -a --filter=name=k8s_kube-scheduler --format={{.ID}}
I0603 04:53:21.411713   10365 logs.go:281] 2 containers: [a19d97dd9309 b898e357825c]
I0603 04:53:21.411768   10365 ssh_runner.go:194] Run: docker ps -a --filter=name=k8s_kube-proxy --format={{.ID}}
I0603 04:53:21.434187   10365 logs.go:281] 2 containers: [d57eab1ae12c 613db8e8654c]
I0603 04:53:21.434272   10365 ssh_runner.go:194] Run: docker ps -a --filter=name=k8s_kube-controller-manager --format={{.ID}}
I0603 04:53:21.456738   10365 logs.go:281] 2 containers: [142a54608b27 06814c3285c9]
I0603 04:53:21.456796   10365 ssh_runner.go:194] Run: docker ps -a --filter=name=k8s_kindnet --format={{.ID}}
I0603 04:53:21.480074   10365 logs.go:281] 0 containers: []
W0603 04:53:21.480093   10365 logs.go:283] No container was found matching "kindnet"
I0603 04:53:21.480165   10365 ssh_runner.go:194] Run: docker ps -a --filter=name=k8s_storage-provisioner --format={{.ID}}
I0603 04:53:21.503264   10365 logs.go:281] 2 containers: [4d2d81331688 bbe49a8a0f86]
I0603 04:53:21.503324   10365 ssh_runner.go:194] Run: docker ps -a --filter=name=k8s_controller_ingress --format={{.ID}}
I0603 04:53:21.527547   10365 logs.go:281] 1 containers: [435dd4d847ee]
I0603 04:53:21.527575   10365 logs.go:122] Gathering logs for dmesg ...
I0603 04:53:21.527603   10365 ssh_runner.go:194] Run: /bin/bash -c "sudo dmesg -PH -L=never --level warn,err,crit,alert,emerg | tail -n 400"
I0603 04:53:21.543158   10365 logs.go:122] Gathering logs for describe nodes ...
I0603 04:53:21.543179   10365 ssh_runner.go:194] Run: /bin/bash -c "sudo /var/lib/minikube/binaries/v1.35.1/kubectl describe nodes --kubeconfig=/var/lib/minikube/kubeconfig"
W0603 04:53:21.609711   10365 logs.go:129] failed describe nodes: command: /bin/bash -c "sudo /var/lib/minikube/binaries/v1.35.1/kubectl describe nodes --kubeconfig=/var/lib/minikube/kubeconfig" /bin/bash -c "sudo /var/lib/minikube/binaries/v1.35.1/kubectl describe nodes --kubeconfig=/var/lib/minikube/kubeconfig": Process exited with status 1
stdout:

stderr:
E0603 01:53:21.601120   19048 memcache.go:265] "Unhandled Error" err="couldn't get current server API group list: Get \"https://localhost:8443/api?timeout=32s\": dial tcp [::1]:8443: connect: connection refused"
E0603 01:53:21.601976   19048 memcache.go:265] "Unhandled Error" err="couldn't get current server API group list: Get \"https://localhost:8443/api?timeout=32s\": dial tcp [::1]:8443: connect: connection refused"
E0603 01:53:21.603119   19048 memcache.go:265] "Unhandled Error" err="couldn't get current server API group list: Get \"https://localhost:8443/api?timeout=32s\": dial tcp [::1]:8443: connect: connection refused"
E0603 01:53:21.603910   19048 memcache.go:265] "Unhandled Error" err="couldn't get current server API group list: Get \"https://localhost:8443/api?timeout=32s\": dial tcp [::1]:8443: connect: connection refused"
E0603 01:53:21.605979   19048 memcache.go:265] "Unhandled Error" err="couldn't get current server API group list: Get \"https://localhost:8443/api?timeout=32s\": dial tcp [::1]:8443: connect: connection refused"
The connection to the server localhost:8443 was refused - did you specify the right host or port?
 output: 
** stderr ** 
E0603 01:53:21.601120   19048 memcache.go:265] "Unhandled Error" err="couldn't get current server API group list: Get \"https://localhost:8443/api?timeout=32s\": dial tcp [::1]:8443: connect: connection refused"
E0603 01:53:21.601976   19048 memcache.go:265] "Unhandled Error" err="couldn't get current server API group list: Get \"https://localhost:8443/api?timeout=32s\": dial tcp [::1]:8443: connect: connection refused"
E0603 01:53:21.603119   19048 memcache.go:265] "Unhandled Error" err="couldn't get current server API group list: Get \"https://localhost:8443/api?timeout=32s\": dial tcp [::1]:8443: connect: connection refused"
E0603 01:53:21.603910   19048 memcache.go:265] "Unhandled Error" err="couldn't get current server API group list: Get \"https://localhost:8443/api?timeout=32s\": dial tcp [::1]:8443: connect: connection refused"
E0603 01:53:21.605979   19048 memcache.go:265] "Unhandled Error" err="couldn't get current server API group list: Get \"https://localhost:8443/api?timeout=32s\": dial tcp [::1]:8443: connect: connection refused"
The connection to the server localhost:8443 was refused - did you specify the right host or port?

** /stderr **
I0603 04:53:21.609718   10365 logs.go:122] Gathering logs for kube-apiserver [42270be2365f] ...
I0603 04:53:21.609726   10365 ssh_runner.go:194] Run: /bin/bash -c "docker logs --tail 400 42270be2365f"
I0603 04:53:21.654940   10365 logs.go:122] Gathering logs for kube-scheduler [a19d97dd9309] ...
I0603 04:53:21.654957   10365 ssh_runner.go:194] Run: /bin/bash -c "docker logs --tail 400 a19d97dd9309"
I0603 04:53:21.681874   10365 logs.go:122] Gathering logs for kube-proxy [d57eab1ae12c] ...
I0603 04:53:21.681888   10365 ssh_runner.go:194] Run: /bin/bash -c "docker logs --tail 400 d57eab1ae12c"
I0603 04:53:21.709192   10365 logs.go:122] Gathering logs for kube-proxy [613db8e8654c] ...
I0603 04:53:21.709202   10365 ssh_runner.go:194] Run: /bin/bash -c "docker logs --tail 400 613db8e8654c"
I0603 04:53:21.735185   10365 logs.go:122] Gathering logs for kube-controller-manager [142a54608b27] ...
I0603 04:53:21.735199   10365 ssh_runner.go:194] Run: /bin/bash -c "docker logs --tail 400 142a54608b27"
I0603 04:53:21.767914   10365 logs.go:122] Gathering logs for kube-controller-manager [06814c3285c9] ...
I0603 04:53:21.767927   10365 ssh_runner.go:194] Run: /bin/bash -c "docker logs --tail 400 06814c3285c9"
I0603 04:53:21.802245   10365 logs.go:122] Gathering logs for kube-apiserver [85e4dc7631be] ...
I0603 04:53:21.802259   10365 ssh_runner.go:194] Run: /bin/bash -c "docker logs --tail 400 85e4dc7631be"
I0603 04:53:21.873690   10365 logs.go:122] Gathering logs for coredns [ac03be6e1600] ...
I0603 04:53:21.873714   10365 ssh_runner.go:194] Run: /bin/bash -c "docker logs --tail 400 ac03be6e1600"
I0603 04:53:21.906051   10365 logs.go:122] Gathering logs for coredns [cd9183ebaff4] ...
I0603 04:53:21.906064   10365 ssh_runner.go:194] Run: /bin/bash -c "docker logs --tail 400 cd9183ebaff4"
I0603 04:53:21.931773   10365 logs.go:122] Gathering logs for controller_ingress [435dd4d847ee] ...
I0603 04:53:21.931789   10365 ssh_runner.go:194] Run: /bin/bash -c "docker logs --tail 400 435dd4d847ee"
I0603 04:53:21.960079   10365 logs.go:122] Gathering logs for Docker ...
I0603 04:53:21.960093   10365 ssh_runner.go:194] Run: /bin/bash -c "sudo journalctl -u docker -u cri-docker -n 400"
I0603 04:53:21.985570   10365 logs.go:122] Gathering logs for kubelet ...
I0603 04:53:21.985586   10365 ssh_runner.go:194] Run: /bin/bash -c "sudo journalctl -u kubelet -n 400"
I0603 04:53:22.026938   10365 logs.go:122] Gathering logs for etcd [349258b6df58] ...
I0603 04:53:22.026951   10365 ssh_runner.go:194] Run: /bin/bash -c "docker logs --tail 400 349258b6df58"
I0603 04:53:22.110037   10365 logs.go:122] Gathering logs for etcd [21e19412e264] ...
I0603 04:53:22.110054   10365 ssh_runner.go:194] Run: /bin/bash -c "docker logs --tail 400 21e19412e264"
I0603 04:53:22.154317   10365 logs.go:122] Gathering logs for kube-scheduler [b898e357825c] ...
I0603 04:53:22.154338   10365 ssh_runner.go:194] Run: /bin/bash -c "docker logs --tail 400 b898e357825c"
I0603 04:53:22.189511   10365 logs.go:122] Gathering logs for storage-provisioner [4d2d81331688] ...
I0603 04:53:22.189524   10365 ssh_runner.go:194] Run: /bin/bash -c "docker logs --tail 400 4d2d81331688"
I0603 04:53:22.236713   10365 logs.go:122] Gathering logs for storage-provisioner [bbe49a8a0f86] ...
I0603 04:53:22.236728   10365 ssh_runner.go:194] Run: /bin/bash -c "docker logs --tail 400 bbe49a8a0f86"
I0603 04:53:22.302410   10365 logs.go:122] Gathering logs for container status ...
I0603 04:53:22.302424   10365 ssh_runner.go:194] Run: /bin/bash -c "sudo `which crictl || echo crictl` ps -a || sudo docker ps -a"
I0603 04:53:24.857782   10365 ssh_runner.go:194] Run: sudo pgrep -xnf kube-apiserver.*minikube.*
I0603 04:53:24.886924   10365 ssh_runner.go:194] Run: docker ps -a --filter=name=k8s_kube-apiserver --format={{.ID}}
I0603 04:53:24.938563   10365 logs.go:281] 2 containers: [42270be2365f 85e4dc7631be]
I0603 04:53:24.938661   10365 ssh_runner.go:194] Run: docker ps -a --filter=name=k8s_etcd --format={{.ID}}
I0603 04:53:24.986852   10365 logs.go:281] 2 containers: [349258b6df58 21e19412e264]
I0603 04:53:24.986946   10365 ssh_runner.go:194] Run: docker ps -a --filter=name=k8s_coredns --format={{.ID}}
I0603 04:53:25.035058   10365 logs.go:281] 2 containers: [ac03be6e1600 cd9183ebaff4]
I0603 04:53:25.035175   10365 ssh_runner.go:194] Run: docker ps -a --filter=name=k8s_kube-scheduler --format={{.ID}}
I0603 04:53:25.082696   10365 logs.go:281] 2 containers: [a19d97dd9309 b898e357825c]
I0603 04:53:25.082824   10365 ssh_runner.go:194] Run: docker ps -a --filter=name=k8s_kube-proxy --format={{.ID}}
I0603 04:53:25.133843   10365 logs.go:281] 2 containers: [d57eab1ae12c 613db8e8654c]
I0603 04:53:25.133951   10365 ssh_runner.go:194] Run: docker ps -a --filter=name=k8s_kube-controller-manager --format={{.ID}}
I0603 04:53:25.183169   10365 logs.go:281] 2 containers: [142a54608b27 06814c3285c9]
I0603 04:53:25.183338   10365 ssh_runner.go:194] Run: docker ps -a --filter=name=k8s_kindnet --format={{.ID}}
I0603 04:53:25.234409   10365 logs.go:281] 0 containers: []
W0603 04:53:25.234428   10365 logs.go:283] No container was found matching "kindnet"
I0603 04:53:25.234516   10365 ssh_runner.go:194] Run: docker ps -a --filter=name=k8s_controller_ingress --format={{.ID}}
I0603 04:53:25.288519   10365 logs.go:281] 1 containers: [435dd4d847ee]
I0603 04:53:25.288629   10365 ssh_runner.go:194] Run: docker ps -a --filter=name=k8s_storage-provisioner --format={{.ID}}
I0603 04:53:25.338493   10365 logs.go:281] 2 containers: [4d2d81331688 bbe49a8a0f86]
I0603 04:53:25.338522   10365 logs.go:122] Gathering logs for storage-provisioner [bbe49a8a0f86] ...
I0603 04:53:25.338533   10365 ssh_runner.go:194] Run: /bin/bash -c "docker logs --tail 400 bbe49a8a0f86"
I0603 04:53:25.425654   10365 logs.go:122] Gathering logs for kubelet ...
I0603 04:53:25.425678   10365 ssh_runner.go:194] Run: /bin/bash -c "sudo journalctl -u kubelet -n 400"
I0603 04:53:25.526362   10365 logs.go:122] Gathering logs for coredns [ac03be6e1600] ...
I0603 04:53:25.526387   10365 ssh_runner.go:194] Run: /bin/bash -c "docker logs --tail 400 ac03be6e1600"
I0603 04:53:25.604262   10365 logs.go:122] Gathering logs for kube-scheduler [b898e357825c] ...
I0603 04:53:25.604318   10365 ssh_runner.go:194] Run: /bin/bash -c "docker logs --tail 400 b898e357825c"
I0603 04:53:25.683202   10365 logs.go:122] Gathering logs for kube-proxy [d57eab1ae12c] ...
I0603 04:53:25.683225   10365 ssh_runner.go:194] Run: /bin/bash -c "docker logs --tail 400 d57eab1ae12c"
I0603 04:53:25.739608   10365 logs.go:122] Gathering logs for kube-proxy [613db8e8654c] ...
I0603 04:53:25.739628   10365 ssh_runner.go:194] Run: /bin/bash -c "docker logs --tail 400 613db8e8654c"
I0603 04:53:25.797429   10365 logs.go:122] Gathering logs for storage-provisioner [4d2d81331688] ...
I0603 04:53:25.797458   10365 ssh_runner.go:194] Run: /bin/bash -c "docker logs --tail 400 4d2d81331688"
I0603 04:53:25.909010   10365 logs.go:122] Gathering logs for dmesg ...
I0603 04:53:25.909038   10365 ssh_runner.go:194] Run: /bin/bash -c "sudo dmesg -PH -L=never --level warn,err,crit,alert,emerg | tail -n 400"
I0603 04:53:25.937523   10365 logs.go:122] Gathering logs for describe nodes ...
I0603 04:53:25.937542   10365 ssh_runner.go:194] Run: /bin/bash -c "sudo /var/lib/minikube/binaries/v1.35.1/kubectl describe nodes --kubeconfig=/var/lib/minikube/kubeconfig"
W0603 04:53:26.069343   10365 logs.go:129] failed describe nodes: command: /bin/bash -c "sudo /var/lib/minikube/binaries/v1.35.1/kubectl describe nodes --kubeconfig=/var/lib/minikube/kubeconfig" /bin/bash -c "sudo /var/lib/minikube/binaries/v1.35.1/kubectl describe nodes --kubeconfig=/var/lib/minikube/kubeconfig": Process exited with status 1
stdout:

stderr:
E0603 01:53:26.054621   19462 memcache.go:265] "Unhandled Error" err="couldn't get current server API group list: Get \"https://localhost:8443/api?timeout=32s\": dial tcp [::1]:8443: connect: connection refused"
E0603 01:53:26.056618   19462 memcache.go:265] "Unhandled Error" err="couldn't get current server API group list: Get \"https://localhost:8443/api?timeout=32s\": dial tcp [::1]:8443: connect: connection refused"
E0603 01:53:26.057741   19462 memcache.go:265] "Unhandled Error" err="couldn't get current server API group list: Get \"https://localhost:8443/api?timeout=32s\": dial tcp [::1]:8443: connect: connection refused"
E0603 01:53:26.059265   19462 memcache.go:265] "Unhandled Error" err="couldn't get current server API group list: Get \"https://localhost:8443/api?timeout=32s\": dial tcp [::1]:8443: connect: connection refused"
E0603 01:53:26.060673   19462 memcache.go:265] "Unhandled Error" err="couldn't get current server API group list: Get \"https://localhost:8443/api?timeout=32s\": dial tcp [::1]:8443: connect: connection refused"
The connection to the server localhost:8443 was refused - did you specify the right host or port?
 output: 
** stderr ** 
E0603 01:53:26.054621   19462 memcache.go:265] "Unhandled Error" err="couldn't get current server API group list: Get \"https://localhost:8443/api?timeout=32s\": dial tcp [::1]:8443: connect: connection refused"
E0603 01:53:26.056618   19462 memcache.go:265] "Unhandled Error" err="couldn't get current server API group list: Get \"https://localhost:8443/api?timeout=32s\": dial tcp [::1]:8443: connect: connection refused"
E0603 01:53:26.057741   19462 memcache.go:265] "Unhandled Error" err="couldn't get current server API group list: Get \"https://localhost:8443/api?timeout=32s\": dial tcp [::1]:8443: connect: connection refused"
E0603 01:53:26.059265   19462 memcache.go:265] "Unhandled Error" err="couldn't get current server API group list: Get \"https://localhost:8443/api?timeout=32s\": dial tcp [::1]:8443: connect: connection refused"
E0603 01:53:26.060673   19462 memcache.go:265] "Unhandled Error" err="couldn't get current server API group list: Get \"https://localhost:8443/api?timeout=32s\": dial tcp [::1]:8443: connect: connection refused"
The connection to the server localhost:8443 was refused - did you specify the right host or port?

** /stderr **
I0603 04:53:26.069376   10365 logs.go:122] Gathering logs for coredns [cd9183ebaff4] ...
I0603 04:53:26.069412   10365 ssh_runner.go:194] Run: /bin/bash -c "docker logs --tail 400 cd9183ebaff4"
I0603 04:53:26.131357   10365 logs.go:122] Gathering logs for kube-controller-manager [142a54608b27] ...
I0603 04:53:26.131378   10365 ssh_runner.go:194] Run: /bin/bash -c "docker logs --tail 400 142a54608b27"
I0603 04:53:26.204570   10365 logs.go:122] Gathering logs for kube-controller-manager [06814c3285c9] ...
I0603 04:53:26.204591   10365 ssh_runner.go:194] Run: /bin/bash -c "docker logs --tail 400 06814c3285c9"
I0603 04:53:26.281075   10365 logs.go:122] Gathering logs for controller_ingress [435dd4d847ee] ...
I0603 04:53:26.281114   10365 ssh_runner.go:194] Run: /bin/bash -c "docker logs --tail 400 435dd4d847ee"
I0603 04:53:26.341599   10365 logs.go:122] Gathering logs for Docker ...
I0603 04:53:26.341618   10365 ssh_runner.go:194] Run: /bin/bash -c "sudo journalctl -u docker -u cri-docker -n 400"
I0603 04:53:26.408163   10365 logs.go:122] Gathering logs for kube-scheduler [a19d97dd9309] ...
I0603 04:53:26.408195   10365 ssh_runner.go:194] Run: /bin/bash -c "docker logs --tail 400 a19d97dd9309"
I0603 04:53:26.473405   10365 logs.go:122] Gathering logs for container status ...
I0603 04:53:26.473473   10365 ssh_runner.go:194] Run: /bin/bash -c "sudo `which crictl || echo crictl` ps -a || sudo docker ps -a"
I0603 04:53:26.583631   10365 logs.go:122] Gathering logs for kube-apiserver [42270be2365f] ...
I0603 04:53:26.583651   10365 ssh_runner.go:194] Run: /bin/bash -c "docker logs --tail 400 42270be2365f"
I0603 04:53:26.686932   10365 logs.go:122] Gathering logs for kube-apiserver [85e4dc7631be] ...
I0603 04:53:26.686957   10365 ssh_runner.go:194] Run: /bin/bash -c "docker logs --tail 400 85e4dc7631be"
I0603 04:53:26.844721   10365 logs.go:122] Gathering logs for etcd [349258b6df58] ...
I0603 04:53:26.844747   10365 ssh_runner.go:194] Run: /bin/bash -c "docker logs --tail 400 349258b6df58"
I0603 04:53:27.031502   10365 logs.go:122] Gathering logs for etcd [21e19412e264] ...
I0603 04:53:27.031530   10365 ssh_runner.go:194] Run: /bin/bash -c "docker logs --tail 400 21e19412e264"
I0603 04:53:29.623518   10365 ssh_runner.go:194] Run: sudo pgrep -xnf kube-apiserver.*minikube.*
I0603 04:53:29.671673   10365 ssh_runner.go:194] Run: docker ps -a --filter=name=k8s_kube-apiserver --format={{.ID}}
I0603 04:53:29.729005   10365 logs.go:281] 2 containers: [42270be2365f 85e4dc7631be]
I0603 04:53:29.729106   10365 ssh_runner.go:194] Run: docker ps -a --filter=name=k8s_etcd --format={{.ID}}
I0603 04:53:29.782798   10365 logs.go:281] 2 containers: [349258b6df58 21e19412e264]
I0603 04:53:29.782947   10365 ssh_runner.go:194] Run: docker ps -a --filter=name=k8s_coredns --format={{.ID}}
I0603 04:53:29.847633   10365 logs.go:281] 2 containers: [ac03be6e1600 cd9183ebaff4]
I0603 04:53:29.847781   10365 ssh_runner.go:194] Run: docker ps -a --filter=name=k8s_kube-scheduler --format={{.ID}}
I0603 04:53:29.902291   10365 logs.go:281] 2 containers: [a19d97dd9309 b898e357825c]
I0603 04:53:29.902482   10365 ssh_runner.go:194] Run: docker ps -a --filter=name=k8s_kube-proxy --format={{.ID}}
I0603 04:53:29.955211   10365 logs.go:281] 2 containers: [d57eab1ae12c 613db8e8654c]
I0603 04:53:29.955314   10365 ssh_runner.go:194] Run: docker ps -a --filter=name=k8s_kube-controller-manager --format={{.ID}}
I0603 04:53:30.004685   10365 logs.go:281] 2 containers: [142a54608b27 06814c3285c9]
I0603 04:53:30.004798   10365 ssh_runner.go:194] Run: docker ps -a --filter=name=k8s_kindnet --format={{.ID}}
I0603 04:53:30.055647   10365 logs.go:281] 0 containers: []
W0603 04:53:30.055672   10365 logs.go:283] No container was found matching "kindnet"
I0603 04:53:30.055791   10365 ssh_runner.go:194] Run: docker ps -a --filter=name=k8s_storage-provisioner --format={{.ID}}
I0603 04:53:30.111176   10365 logs.go:281] 2 containers: [4d2d81331688 bbe49a8a0f86]
I0603 04:53:30.111277   10365 ssh_runner.go:194] Run: docker ps -a --filter=name=k8s_controller_ingress --format={{.ID}}
I0603 04:53:30.170910   10365 logs.go:281] 1 containers: [435dd4d847ee]
I0603 04:53:30.170955   10365 logs.go:122] Gathering logs for kube-apiserver [85e4dc7631be] ...
I0603 04:53:30.170976   10365 ssh_runner.go:194] Run: /bin/bash -c "docker logs --tail 400 85e4dc7631be"
I0603 04:53:30.216780   10365 kapi.go:81] temporary error: getting Pods with label selector "app.kubernetes.io/name=ingress-nginx" : [Get "https://127.0.0.1:32771/api/v1/namespaces/ingress-nginx/pods?labelSelector=app.kubernetes.io%2Fname%3Dingress-nginx": read tcp 127.0.0.1:34098->127.0.0.1:32771: read: connection reset by peer - error from a previous attempt: read tcp 127.0.0.1:34096->127.0.0.1:32771: read: connection reset by peer]
I0603 04:53:30.361473   10365 logs.go:122] Gathering logs for etcd [21e19412e264] ...
I0603 04:53:30.361505   10365 ssh_runner.go:194] Run: /bin/bash -c "docker logs --tail 400 21e19412e264"
I0603 04:53:30.453182   10365 logs.go:122] Gathering logs for kube-scheduler [a19d97dd9309] ...
I0603 04:53:30.453209   10365 ssh_runner.go:194] Run: /bin/bash -c "docker logs --tail 400 a19d97dd9309"
I0603 04:53:30.510932   10365 logs.go:122] Gathering logs for kube-scheduler [b898e357825c] ...
I0603 04:53:30.510954   10365 ssh_runner.go:194] Run: /bin/bash -c "docker logs --tail 400 b898e357825c"
I0603 04:53:30.584041   10365 logs.go:122] Gathering logs for kube-apiserver [42270be2365f] ...
I0603 04:53:30.584067   10365 ssh_runner.go:194] Run: /bin/bash -c "docker logs --tail 400 42270be2365f"
I0603 04:53:30.694644   10365 logs.go:122] Gathering logs for etcd [349258b6df58] ...
I0603 04:53:30.694669   10365 ssh_runner.go:194] Run: /bin/bash -c "docker logs --tail 400 349258b6df58"
I0603 04:53:30.904782   10365 logs.go:122] Gathering logs for coredns [ac03be6e1600] ...
I0603 04:53:30.904810   10365 ssh_runner.go:194] Run: /bin/bash -c "docker logs --tail 400 ac03be6e1600"
I0603 04:53:30.987301   10365 logs.go:122] Gathering logs for storage-provisioner [4d2d81331688] ...
I0603 04:53:30.987333   10365 ssh_runner.go:194] Run: /bin/bash -c "docker logs --tail 400 4d2d81331688"
I0603 04:53:31.101797   10365 logs.go:122] Gathering logs for dmesg ...
I0603 04:53:31.101869   10365 ssh_runner.go:194] Run: /bin/bash -c "sudo dmesg -PH -L=never --level warn,err,crit,alert,emerg | tail -n 400"
I0603 04:53:31.130413   10365 logs.go:122] Gathering logs for kube-proxy [d57eab1ae12c] ...
I0603 04:53:31.130433   10365 ssh_runner.go:194] Run: /bin/bash -c "docker logs --tail 400 d57eab1ae12c"
I0603 04:53:31.185750   10365 logs.go:122] Gathering logs for kube-controller-manager [06814c3285c9] ...
I0603 04:53:31.185770   10365 ssh_runner.go:194] Run: /bin/bash -c "docker logs --tail 400 06814c3285c9"
I0603 04:53:31.262722   10365 logs.go:122] Gathering logs for storage-provisioner [bbe49a8a0f86] ...
I0603 04:53:31.262752   10365 ssh_runner.go:194] Run: /bin/bash -c "docker logs --tail 400 bbe49a8a0f86"
I0603 04:53:31.352490   10365 logs.go:122] Gathering logs for container status ...
I0603 04:53:31.352514   10365 ssh_runner.go:194] Run: /bin/bash -c "sudo `which crictl || echo crictl` ps -a || sudo docker ps -a"
I0603 04:53:31.446012   10365 logs.go:122] Gathering logs for kubelet ...
I0603 04:53:31.446036   10365 ssh_runner.go:194] Run: /bin/bash -c "sudo journalctl -u kubelet -n 400"
I0603 04:53:31.540614   10365 logs.go:122] Gathering logs for describe nodes ...
I0603 04:53:31.540644   10365 ssh_runner.go:194] Run: /bin/bash -c "sudo /var/lib/minikube/binaries/v1.35.1/kubectl describe nodes --kubeconfig=/var/lib/minikube/kubeconfig"
W0603 04:53:31.672658   10365 logs.go:129] failed describe nodes: command: /bin/bash -c "sudo /var/lib/minikube/binaries/v1.35.1/kubectl describe nodes --kubeconfig=/var/lib/minikube/kubeconfig" /bin/bash -c "sudo /var/lib/minikube/binaries/v1.35.1/kubectl describe nodes --kubeconfig=/var/lib/minikube/kubeconfig": Process exited with status 1
stdout:

stderr:
E0603 01:53:31.656702   19881 memcache.go:265] "Unhandled Error" err="couldn't get current server API group list: Get \"https://localhost:8443/api?timeout=32s\": dial tcp [::1]:8443: connect: connection refused"
E0603 01:53:31.658396   19881 memcache.go:265] "Unhandled Error" err="couldn't get current server API group list: Get \"https://localhost:8443/api?timeout=32s\": dial tcp [::1]:8443: connect: connection refused"
E0603 01:53:31.660100   19881 memcache.go:265] "Unhandled Error" err="couldn't get current server API group list: Get \"https://localhost:8443/api?timeout=32s\": dial tcp [::1]:8443: connect: connection refused"
E0603 01:53:31.661442   19881 memcache.go:265] "Unhandled Error" err="couldn't get current server API group list: Get \"https://localhost:8443/api?timeout=32s\": dial tcp [::1]:8443: connect: connection refused"
E0603 01:53:31.662903   19881 memcache.go:265] "Unhandled Error" err="couldn't get current server API group list: Get \"https://localhost:8443/api?timeout=32s\": dial tcp [::1]:8443: connect: connection refused"
The connection to the server localhost:8443 was refused - did you specify the right host or port?
 output: 
** stderr ** 
E0603 01:53:31.656702   19881 memcache.go:265] "Unhandled Error" err="couldn't get current server API group list: Get \"https://localhost:8443/api?timeout=32s\": dial tcp [::1]:8443: connect: connection refused"
E0603 01:53:31.658396   19881 memcache.go:265] "Unhandled Error" err="couldn't get current server API group list: Get \"https://localhost:8443/api?timeout=32s\": dial tcp [::1]:8443: connect: connection refused"
E0603 01:53:31.660100   19881 memcache.go:265] "Unhandled Error" err="couldn't get current server API group list: Get \"https://localhost:8443/api?timeout=32s\": dial tcp [::1]:8443: connect: connection refused"
E0603 01:53:31.661442   19881 memcache.go:265] "Unhandled Error" err="couldn't get current server API group list: Get \"https://localhost:8443/api?timeout=32s\": dial tcp [::1]:8443: connect: connection refused"
E0603 01:53:31.662903   19881 memcache.go:265] "Unhandled Error" err="couldn't get current server API group list: Get \"https://localhost:8443/api?timeout=32s\": dial tcp [::1]:8443: connect: connection refused"
The connection to the server localhost:8443 was refused - did you specify the right host or port?

** /stderr **
I0603 04:53:31.672679   10365 logs.go:122] Gathering logs for coredns [cd9183ebaff4] ...
I0603 04:53:31.672701   10365 ssh_runner.go:194] Run: /bin/bash -c "docker logs --tail 400 cd9183ebaff4"
I0603 04:53:31.733818   10365 logs.go:122] Gathering logs for kube-proxy [613db8e8654c] ...
I0603 04:53:31.733839   10365 ssh_runner.go:194] Run: /bin/bash -c "docker logs --tail 400 613db8e8654c"
I0603 04:53:31.794669   10365 logs.go:122] Gathering logs for kube-controller-manager [142a54608b27] ...
I0603 04:53:31.794691   10365 ssh_runner.go:194] Run: /bin/bash -c "docker logs --tail 400 142a54608b27"
I0603 04:53:31.880297   10365 logs.go:122] Gathering logs for controller_ingress [435dd4d847ee] ...
I0603 04:53:31.880322   10365 ssh_runner.go:194] Run: /bin/bash -c "docker logs --tail 400 435dd4d847ee"
I0603 04:53:31.948534   10365 logs.go:122] Gathering logs for Docker ...
I0603 04:53:31.948562   10365 ssh_runner.go:194] Run: /bin/bash -c "sudo journalctl -u docker -u cri-docker -n 400"
I0603 04:53:34.508489   10365 ssh_runner.go:194] Run: sudo pgrep -xnf kube-apiserver.*minikube.*
I0603 04:53:34.551349   10365 ssh_runner.go:194] Run: docker ps -a --filter=name=k8s_kube-apiserver --format={{.ID}}
I0603 04:53:34.580137   10365 logs.go:281] 2 containers: [42270be2365f 85e4dc7631be]
I0603 04:53:34.580206   10365 ssh_runner.go:194] Run: docker ps -a --filter=name=k8s_etcd --format={{.ID}}
I0603 04:53:34.604014   10365 logs.go:281] 2 containers: [349258b6df58 21e19412e264]
I0603 04:53:34.604093   10365 ssh_runner.go:194] Run: docker ps -a --filter=name=k8s_coredns --format={{.ID}}
I0603 04:53:34.629427   10365 logs.go:281] 2 containers: [ac03be6e1600 cd9183ebaff4]
I0603 04:53:34.629483   10365 ssh_runner.go:194] Run: docker ps -a --filter=name=k8s_kube-scheduler --format={{.ID}}
I0603 04:53:34.653663   10365 logs.go:281] 2 containers: [a19d97dd9309 b898e357825c]
I0603 04:53:34.653747   10365 ssh_runner.go:194] Run: docker ps -a --filter=name=k8s_kube-proxy --format={{.ID}}
I0603 04:53:34.678182   10365 logs.go:281] 2 containers: [d57eab1ae12c 613db8e8654c]
I0603 04:53:34.678297   10365 ssh_runner.go:194] Run: docker ps -a --filter=name=k8s_kube-controller-manager --format={{.ID}}
I0603 04:53:34.703419   10365 logs.go:281] 2 containers: [142a54608b27 06814c3285c9]
I0603 04:53:34.703486   10365 ssh_runner.go:194] Run: docker ps -a --filter=name=k8s_kindnet --format={{.ID}}
I0603 04:53:34.727090   10365 logs.go:281] 0 containers: []
W0603 04:53:34.727100   10365 logs.go:283] No container was found matching "kindnet"
I0603 04:53:34.727146   10365 ssh_runner.go:194] Run: docker ps -a --filter=name=k8s_controller_ingress --format={{.ID}}
I0603 04:53:34.751337   10365 logs.go:281] 1 containers: [435dd4d847ee]
I0603 04:53:34.751424   10365 ssh_runner.go:194] Run: docker ps -a --filter=name=k8s_storage-provisioner --format={{.ID}}
I0603 04:53:34.775325   10365 logs.go:281] 2 containers: [4d2d81331688 bbe49a8a0f86]
I0603 04:53:34.775341   10365 logs.go:122] Gathering logs for coredns [ac03be6e1600] ...
I0603 04:53:34.775347   10365 ssh_runner.go:194] Run: /bin/bash -c "docker logs --tail 400 ac03be6e1600"
I0603 04:53:34.807270   10365 logs.go:122] Gathering logs for storage-provisioner [4d2d81331688] ...
I0603 04:53:34.807283   10365 ssh_runner.go:194] Run: /bin/bash -c "docker logs --tail 400 4d2d81331688"
I0603 04:53:34.854616   10365 logs.go:122] Gathering logs for storage-provisioner [bbe49a8a0f86] ...
I0603 04:53:34.854635   10365 ssh_runner.go:194] Run: /bin/bash -c "docker logs --tail 400 bbe49a8a0f86"
I0603 04:53:34.895480   10365 logs.go:122] Gathering logs for kubelet ...
I0603 04:53:34.895504   10365 ssh_runner.go:194] Run: /bin/bash -c "sudo journalctl -u kubelet -n 400"
I0603 04:53:34.936722   10365 logs.go:122] Gathering logs for etcd [21e19412e264] ...
I0603 04:53:34.936743   10365 ssh_runner.go:194] Run: /bin/bash -c "docker logs --tail 400 21e19412e264"
I0603 04:53:34.981036   10365 logs.go:122] Gathering logs for kube-controller-manager [06814c3285c9] ...
I0603 04:53:34.981061   10365 ssh_runner.go:194] Run: /bin/bash -c "docker logs --tail 400 06814c3285c9"
I0603 04:53:35.053872   10365 logs.go:122] Gathering logs for dmesg ...
I0603 04:53:35.053896   10365 ssh_runner.go:194] Run: /bin/bash -c "sudo dmesg -PH -L=never --level warn,err,crit,alert,emerg | tail -n 400"
I0603 04:53:35.072074   10365 logs.go:122] Gathering logs for kube-apiserver [42270be2365f] ...
I0603 04:53:35.072088   10365 ssh_runner.go:194] Run: /bin/bash -c "docker logs --tail 400 42270be2365f"
I0603 04:53:35.124082   10365 logs.go:122] Gathering logs for coredns [cd9183ebaff4] ...
I0603 04:53:35.124097   10365 ssh_runner.go:194] Run: /bin/bash -c "docker logs --tail 400 cd9183ebaff4"
I0603 04:53:35.151916   10365 logs.go:122] Gathering logs for kube-scheduler [a19d97dd9309] ...
I0603 04:53:35.151927   10365 ssh_runner.go:194] Run: /bin/bash -c "docker logs --tail 400 a19d97dd9309"
I0603 04:53:35.178107   10365 logs.go:122] Gathering logs for kube-proxy [d57eab1ae12c] ...
I0603 04:53:35.178121   10365 ssh_runner.go:194] Run: /bin/bash -c "docker logs --tail 400 d57eab1ae12c"
I0603 04:53:35.205265   10365 logs.go:122] Gathering logs for kube-proxy [613db8e8654c] ...
I0603 04:53:35.205277   10365 ssh_runner.go:194] Run: /bin/bash -c "docker logs --tail 400 613db8e8654c"
I0603 04:53:35.231462   10365 logs.go:122] Gathering logs for controller_ingress [435dd4d847ee] ...
I0603 04:53:35.231473   10365 ssh_runner.go:194] Run: /bin/bash -c "docker logs --tail 400 435dd4d847ee"
I0603 04:53:35.264248   10365 logs.go:122] Gathering logs for container status ...
I0603 04:53:35.264263   10365 ssh_runner.go:194] Run: /bin/bash -c "sudo `which crictl || echo crictl` ps -a || sudo docker ps -a"
I0603 04:53:35.305803   10365 logs.go:122] Gathering logs for describe nodes ...
I0603 04:53:35.305816   10365 ssh_runner.go:194] Run: /bin/bash -c "sudo /var/lib/minikube/binaries/v1.35.1/kubectl describe nodes --kubeconfig=/var/lib/minikube/kubeconfig"
W0603 04:53:35.369792   10365 logs.go:129] failed describe nodes: command: /bin/bash -c "sudo /var/lib/minikube/binaries/v1.35.1/kubectl describe nodes --kubeconfig=/var/lib/minikube/kubeconfig" /bin/bash -c "sudo /var/lib/minikube/binaries/v1.35.1/kubectl describe nodes --kubeconfig=/var/lib/minikube/kubeconfig": Process exited with status 1
stdout:

stderr:
E0603 01:53:35.361169   20202 memcache.go:265] "Unhandled Error" err="couldn't get current server API group list: Get \"https://localhost:8443/api?timeout=32s\": dial tcp [::1]:8443: connect: connection refused"
E0603 01:53:35.361645   20202 memcache.go:265] "Unhandled Error" err="couldn't get current server API group list: Get \"https://localhost:8443/api?timeout=32s\": dial tcp [::1]:8443: connect: connection refused"
E0603 01:53:35.363497   20202 memcache.go:265] "Unhandled Error" err="couldn't get current server API group list: Get \"https://localhost:8443/api?timeout=32s\": dial tcp [::1]:8443: connect: connection refused"
E0603 01:53:35.364007   20202 memcache.go:265] "Unhandled Error" err="couldn't get current server API group list: Get \"https://localhost:8443/api?timeout=32s\": dial tcp [::1]:8443: connect: connection refused"
E0603 01:53:35.365717   20202 memcache.go:265] "Unhandled Error" err="couldn't get current server API group list: Get \"https://localhost:8443/api?timeout=32s\": dial tcp [::1]:8443: connect: connection refused"
The connection to the server localhost:8443 was refused - did you specify the right host or port?
 output: 
** stderr ** 
E0603 01:53:35.361169   20202 memcache.go:265] "Unhandled Error" err="couldn't get current server API group list: Get \"https://localhost:8443/api?timeout=32s\": dial tcp [::1]:8443: connect: connection refused"
E0603 01:53:35.361645   20202 memcache.go:265] "Unhandled Error" err="couldn't get current server API group list: Get \"https://localhost:8443/api?timeout=32s\": dial tcp [::1]:8443: connect: connection refused"
E0603 01:53:35.363497   20202 memcache.go:265] "Unhandled Error" err="couldn't get current server API group list: Get \"https://localhost:8443/api?timeout=32s\": dial tcp [::1]:8443: connect: connection refused"
E0603 01:53:35.364007   20202 memcache.go:265] "Unhandled Error" err="couldn't get current server API group list: Get \"https://localhost:8443/api?timeout=32s\": dial tcp [::1]:8443: connect: connection refused"
E0603 01:53:35.365717   20202 memcache.go:265] "Unhandled Error" err="couldn't get current server API group list: Get \"https://localhost:8443/api?timeout=32s\": dial tcp [::1]:8443: connect: connection refused"
The connection to the server localhost:8443 was refused - did you specify the right host or port?

** /stderr **
I0603 04:53:35.369801   10365 logs.go:122] Gathering logs for kube-apiserver [85e4dc7631be] ...
I0603 04:53:35.369808   10365 ssh_runner.go:194] Run: /bin/bash -c "docker logs --tail 400 85e4dc7631be"
I0603 04:53:35.442382   10365 logs.go:122] Gathering logs for etcd [349258b6df58] ...
I0603 04:53:35.442396   10365 ssh_runner.go:194] Run: /bin/bash -c "docker logs --tail 400 349258b6df58"
I0603 04:53:35.527519   10365 logs.go:122] Gathering logs for kube-scheduler [b898e357825c] ...
I0603 04:53:35.527536   10365 ssh_runner.go:194] Run: /bin/bash -c "docker logs --tail 400 b898e357825c"
I0603 04:53:35.564421   10365 logs.go:122] Gathering logs for kube-controller-manager [142a54608b27] ...
I0603 04:53:35.564436   10365 ssh_runner.go:194] Run: /bin/bash -c "docker logs --tail 400 142a54608b27"
I0603 04:53:35.600499   10365 logs.go:122] Gathering logs for Docker ...
I0603 04:53:35.600511   10365 ssh_runner.go:194] Run: /bin/bash -c "sudo journalctl -u docker -u cri-docker -n 400"
I0603 04:53:38.128211   10365 ssh_runner.go:194] Run: sudo pgrep -xnf kube-apiserver.*minikube.*
I0603 04:53:38.142301   10365 ssh_runner.go:194] Run: docker ps -a --filter=name=k8s_kube-apiserver --format={{.ID}}
I0603 04:53:38.165594   10365 logs.go:281] 2 containers: [42270be2365f 85e4dc7631be]
I0603 04:53:38.165672   10365 ssh_runner.go:194] Run: docker ps -a --filter=name=k8s_etcd --format={{.ID}}
I0603 04:53:38.190742   10365 logs.go:281] 2 containers: [349258b6df58 21e19412e264]
I0603 04:53:38.190798   10365 ssh_runner.go:194] Run: docker ps -a --filter=name=k8s_coredns --format={{.ID}}
I0603 04:53:38.214036   10365 logs.go:281] 2 containers: [ac03be6e1600 cd9183ebaff4]
I0603 04:53:38.214114   10365 ssh_runner.go:194] Run: docker ps -a --filter=name=k8s_kube-scheduler --format={{.ID}}
I0603 04:53:38.238222   10365 logs.go:281] 2 containers: [a19d97dd9309 b898e357825c]
I0603 04:53:38.238320   10365 ssh_runner.go:194] Run: docker ps -a --filter=name=k8s_kube-proxy --format={{.ID}}
I0603 04:53:38.261975   10365 logs.go:281] 2 containers: [d57eab1ae12c 613db8e8654c]
I0603 04:53:38.262038   10365 ssh_runner.go:194] Run: docker ps -a --filter=name=k8s_kube-controller-manager --format={{.ID}}
I0603 04:53:38.288199   10365 logs.go:281] 2 containers: [142a54608b27 06814c3285c9]
I0603 04:53:38.288275   10365 ssh_runner.go:194] Run: docker ps -a --filter=name=k8s_kindnet --format={{.ID}}
I0603 04:53:38.311971   10365 logs.go:281] 0 containers: []
W0603 04:53:38.311986   10365 logs.go:283] No container was found matching "kindnet"
I0603 04:53:38.312050   10365 ssh_runner.go:194] Run: docker ps -a --filter=name=k8s_controller_ingress --format={{.ID}}
I0603 04:53:38.336515   10365 logs.go:281] 1 containers: [435dd4d847ee]
I0603 04:53:38.336572   10365 ssh_runner.go:194] Run: docker ps -a --filter=name=k8s_storage-provisioner --format={{.ID}}
I0603 04:53:38.360368   10365 logs.go:281] 2 containers: [4d2d81331688 bbe49a8a0f86]
I0603 04:53:38.360390   10365 logs.go:122] Gathering logs for kube-scheduler [a19d97dd9309] ...
I0603 04:53:38.360400   10365 ssh_runner.go:194] Run: /bin/bash -c "docker logs --tail 400 a19d97dd9309"
I0603 04:53:39.898189   10365 logs.go:122] Gathering logs for kube-scheduler [b898e357825c] ...
I0603 04:53:39.898201   10365 ssh_runner.go:194] Run: /bin/bash -c "docker logs --tail 400 b898e357825c"
I0603 04:53:39.931085   10365 logs.go:122] Gathering logs for kube-proxy [d57eab1ae12c] ...
I0603 04:53:39.931098   10365 ssh_runner.go:194] Run: /bin/bash -c "docker logs --tail 400 d57eab1ae12c"
I0603 04:53:39.962165   10365 logs.go:122] Gathering logs for kube-controller-manager [142a54608b27] ...
I0603 04:53:39.962178   10365 ssh_runner.go:194] Run: /bin/bash -c "docker logs --tail 400 142a54608b27"
I0603 04:53:40.001325   10365 logs.go:122] Gathering logs for kube-apiserver [42270be2365f] ...
I0603 04:53:40.001341   10365 ssh_runner.go:194] Run: /bin/bash -c "docker logs --tail 400 42270be2365f"
I0603 04:53:40.049544   10365 logs.go:122] Gathering logs for etcd [21e19412e264] ...
I0603 04:53:40.049560   10365 ssh_runner.go:194] Run: /bin/bash -c "docker logs --tail 400 21e19412e264"
I0603 04:53:40.091372   10365 logs.go:122] Gathering logs for coredns [ac03be6e1600] ...
I0603 04:53:40.091386   10365 ssh_runner.go:194] Run: /bin/bash -c "docker logs --tail 400 ac03be6e1600"
I0603 04:53:40.124928   10365 logs.go:122] Gathering logs for Docker ...
I0603 04:53:40.124941   10365 ssh_runner.go:194] Run: /bin/bash -c "sudo journalctl -u docker -u cri-docker -n 400"
I0603 04:53:40.162104   10365 logs.go:122] Gathering logs for kube-apiserver [85e4dc7631be] ...
I0603 04:53:40.162123   10365 ssh_runner.go:194] Run: /bin/bash -c "docker logs --tail 400 85e4dc7631be"
I0603 04:53:40.248365   10365 logs.go:122] Gathering logs for kube-proxy [613db8e8654c] ...
I0603 04:53:40.248385   10365 ssh_runner.go:194] Run: /bin/bash -c "docker logs --tail 400 613db8e8654c"
I0603 04:53:40.295881   10365 logs.go:122] Gathering logs for kube-controller-manager [06814c3285c9] ...
I0603 04:53:40.295900   10365 ssh_runner.go:194] Run: /bin/bash -c "docker logs --tail 400 06814c3285c9"
I0603 04:53:40.339155   10365 logs.go:122] Gathering logs for storage-provisioner [bbe49a8a0f86] ...
I0603 04:53:40.339174   10365 ssh_runner.go:194] Run: /bin/bash -c "docker logs --tail 400 bbe49a8a0f86"
I0603 04:53:40.382040   10365 logs.go:122] Gathering logs for kubelet ...
I0603 04:53:40.382054   10365 ssh_runner.go:194] Run: /bin/bash -c "sudo journalctl -u kubelet -n 400"
I0603 04:53:40.426002   10365 logs.go:122] Gathering logs for dmesg ...
I0603 04:53:40.426018   10365 ssh_runner.go:194] Run: /bin/bash -c "sudo dmesg -PH -L=never --level warn,err,crit,alert,emerg | tail -n 400"
I0603 04:53:40.439529   10365 logs.go:122] Gathering logs for describe nodes ...
I0603 04:53:40.439540   10365 ssh_runner.go:194] Run: /bin/bash -c "sudo /var/lib/minikube/binaries/v1.35.1/kubectl describe nodes --kubeconfig=/var/lib/minikube/kubeconfig"
W0603 04:53:40.505215   10365 logs.go:129] failed describe nodes: command: /bin/bash -c "sudo /var/lib/minikube/binaries/v1.35.1/kubectl describe nodes --kubeconfig=/var/lib/minikube/kubeconfig" /bin/bash -c "sudo /var/lib/minikube/binaries/v1.35.1/kubectl describe nodes --kubeconfig=/var/lib/minikube/kubeconfig": Process exited with status 1
stdout:

stderr:
E0603 01:53:40.494404   20516 memcache.go:265] "Unhandled Error" err="couldn't get current server API group list: Get \"https://localhost:8443/api?timeout=32s\": dial tcp [::1]:8443: connect: connection refused"
E0603 01:53:40.495196   20516 memcache.go:265] "Unhandled Error" err="couldn't get current server API group list: Get \"https://localhost:8443/api?timeout=32s\": dial tcp [::1]:8443: connect: connection refused"
E0603 01:53:40.497655   20516 memcache.go:265] "Unhandled Error" err="couldn't get current server API group list: Get \"https://localhost:8443/api?timeout=32s\": dial tcp [::1]:8443: connect: connection refused"
E0603 01:53:40.498720   20516 memcache.go:265] "Unhandled Error" err="couldn't get current server API group list: Get \"https://localhost:8443/api?timeout=32s\": dial tcp [::1]:8443: connect: connection refused"
E0603 01:53:40.499435   20516 memcache.go:265] "Unhandled Error" err="couldn't get current server API group list: Get \"https://localhost:8443/api?timeout=32s\": dial tcp [::1]:8443: connect: connection refused"
The connection to the server localhost:8443 was refused - did you specify the right host or port?
 output: 
** stderr ** 
E0603 01:53:40.494404   20516 memcache.go:265] "Unhandled Error" err="couldn't get current server API group list: Get \"https://localhost:8443/api?timeout=32s\": dial tcp [::1]:8443: connect: connection refused"
E0603 01:53:40.495196   20516 memcache.go:265] "Unhandled Error" err="couldn't get current server API group list: Get \"https://localhost:8443/api?timeout=32s\": dial tcp [::1]:8443: connect: connection refused"
E0603 01:53:40.497655   20516 memcache.go:265] "Unhandled Error" err="couldn't get current server API group list: Get \"https://localhost:8443/api?timeout=32s\": dial tcp [::1]:8443: connect: connection refused"
E0603 01:53:40.498720   20516 memcache.go:265] "Unhandled Error" err="couldn't get current server API group list: Get \"https://localhost:8443/api?timeout=32s\": dial tcp [::1]:8443: connect: connection refused"
E0603 01:53:40.499435   20516 memcache.go:265] "Unhandled Error" err="couldn't get current server API group list: Get \"https://localhost:8443/api?timeout=32s\": dial tcp [::1]:8443: connect: connection refused"
The connection to the server localhost:8443 was refused - did you specify the right host or port?

** /stderr **
I0603 04:53:40.505223   10365 logs.go:122] Gathering logs for etcd [349258b6df58] ...
I0603 04:53:40.505230   10365 ssh_runner.go:194] Run: /bin/bash -c "docker logs --tail 400 349258b6df58"
I0603 04:53:40.588161   10365 logs.go:122] Gathering logs for coredns [cd9183ebaff4] ...
I0603 04:53:40.588178   10365 ssh_runner.go:194] Run: /bin/bash -c "docker logs --tail 400 cd9183ebaff4"
I0603 04:53:40.615408   10365 logs.go:122] Gathering logs for controller_ingress [435dd4d847ee] ...
I0603 04:53:40.615420   10365 ssh_runner.go:194] Run: /bin/bash -c "docker logs --tail 400 435dd4d847ee"
I0603 04:53:40.644576   10365 logs.go:122] Gathering logs for storage-provisioner [4d2d81331688] ...
I0603 04:53:40.644590   10365 ssh_runner.go:194] Run: /bin/bash -c "docker logs --tail 400 4d2d81331688"
I0603 04:53:40.697962   10365 logs.go:122] Gathering logs for container status ...
I0603 04:53:40.697980   10365 ssh_runner.go:194] Run: /bin/bash -c "sudo `which crictl || echo crictl` ps -a || sudo docker ps -a"
I0603 04:53:41.744889   10365 kapi.go:81] temporary error: getting Pods with label selector "app.kubernetes.io/name=ingress-nginx" : [Get "https://127.0.0.1:32771/api/v1/namespaces/ingress-nginx/pods?labelSelector=app.kubernetes.io%2Fname%3Dingress-nginx": read tcp 127.0.0.1:46552->127.0.0.1:32771: read: connection reset by peer - error from a previous attempt: read tcp 127.0.0.1:46540->127.0.0.1:32771: read: connection reset by peer]
I0603 04:53:43.242472   10365 ssh_runner.go:194] Run: sudo pgrep -xnf kube-apiserver.*minikube.*
I0603 04:53:43.288944   10365 ssh_runner.go:194] Run: docker ps -a --filter=name=k8s_kube-apiserver --format={{.ID}}
I0603 04:53:43.317419   10365 logs.go:281] 2 containers: [42270be2365f 85e4dc7631be]
I0603 04:53:43.317503   10365 ssh_runner.go:194] Run: docker ps -a --filter=name=k8s_etcd --format={{.ID}}
I0603 04:53:43.345357   10365 logs.go:281] 2 containers: [349258b6df58 21e19412e264]
I0603 04:53:43.345428   10365 ssh_runner.go:194] Run: docker ps -a --filter=name=k8s_coredns --format={{.ID}}
I0603 04:53:43.369365   10365 logs.go:281] 2 containers: [ac03be6e1600 cd9183ebaff4]
I0603 04:53:43.369424   10365 ssh_runner.go:194] Run: docker ps -a --filter=name=k8s_kube-scheduler --format={{.ID}}
I0603 04:53:43.393302   10365 logs.go:281] 2 containers: [a19d97dd9309 b898e357825c]
I0603 04:53:43.393407   10365 ssh_runner.go:194] Run: docker ps -a --filter=name=k8s_kube-proxy --format={{.ID}}
I0603 04:53:43.418918   10365 logs.go:281] 2 containers: [d57eab1ae12c 613db8e8654c]
I0603 04:53:43.418982   10365 ssh_runner.go:194] Run: docker ps -a --filter=name=k8s_kube-controller-manager --format={{.ID}}
I0603 04:53:43.442774   10365 logs.go:281] 2 containers: [142a54608b27 06814c3285c9]
I0603 04:53:43.442843   10365 ssh_runner.go:194] Run: docker ps -a --filter=name=k8s_kindnet --format={{.ID}}
I0603 04:53:43.465722   10365 logs.go:281] 0 containers: []
W0603 04:53:43.465733   10365 logs.go:283] No container was found matching "kindnet"
I0603 04:53:43.465781   10365 ssh_runner.go:194] Run: docker ps -a --filter=name=k8s_controller_ingress --format={{.ID}}
I0603 04:53:43.488531   10365 logs.go:281] 1 containers: [435dd4d847ee]
I0603 04:53:43.488614   10365 ssh_runner.go:194] Run: docker ps -a --filter=name=k8s_storage-provisioner --format={{.ID}}
I0603 04:53:43.513731   10365 logs.go:281] 2 containers: [4d2d81331688 bbe49a8a0f86]
I0603 04:53:43.513756   10365 logs.go:122] Gathering logs for coredns [ac03be6e1600] ...
I0603 04:53:43.513765   10365 ssh_runner.go:194] Run: /bin/bash -c "docker logs --tail 400 ac03be6e1600"
I0603 04:53:43.546978   10365 logs.go:122] Gathering logs for dmesg ...
I0603 04:53:43.546992   10365 ssh_runner.go:194] Run: /bin/bash -c "sudo dmesg -PH -L=never --level warn,err,crit,alert,emerg | tail -n 400"
I0603 04:53:43.560072   10365 logs.go:122] Gathering logs for kube-apiserver [42270be2365f] ...
I0603 04:53:43.560085   10365 ssh_runner.go:194] Run: /bin/bash -c "docker logs --tail 400 42270be2365f"
I0603 04:53:43.607613   10365 logs.go:122] Gathering logs for coredns [cd9183ebaff4] ...
I0603 04:53:43.607629   10365 ssh_runner.go:194] Run: /bin/bash -c "docker logs --tail 400 cd9183ebaff4"
I0603 04:53:43.634485   10365 logs.go:122] Gathering logs for kube-controller-manager [06814c3285c9] ...
I0603 04:53:43.634497   10365 ssh_runner.go:194] Run: /bin/bash -c "docker logs --tail 400 06814c3285c9"
I0603 04:53:43.669636   10365 logs.go:122] Gathering logs for kubelet ...
I0603 04:53:43.669660   10365 ssh_runner.go:194] Run: /bin/bash -c "sudo journalctl -u kubelet -n 400"
I0603 04:53:43.712973   10365 logs.go:122] Gathering logs for describe nodes ...
I0603 04:53:43.712988   10365 ssh_runner.go:194] Run: /bin/bash -c "sudo /var/lib/minikube/binaries/v1.35.1/kubectl describe nodes --kubeconfig=/var/lib/minikube/kubeconfig"
W0603 04:53:43.777973   10365 logs.go:129] failed describe nodes: command: /bin/bash -c "sudo /var/lib/minikube/binaries/v1.35.1/kubectl describe nodes --kubeconfig=/var/lib/minikube/kubeconfig" /bin/bash -c "sudo /var/lib/minikube/binaries/v1.35.1/kubectl describe nodes --kubeconfig=/var/lib/minikube/kubeconfig": Process exited with status 1
stdout:

stderr:
E0603 01:53:43.768071   20765 memcache.go:265] "Unhandled Error" err="couldn't get current server API group list: Get \"https://localhost:8443/api?timeout=32s\": dial tcp [::1]:8443: connect: connection refused"
E0603 01:53:43.768774   20765 memcache.go:265] "Unhandled Error" err="couldn't get current server API group list: Get \"https://localhost:8443/api?timeout=32s\": dial tcp [::1]:8443: connect: connection refused"
E0603 01:53:43.770704   20765 memcache.go:265] "Unhandled Error" err="couldn't get current server API group list: Get \"https://localhost:8443/api?timeout=32s\": dial tcp [::1]:8443: connect: connection refused"
E0603 01:53:43.771274   20765 memcache.go:265] "Unhandled Error" err="couldn't get current server API group list: Get \"https://localhost:8443/api?timeout=32s\": dial tcp [::1]:8443: connect: connection refused"
E0603 01:53:43.773773   20765 memcache.go:265] "Unhandled Error" err="couldn't get current server API group list: Get \"https://localhost:8443/api?timeout=32s\": dial tcp [::1]:8443: connect: connection refused"
The connection to the server localhost:8443 was refused - did you specify the right host or port?
 output: 
** stderr ** 
E0603 01:53:43.768071   20765 memcache.go:265] "Unhandled Error" err="couldn't get current server API group list: Get \"https://localhost:8443/api?timeout=32s\": dial tcp [::1]:8443: connect: connection refused"
E0603 01:53:43.768774   20765 memcache.go:265] "Unhandled Error" err="couldn't get current server API group list: Get \"https://localhost:8443/api?timeout=32s\": dial tcp [::1]:8443: connect: connection refused"
E0603 01:53:43.770704   20765 memcache.go:265] "Unhandled Error" err="couldn't get current server API group list: Get \"https://localhost:8443/api?timeout=32s\": dial tcp [::1]:8443: connect: connection refused"
E0603 01:53:43.771274   20765 memcache.go:265] "Unhandled Error" err="couldn't get current server API group list: Get \"https://localhost:8443/api?timeout=32s\": dial tcp [::1]:8443: connect: connection refused"
E0603 01:53:43.773773   20765 memcache.go:265] "Unhandled Error" err="couldn't get current server API group list: Get \"https://localhost:8443/api?timeout=32s\": dial tcp [::1]:8443: connect: connection refused"
The connection to the server localhost:8443 was refused - did you specify the right host or port?

** /stderr **
I0603 04:53:43.777980   10365 logs.go:122] Gathering logs for kube-apiserver [85e4dc7631be] ...
I0603 04:53:43.777990   10365 ssh_runner.go:194] Run: /bin/bash -c "docker logs --tail 400 85e4dc7631be"
I0603 04:53:43.850882   10365 logs.go:122] Gathering logs for etcd [21e19412e264] ...
I0603 04:53:43.850901   10365 ssh_runner.go:194] Run: /bin/bash -c "docker logs --tail 400 21e19412e264"
I0603 04:53:43.891194   10365 logs.go:122] Gathering logs for kube-scheduler [a19d97dd9309] ...
I0603 04:53:43.891209   10365 ssh_runner.go:194] Run: /bin/bash -c "docker logs --tail 400 a19d97dd9309"
I0603 04:53:43.917733   10365 logs.go:122] Gathering logs for kube-scheduler [b898e357825c] ...
I0603 04:53:43.917745   10365 ssh_runner.go:194] Run: /bin/bash -c "docker logs --tail 400 b898e357825c"
I0603 04:53:43.951073   10365 logs.go:122] Gathering logs for kube-proxy [613db8e8654c] ...
I0603 04:53:43.951094   10365 ssh_runner.go:194] Run: /bin/bash -c "docker logs --tail 400 613db8e8654c"
I0603 04:53:43.978143   10365 logs.go:122] Gathering logs for kube-controller-manager [142a54608b27] ...
I0603 04:53:43.978166   10365 ssh_runner.go:194] Run: /bin/bash -c "docker logs --tail 400 142a54608b27"
I0603 04:53:44.013389   10365 logs.go:122] Gathering logs for kube-proxy [d57eab1ae12c] ...
I0603 04:53:44.013403   10365 ssh_runner.go:194] Run: /bin/bash -c "docker logs --tail 400 d57eab1ae12c"
I0603 04:53:44.052411   10365 logs.go:122] Gathering logs for controller_ingress [435dd4d847ee] ...
I0603 04:53:44.052423   10365 ssh_runner.go:194] Run: /bin/bash -c "docker logs --tail 400 435dd4d847ee"
I0603 04:53:44.086463   10365 logs.go:122] Gathering logs for storage-provisioner [4d2d81331688] ...
I0603 04:53:44.086479   10365 ssh_runner.go:194] Run: /bin/bash -c "docker logs --tail 400 4d2d81331688"
I0603 04:53:44.134091   10365 logs.go:122] Gathering logs for storage-provisioner [bbe49a8a0f86] ...
I0603 04:53:44.134107   10365 ssh_runner.go:194] Run: /bin/bash -c "docker logs --tail 400 bbe49a8a0f86"
I0603 04:53:44.176905   10365 logs.go:122] Gathering logs for Docker ...
I0603 04:53:44.176921   10365 ssh_runner.go:194] Run: /bin/bash -c "sudo journalctl -u docker -u cri-docker -n 400"
I0603 04:53:44.202762   10365 logs.go:122] Gathering logs for container status ...
I0603 04:53:44.202777   10365 ssh_runner.go:194] Run: /bin/bash -c "sudo `which crictl || echo crictl` ps -a || sudo docker ps -a"
I0603 04:53:44.243201   10365 logs.go:122] Gathering logs for etcd [349258b6df58] ...
I0603 04:53:44.243216   10365 ssh_runner.go:194] Run: /bin/bash -c "docker logs --tail 400 349258b6df58"
I0603 04:53:46.830502   10365 ssh_runner.go:194] Run: sudo pgrep -xnf kube-apiserver.*minikube.*
I0603 04:53:46.857743   10365 ssh_runner.go:194] Run: docker ps -a --filter=name=k8s_kube-apiserver --format={{.ID}}
I0603 04:53:46.885929   10365 logs.go:281] 2 containers: [42270be2365f 85e4dc7631be]
I0603 04:53:46.885988   10365 ssh_runner.go:194] Run: docker ps -a --filter=name=k8s_etcd --format={{.ID}}
I0603 04:53:46.912713   10365 logs.go:281] 2 containers: [349258b6df58 21e19412e264]
I0603 04:53:46.912771   10365 ssh_runner.go:194] Run: docker ps -a --filter=name=k8s_coredns --format={{.ID}}
I0603 04:53:46.937377   10365 logs.go:281] 2 containers: [ac03be6e1600 cd9183ebaff4]
I0603 04:53:46.937441   10365 ssh_runner.go:194] Run: docker ps -a --filter=name=k8s_kube-scheduler --format={{.ID}}
I0603 04:53:46.963328   10365 logs.go:281] 2 containers: [a19d97dd9309 b898e357825c]
I0603 04:53:46.963387   10365 ssh_runner.go:194] Run: docker ps -a --filter=name=k8s_kube-proxy --format={{.ID}}
I0603 04:53:46.986717   10365 logs.go:281] 2 containers: [d57eab1ae12c 613db8e8654c]
I0603 04:53:46.986786   10365 ssh_runner.go:194] Run: docker ps -a --filter=name=k8s_kube-controller-manager --format={{.ID}}
I0603 04:53:47.012630   10365 logs.go:281] 2 containers: [142a54608b27 06814c3285c9]
I0603 04:53:47.012690   10365 ssh_runner.go:194] Run: docker ps -a --filter=name=k8s_kindnet --format={{.ID}}
I0603 04:53:47.041081   10365 logs.go:281] 0 containers: []
W0603 04:53:47.041097   10365 logs.go:283] No container was found matching "kindnet"
I0603 04:53:47.041166   10365 ssh_runner.go:194] Run: docker ps -a --filter=name=k8s_controller_ingress --format={{.ID}}
I0603 04:53:47.070314   10365 logs.go:281] 1 containers: [435dd4d847ee]
I0603 04:53:47.070388   10365 ssh_runner.go:194] Run: docker ps -a --filter=name=k8s_storage-provisioner --format={{.ID}}
I0603 04:53:47.098787   10365 logs.go:281] 2 containers: [4d2d81331688 bbe49a8a0f86]
I0603 04:53:47.098815   10365 logs.go:122] Gathering logs for kube-scheduler [a19d97dd9309] ...
I0603 04:53:47.098828   10365 ssh_runner.go:194] Run: /bin/bash -c "docker logs --tail 400 a19d97dd9309"
I0603 04:53:47.125087   10365 logs.go:122] Gathering logs for kube-scheduler [b898e357825c] ...
I0603 04:53:47.125100   10365 ssh_runner.go:194] Run: /bin/bash -c "docker logs --tail 400 b898e357825c"
I0603 04:53:47.156213   10365 logs.go:122] Gathering logs for kube-proxy [613db8e8654c] ...
I0603 04:53:47.156226   10365 ssh_runner.go:194] Run: /bin/bash -c "docker logs --tail 400 613db8e8654c"
I0603 04:53:47.186522   10365 logs.go:122] Gathering logs for kubelet ...
I0603 04:53:47.186547   10365 ssh_runner.go:194] Run: /bin/bash -c "sudo journalctl -u kubelet -n 400"
I0603 04:53:47.231752   10365 logs.go:122] Gathering logs for dmesg ...
I0603 04:53:47.231770   10365 ssh_runner.go:194] Run: /bin/bash -c "sudo dmesg -PH -L=never --level warn,err,crit,alert,emerg | tail -n 400"
I0603 04:53:47.245032   10365 logs.go:122] Gathering logs for kube-apiserver [42270be2365f] ...
I0603 04:53:47.245050   10365 ssh_runner.go:194] Run: /bin/bash -c "docker logs --tail 400 42270be2365f"
I0603 04:53:47.293915   10365 logs.go:122] Gathering logs for kube-apiserver [85e4dc7631be] ...
I0603 04:53:47.293929   10365 ssh_runner.go:194] Run: /bin/bash -c "docker logs --tail 400 85e4dc7631be"
I0603 04:53:47.366045   10365 logs.go:122] Gathering logs for etcd [349258b6df58] ...
I0603 04:53:47.366063   10365 ssh_runner.go:194] Run: /bin/bash -c "docker logs --tail 400 349258b6df58"
I0603 04:53:47.452675   10365 logs.go:122] Gathering logs for coredns [cd9183ebaff4] ...
I0603 04:53:47.452692   10365 ssh_runner.go:194] Run: /bin/bash -c "docker logs --tail 400 cd9183ebaff4"
I0603 04:53:47.479841   10365 logs.go:122] Gathering logs for kube-controller-manager [06814c3285c9] ...
I0603 04:53:47.479854   10365 ssh_runner.go:194] Run: /bin/bash -c "docker logs --tail 400 06814c3285c9"
I0603 04:53:47.513986   10365 logs.go:122] Gathering logs for controller_ingress [435dd4d847ee] ...
I0603 04:53:47.514000   10365 ssh_runner.go:194] Run: /bin/bash -c "docker logs --tail 400 435dd4d847ee"
I0603 04:53:47.542867   10365 logs.go:122] Gathering logs for storage-provisioner [4d2d81331688] ...
I0603 04:53:47.542880   10365 ssh_runner.go:194] Run: /bin/bash -c "docker logs --tail 400 4d2d81331688"
I0603 04:53:47.589731   10365 logs.go:122] Gathering logs for kube-proxy [d57eab1ae12c] ...
I0603 04:53:47.589746   10365 ssh_runner.go:194] Run: /bin/bash -c "docker logs --tail 400 d57eab1ae12c"
I0603 04:53:47.617096   10365 logs.go:122] Gathering logs for kube-controller-manager [142a54608b27] ...
I0603 04:53:47.617108   10365 ssh_runner.go:194] Run: /bin/bash -c "docker logs --tail 400 142a54608b27"
I0603 04:53:47.651285   10365 logs.go:122] Gathering logs for describe nodes ...
I0603 04:53:47.651301   10365 ssh_runner.go:194] Run: /bin/bash -c "sudo /var/lib/minikube/binaries/v1.35.1/kubectl describe nodes --kubeconfig=/var/lib/minikube/kubeconfig"
W0603 04:53:47.722722   10365 logs.go:129] failed describe nodes: command: /bin/bash -c "sudo /var/lib/minikube/binaries/v1.35.1/kubectl describe nodes --kubeconfig=/var/lib/minikube/kubeconfig" /bin/bash -c "sudo /var/lib/minikube/binaries/v1.35.1/kubectl describe nodes --kubeconfig=/var/lib/minikube/kubeconfig": Process exited with status 1
stdout:

stderr:
E0603 01:53:47.712569   21169 memcache.go:265] "Unhandled Error" err="couldn't get current server API group list: Get \"https://localhost:8443/api?timeout=32s\": dial tcp [::1]:8443: connect: connection refused"
E0603 01:53:47.713405   21169 memcache.go:265] "Unhandled Error" err="couldn't get current server API group list: Get \"https://localhost:8443/api?timeout=32s\": dial tcp [::1]:8443: connect: connection refused"
E0603 01:53:47.715828   21169 memcache.go:265] "Unhandled Error" err="couldn't get current server API group list: Get \"https://localhost:8443/api?timeout=32s\": dial tcp [::1]:8443: connect: connection refused"
E0603 01:53:47.716691   21169 memcache.go:265] "Unhandled Error" err="couldn't get current server API group list: Get \"https://localhost:8443/api?timeout=32s\": dial tcp [::1]:8443: connect: connection refused"
E0603 01:53:47.718557   21169 memcache.go:265] "Unhandled Error" err="couldn't get current server API group list: Get \"https://localhost:8443/api?timeout=32s\": dial tcp [::1]:8443: connect: connection refused"
The connection to the server localhost:8443 was refused - did you specify the right host or port?
 output: 
** stderr ** 
E0603 01:53:47.712569   21169 memcache.go:265] "Unhandled Error" err="couldn't get current server API group list: Get \"https://localhost:8443/api?timeout=32s\": dial tcp [::1]:8443: connect: connection refused"
E0603 01:53:47.713405   21169 memcache.go:265] "Unhandled Error" err="couldn't get current server API group list: Get \"https://localhost:8443/api?timeout=32s\": dial tcp [::1]:8443: connect: connection refused"
E0603 01:53:47.715828   21169 memcache.go:265] "Unhandled Error" err="couldn't get current server API group list: Get \"https://localhost:8443/api?timeout=32s\": dial tcp [::1]:8443: connect: connection refused"
E0603 01:53:47.716691   21169 memcache.go:265] "Unhandled Error" err="couldn't get current server API group list: Get \"https://localhost:8443/api?timeout=32s\": dial tcp [::1]:8443: connect: connection refused"
E0603 01:53:47.718557   21169 memcache.go:265] "Unhandled Error" err="couldn't get current server API group list: Get \"https://localhost:8443/api?timeout=32s\": dial tcp [::1]:8443: connect: connection refused"
The connection to the server localhost:8443 was refused - did you specify the right host or port?

** /stderr **
I0603 04:53:47.722729   10365 logs.go:122] Gathering logs for coredns [ac03be6e1600] ...
I0603 04:53:47.722737   10365 ssh_runner.go:194] Run: /bin/bash -c "docker logs --tail 400 ac03be6e1600"
I0603 04:53:47.755792   10365 logs.go:122] Gathering logs for storage-provisioner [bbe49a8a0f86] ...
I0603 04:53:47.755806   10365 ssh_runner.go:194] Run: /bin/bash -c "docker logs --tail 400 bbe49a8a0f86"
I0603 04:53:47.802841   10365 logs.go:122] Gathering logs for Docker ...
I0603 04:53:47.802858   10365 ssh_runner.go:194] Run: /bin/bash -c "sudo journalctl -u docker -u cri-docker -n 400"
I0603 04:53:47.836086   10365 logs.go:122] Gathering logs for container status ...
I0603 04:53:47.836101   10365 ssh_runner.go:194] Run: /bin/bash -c "sudo `which crictl || echo crictl` ps -a || sudo docker ps -a"
I0603 04:53:47.881788   10365 logs.go:122] Gathering logs for etcd [21e19412e264] ...
I0603 04:53:47.881808   10365 ssh_runner.go:194] Run: /bin/bash -c "docker logs --tail 400 21e19412e264"
I0603 04:53:50.421846   10365 ssh_runner.go:194] Run: sudo pgrep -xnf kube-apiserver.*minikube.*
I0603 04:53:50.454702   10365 ssh_runner.go:194] Run: docker ps -a --filter=name=k8s_kube-apiserver --format={{.ID}}
I0603 04:53:50.504872   10365 logs.go:281] 2 containers: [42270be2365f 85e4dc7631be]
I0603 04:53:50.504972   10365 ssh_runner.go:194] Run: docker ps -a --filter=name=k8s_etcd --format={{.ID}}
I0603 04:53:50.563412   10365 logs.go:281] 2 containers: [349258b6df58 21e19412e264]
I0603 04:53:50.563552   10365 ssh_runner.go:194] Run: docker ps -a --filter=name=k8s_coredns --format={{.ID}}
I0603 04:53:50.619925   10365 logs.go:281] 2 containers: [ac03be6e1600 cd9183ebaff4]
I0603 04:53:50.620057   10365 ssh_runner.go:194] Run: docker ps -a --filter=name=k8s_kube-scheduler --format={{.ID}}
I0603 04:53:50.675474   10365 logs.go:281] 2 containers: [a19d97dd9309 b898e357825c]
I0603 04:53:50.675629   10365 ssh_runner.go:194] Run: docker ps -a --filter=name=k8s_kube-proxy --format={{.ID}}
I0603 04:53:50.727480   10365 logs.go:281] 2 containers: [d57eab1ae12c 613db8e8654c]
I0603 04:53:50.727615   10365 ssh_runner.go:194] Run: docker ps -a --filter=name=k8s_kube-controller-manager --format={{.ID}}
I0603 04:53:50.778947   10365 logs.go:281] 2 containers: [142a54608b27 06814c3285c9]
I0603 04:53:50.779053   10365 ssh_runner.go:194] Run: docker ps -a --filter=name=k8s_kindnet --format={{.ID}}
I0603 04:53:50.828244   10365 logs.go:281] 0 containers: []
W0603 04:53:50.828273   10365 logs.go:283] No container was found matching "kindnet"
I0603 04:53:50.828396   10365 ssh_runner.go:194] Run: docker ps -a --filter=name=k8s_controller_ingress --format={{.ID}}
I0603 04:53:50.876812   10365 logs.go:281] 1 containers: [435dd4d847ee]
I0603 04:53:50.876911   10365 ssh_runner.go:194] Run: docker ps -a --filter=name=k8s_storage-provisioner --format={{.ID}}
I0603 04:53:50.927910   10365 logs.go:281] 2 containers: [4d2d81331688 bbe49a8a0f86]
I0603 04:53:50.927952   10365 logs.go:122] Gathering logs for dmesg ...
I0603 04:53:50.927975   10365 ssh_runner.go:194] Run: /bin/bash -c "sudo dmesg -PH -L=never --level warn,err,crit,alert,emerg | tail -n 400"
I0603 04:53:50.957336   10365 logs.go:122] Gathering logs for kube-apiserver [42270be2365f] ...
I0603 04:53:50.957358   10365 ssh_runner.go:194] Run: /bin/bash -c "docker logs --tail 400 42270be2365f"
I0603 04:53:51.066277   10365 logs.go:122] Gathering logs for kube-apiserver [85e4dc7631be] ...
I0603 04:53:51.066302   10365 ssh_runner.go:194] Run: /bin/bash -c "docker logs --tail 400 85e4dc7631be"
I0603 04:53:51.226905   10365 logs.go:122] Gathering logs for etcd [21e19412e264] ...
I0603 04:53:51.226929   10365 ssh_runner.go:194] Run: /bin/bash -c "docker logs --tail 400 21e19412e264"
I0603 04:53:51.319608   10365 logs.go:122] Gathering logs for coredns [ac03be6e1600] ...
I0603 04:53:51.319734   10365 ssh_runner.go:194] Run: /bin/bash -c "docker logs --tail 400 ac03be6e1600"
I0603 04:53:51.389221   10365 logs.go:122] Gathering logs for kube-proxy [613db8e8654c] ...
I0603 04:53:51.389245   10365 ssh_runner.go:194] Run: /bin/bash -c "docker logs --tail 400 613db8e8654c"
I0603 04:53:51.446966   10365 logs.go:122] Gathering logs for Docker ...
I0603 04:53:51.446987   10365 ssh_runner.go:194] Run: /bin/bash -c "sudo journalctl -u docker -u cri-docker -n 400"
I0603 04:53:51.509514   10365 logs.go:122] Gathering logs for kubelet ...
I0603 04:53:51.509539   10365 ssh_runner.go:194] Run: /bin/bash -c "sudo journalctl -u kubelet -n 400"
I0603 04:53:51.621681   10365 logs.go:122] Gathering logs for etcd [349258b6df58] ...
I0603 04:53:51.621704   10365 ssh_runner.go:194] Run: /bin/bash -c "docker logs --tail 400 349258b6df58"
I0603 04:53:51.765167   10365 kapi.go:81] temporary error: getting Pods with label selector "app.kubernetes.io/name=ingress-nginx" : [Get "https://127.0.0.1:32771/api/v1/namespaces/ingress-nginx/pods?labelSelector=app.kubernetes.io%2Fname%3Dingress-nginx": read tcp 127.0.0.1:49314->127.0.0.1:32771: read: connection reset by peer - error from a previous attempt: read tcp 127.0.0.1:49310->127.0.0.1:32771: read: connection reset by peer]
I0603 04:53:51.802680   10365 logs.go:122] Gathering logs for coredns [cd9183ebaff4] ...
I0603 04:53:51.802705   10365 ssh_runner.go:194] Run: /bin/bash -c "docker logs --tail 400 cd9183ebaff4"
I0603 04:53:51.858482   10365 logs.go:122] Gathering logs for kube-scheduler [a19d97dd9309] ...
I0603 04:53:51.858510   10365 ssh_runner.go:194] Run: /bin/bash -c "docker logs --tail 400 a19d97dd9309"
I0603 04:53:51.914017   10365 logs.go:122] Gathering logs for kube-scheduler [b898e357825c] ...
I0603 04:53:51.914040   10365 ssh_runner.go:194] Run: /bin/bash -c "docker logs --tail 400 b898e357825c"
I0603 04:53:51.981605   10365 logs.go:122] Gathering logs for kube-controller-manager [06814c3285c9] ...
I0603 04:53:51.981633   10365 ssh_runner.go:194] Run: /bin/bash -c "docker logs --tail 400 06814c3285c9"
I0603 04:53:52.054942   10365 logs.go:122] Gathering logs for controller_ingress [435dd4d847ee] ...
I0603 04:53:52.054974   10365 ssh_runner.go:194] Run: /bin/bash -c "docker logs --tail 400 435dd4d847ee"
I0603 04:53:52.114627   10365 logs.go:122] Gathering logs for storage-provisioner [4d2d81331688] ...
I0603 04:53:52.114650   10365 ssh_runner.go:194] Run: /bin/bash -c "docker logs --tail 400 4d2d81331688"
I0603 04:53:52.214796   10365 logs.go:122] Gathering logs for describe nodes ...
I0603 04:53:52.214826   10365 ssh_runner.go:194] Run: /bin/bash -c "sudo /var/lib/minikube/binaries/v1.35.1/kubectl describe nodes --kubeconfig=/var/lib/minikube/kubeconfig"
W0603 04:53:52.346251   10365 logs.go:129] failed describe nodes: command: /bin/bash -c "sudo /var/lib/minikube/binaries/v1.35.1/kubectl describe nodes --kubeconfig=/var/lib/minikube/kubeconfig" /bin/bash -c "sudo /var/lib/minikube/binaries/v1.35.1/kubectl describe nodes --kubeconfig=/var/lib/minikube/kubeconfig": Process exited with status 1
stdout:

stderr:
E0603 01:53:52.332669   21510 memcache.go:265] "Unhandled Error" err="couldn't get current server API group list: Get \"https://localhost:8443/api?timeout=32s\": dial tcp [::1]:8443: connect: connection refused"
E0603 01:53:52.333852   21510 memcache.go:265] "Unhandled Error" err="couldn't get current server API group list: Get \"https://localhost:8443/api?timeout=32s\": dial tcp [::1]:8443: connect: connection refused"
E0603 01:53:52.335158   21510 memcache.go:265] "Unhandled Error" err="couldn't get current server API group list: Get \"https://localhost:8443/api?timeout=32s\": dial tcp [::1]:8443: connect: connection refused"
E0603 01:53:52.336618   21510 memcache.go:265] "Unhandled Error" err="couldn't get current server API group list: Get \"https://localhost:8443/api?timeout=32s\": dial tcp [::1]:8443: connect: connection refused"
E0603 01:53:52.337714   21510 memcache.go:265] "Unhandled Error" err="couldn't get current server API group list: Get \"https://localhost:8443/api?timeout=32s\": dial tcp [::1]:8443: connect: connection refused"
The connection to the server localhost:8443 was refused - did you specify the right host or port?
 output: 
** stderr ** 
E0603 01:53:52.332669   21510 memcache.go:265] "Unhandled Error" err="couldn't get current server API group list: Get \"https://localhost:8443/api?timeout=32s\": dial tcp [::1]:8443: connect: connection refused"
E0603 01:53:52.333852   21510 memcache.go:265] "Unhandled Error" err="couldn't get current server API group list: Get \"https://localhost:8443/api?timeout=32s\": dial tcp [::1]:8443: connect: connection refused"
E0603 01:53:52.335158   21510 memcache.go:265] "Unhandled Error" err="couldn't get current server API group list: Get \"https://localhost:8443/api?timeout=32s\": dial tcp [::1]:8443: connect: connection refused"
E0603 01:53:52.336618   21510 memcache.go:265] "Unhandled Error" err="couldn't get current server API group list: Get \"https://localhost:8443/api?timeout=32s\": dial tcp [::1]:8443: connect: connection refused"
E0603 01:53:52.337714   21510 memcache.go:265] "Unhandled Error" err="couldn't get current server API group list: Get \"https://localhost:8443/api?timeout=32s\": dial tcp [::1]:8443: connect: connection refused"
The connection to the server localhost:8443 was refused - did you specify the right host or port?

** /stderr **
I0603 04:53:52.346336   10365 logs.go:122] Gathering logs for kube-proxy [d57eab1ae12c] ...
I0603 04:53:52.346351   10365 ssh_runner.go:194] Run: /bin/bash -c "docker logs --tail 400 d57eab1ae12c"
I0603 04:53:52.401835   10365 logs.go:122] Gathering logs for storage-provisioner [bbe49a8a0f86] ...
I0603 04:53:52.401855   10365 ssh_runner.go:194] Run: /bin/bash -c "docker logs --tail 400 bbe49a8a0f86"
I0603 04:53:52.483925   10365 logs.go:122] Gathering logs for container status ...
I0603 04:53:52.483948   10365 ssh_runner.go:194] Run: /bin/bash -c "sudo `which crictl || echo crictl` ps -a || sudo docker ps -a"
I0603 04:53:52.607403   10365 logs.go:122] Gathering logs for kube-controller-manager [142a54608b27] ...
I0603 04:53:52.607424   10365 ssh_runner.go:194] Run: /bin/bash -c "docker logs --tail 400 142a54608b27"
I0603 04:53:55.188192   10365 ssh_runner.go:194] Run: sudo pgrep -xnf kube-apiserver.*minikube.*
I0603 04:53:55.204514   10365 ssh_runner.go:194] Run: docker ps -a --filter=name=k8s_kube-apiserver --format={{.ID}}
I0603 04:53:55.229045   10365 logs.go:281] 2 containers: [42270be2365f 85e4dc7631be]
I0603 04:53:55.229097   10365 ssh_runner.go:194] Run: docker ps -a --filter=name=k8s_etcd --format={{.ID}}
I0603 04:53:55.250430   10365 logs.go:281] 2 containers: [349258b6df58 21e19412e264]
I0603 04:53:55.250488   10365 ssh_runner.go:194] Run: docker ps -a --filter=name=k8s_coredns --format={{.ID}}
I0603 04:53:55.273300   10365 logs.go:281] 2 containers: [ac03be6e1600 cd9183ebaff4]
I0603 04:53:55.273358   10365 ssh_runner.go:194] Run: docker ps -a --filter=name=k8s_kube-scheduler --format={{.ID}}
I0603 04:53:55.299225   10365 logs.go:281] 2 containers: [a19d97dd9309 b898e357825c]
I0603 04:53:55.299281   10365 ssh_runner.go:194] Run: docker ps -a --filter=name=k8s_kube-proxy --format={{.ID}}
I0603 04:53:55.322438   10365 logs.go:281] 2 containers: [d57eab1ae12c 613db8e8654c]
I0603 04:53:55.322497   10365 ssh_runner.go:194] Run: docker ps -a --filter=name=k8s_kube-controller-manager --format={{.ID}}
I0603 04:53:55.346040   10365 logs.go:281] 2 containers: [142a54608b27 06814c3285c9]
I0603 04:53:55.346099   10365 ssh_runner.go:194] Run: docker ps -a --filter=name=k8s_kindnet --format={{.ID}}
I0603 04:53:55.367818   10365 logs.go:281] 0 containers: []
W0603 04:53:55.367828   10365 logs.go:283] No container was found matching "kindnet"
I0603 04:53:55.367872   10365 ssh_runner.go:194] Run: docker ps -a --filter=name=k8s_storage-provisioner --format={{.ID}}
I0603 04:53:55.390547   10365 logs.go:281] 2 containers: [4d2d81331688 bbe49a8a0f86]
I0603 04:53:55.390623   10365 ssh_runner.go:194] Run: docker ps -a --filter=name=k8s_controller_ingress --format={{.ID}}
I0603 04:53:55.413365   10365 logs.go:281] 1 containers: [435dd4d847ee]
I0603 04:53:55.413380   10365 logs.go:122] Gathering logs for etcd [349258b6df58] ...
I0603 04:53:55.413386   10365 ssh_runner.go:194] Run: /bin/bash -c "docker logs --tail 400 349258b6df58"
I0603 04:53:55.499590   10365 logs.go:122] Gathering logs for etcd [21e19412e264] ...
I0603 04:53:55.499605   10365 ssh_runner.go:194] Run: /bin/bash -c "docker logs --tail 400 21e19412e264"
I0603 04:53:55.563912   10365 logs.go:122] Gathering logs for kube-scheduler [a19d97dd9309] ...
I0603 04:53:55.563932   10365 ssh_runner.go:194] Run: /bin/bash -c "docker logs --tail 400 a19d97dd9309"
I0603 04:53:55.595609   10365 logs.go:122] Gathering logs for kube-scheduler [b898e357825c] ...
I0603 04:53:55.595630   10365 ssh_runner.go:194] Run: /bin/bash -c "docker logs --tail 400 b898e357825c"
I0603 04:53:55.626645   10365 logs.go:122] Gathering logs for kube-controller-manager [142a54608b27] ...
I0603 04:53:55.626658   10365 ssh_runner.go:194] Run: /bin/bash -c "docker logs --tail 400 142a54608b27"
I0603 04:53:55.660699   10365 logs.go:122] Gathering logs for kube-controller-manager [06814c3285c9] ...
I0603 04:53:55.660712   10365 ssh_runner.go:194] Run: /bin/bash -c "docker logs --tail 400 06814c3285c9"
I0603 04:53:55.694589   10365 logs.go:122] Gathering logs for kube-proxy [d57eab1ae12c] ...
I0603 04:53:55.694602   10365 ssh_runner.go:194] Run: /bin/bash -c "docker logs --tail 400 d57eab1ae12c"
I0603 04:53:55.720756   10365 logs.go:122] Gathering logs for kube-proxy [613db8e8654c] ...
I0603 04:53:55.720768   10365 ssh_runner.go:194] Run: /bin/bash -c "docker logs --tail 400 613db8e8654c"
I0603 04:53:55.745054   10365 logs.go:122] Gathering logs for storage-provisioner [4d2d81331688] ...
I0603 04:53:55.745065   10365 ssh_runner.go:194] Run: /bin/bash -c "docker logs --tail 400 4d2d81331688"
I0603 04:53:55.790543   10365 logs.go:122] Gathering logs for kubelet ...
I0603 04:53:55.790555   10365 ssh_runner.go:194] Run: /bin/bash -c "sudo journalctl -u kubelet -n 400"
I0603 04:53:55.829986   10365 logs.go:122] Gathering logs for kube-apiserver [42270be2365f] ...
I0603 04:53:55.830001   10365 ssh_runner.go:194] Run: /bin/bash -c "docker logs --tail 400 42270be2365f"
I0603 04:53:55.877460   10365 logs.go:122] Gathering logs for coredns [ac03be6e1600] ...
I0603 04:53:55.877475   10365 ssh_runner.go:194] Run: /bin/bash -c "docker logs --tail 400 ac03be6e1600"
I0603 04:53:55.909059   10365 logs.go:122] Gathering logs for container status ...
I0603 04:53:55.909071   10365 ssh_runner.go:194] Run: /bin/bash -c "sudo `which crictl || echo crictl` ps -a || sudo docker ps -a"
I0603 04:53:55.949777   10365 logs.go:122] Gathering logs for dmesg ...
I0603 04:53:55.949790   10365 ssh_runner.go:194] Run: /bin/bash -c "sudo dmesg -PH -L=never --level warn,err,crit,alert,emerg | tail -n 400"
I0603 04:53:55.963222   10365 logs.go:122] Gathering logs for coredns [cd9183ebaff4] ...
I0603 04:53:55.963233   10365 ssh_runner.go:194] Run: /bin/bash -c "docker logs --tail 400 cd9183ebaff4"
I0603 04:53:55.989150   10365 logs.go:122] Gathering logs for storage-provisioner [bbe49a8a0f86] ...
I0603 04:53:55.989160   10365 ssh_runner.go:194] Run: /bin/bash -c "docker logs --tail 400 bbe49a8a0f86"
I0603 04:53:56.027027   10365 logs.go:122] Gathering logs for controller_ingress [435dd4d847ee] ...
I0603 04:53:56.027041   10365 ssh_runner.go:194] Run: /bin/bash -c "docker logs --tail 400 435dd4d847ee"
I0603 04:53:56.055160   10365 logs.go:122] Gathering logs for Docker ...
I0603 04:53:56.055172   10365 ssh_runner.go:194] Run: /bin/bash -c "sudo journalctl -u docker -u cri-docker -n 400"
I0603 04:53:56.080610   10365 logs.go:122] Gathering logs for describe nodes ...
I0603 04:53:56.080633   10365 ssh_runner.go:194] Run: /bin/bash -c "sudo /var/lib/minikube/binaries/v1.35.1/kubectl describe nodes --kubeconfig=/var/lib/minikube/kubeconfig"
W0603 04:53:56.145778   10365 logs.go:129] failed describe nodes: command: /bin/bash -c "sudo /var/lib/minikube/binaries/v1.35.1/kubectl describe nodes --kubeconfig=/var/lib/minikube/kubeconfig" /bin/bash -c "sudo /var/lib/minikube/binaries/v1.35.1/kubectl describe nodes --kubeconfig=/var/lib/minikube/kubeconfig": Process exited with status 1
stdout:

stderr:
E0603 01:53:56.136245   21856 memcache.go:265] "Unhandled Error" err="couldn't get current server API group list: Get \"https://localhost:8443/api?timeout=32s\": dial tcp [::1]:8443: connect: connection refused"
E0603 01:53:56.136899   21856 memcache.go:265] "Unhandled Error" err="couldn't get current server API group list: Get \"https://localhost:8443/api?timeout=32s\": dial tcp [::1]:8443: connect: connection refused"
E0603 01:53:56.138738   21856 memcache.go:265] "Unhandled Error" err="couldn't get current server API group list: Get \"https://localhost:8443/api?timeout=32s\": dial tcp [::1]:8443: connect: connection refused"
E0603 01:53:56.139284   21856 memcache.go:265] "Unhandled Error" err="couldn't get current server API group list: Get \"https://localhost:8443/api?timeout=32s\": dial tcp [::1]:8443: connect: connection refused"
E0603 01:53:56.141117   21856 memcache.go:265] "Unhandled Error" err="couldn't get current server API group list: Get \"https://localhost:8443/api?timeout=32s\": dial tcp [::1]:8443: connect: connection refused"
The connection to the server localhost:8443 was refused - did you specify the right host or port?
 output: 
** stderr ** 
E0603 01:53:56.136245   21856 memcache.go:265] "Unhandled Error" err="couldn't get current server API group list: Get \"https://localhost:8443/api?timeout=32s\": dial tcp [::1]:8443: connect: connection refused"
E0603 01:53:56.136899   21856 memcache.go:265] "Unhandled Error" err="couldn't get current server API group list: Get \"https://localhost:8443/api?timeout=32s\": dial tcp [::1]:8443: connect: connection refused"
E0603 01:53:56.138738   21856 memcache.go:265] "Unhandled Error" err="couldn't get current server API group list: Get \"https://localhost:8443/api?timeout=32s\": dial tcp [::1]:8443: connect: connection refused"
E0603 01:53:56.139284   21856 memcache.go:265] "Unhandled Error" err="couldn't get current server API group list: Get \"https://localhost:8443/api?timeout=32s\": dial tcp [::1]:8443: connect: connection refused"
E0603 01:53:56.141117   21856 memcache.go:265] "Unhandled Error" err="couldn't get current server API group list: Get \"https://localhost:8443/api?timeout=32s\": dial tcp [::1]:8443: connect: connection refused"
The connection to the server localhost:8443 was refused - did you specify the right host or port?

** /stderr **
I0603 04:53:56.145786   10365 logs.go:122] Gathering logs for kube-apiserver [85e4dc7631be] ...
I0603 04:53:56.145793   10365 ssh_runner.go:194] Run: /bin/bash -c "docker logs --tail 400 85e4dc7631be"
I0603 04:53:58.716986   10365 ssh_runner.go:194] Run: sudo pgrep -xnf kube-apiserver.*minikube.*
I0603 04:53:58.733748   10365 ssh_runner.go:194] Run: docker ps -a --filter=name=k8s_kube-apiserver --format={{.ID}}
I0603 04:53:58.759453   10365 logs.go:281] 2 containers: [42270be2365f 85e4dc7631be]
I0603 04:53:58.759538   10365 ssh_runner.go:194] Run: docker ps -a --filter=name=k8s_etcd --format={{.ID}}
I0603 04:53:58.783167   10365 logs.go:281] 2 containers: [349258b6df58 21e19412e264]
I0603 04:53:58.783229   10365 ssh_runner.go:194] Run: docker ps -a --filter=name=k8s_coredns --format={{.ID}}
I0603 04:53:58.806433   10365 logs.go:281] 2 containers: [ac03be6e1600 cd9183ebaff4]
I0603 04:53:58.806492   10365 ssh_runner.go:194] Run: docker ps -a --filter=name=k8s_kube-scheduler --format={{.ID}}
I0603 04:53:58.829656   10365 logs.go:281] 2 containers: [a19d97dd9309 b898e357825c]
I0603 04:53:58.829717   10365 ssh_runner.go:194] Run: docker ps -a --filter=name=k8s_kube-proxy --format={{.ID}}
I0603 04:53:58.852730   10365 logs.go:281] 2 containers: [d57eab1ae12c 613db8e8654c]
I0603 04:53:58.852798   10365 ssh_runner.go:194] Run: docker ps -a --filter=name=k8s_kube-controller-manager --format={{.ID}}
I0603 04:53:58.876832   10365 logs.go:281] 2 containers: [142a54608b27 06814c3285c9]
I0603 04:53:58.876903   10365 ssh_runner.go:194] Run: docker ps -a --filter=name=k8s_kindnet --format={{.ID}}
I0603 04:53:58.899413   10365 logs.go:281] 0 containers: []
W0603 04:53:58.899424   10365 logs.go:283] No container was found matching "kindnet"
I0603 04:53:58.899478   10365 ssh_runner.go:194] Run: docker ps -a --filter=name=k8s_controller_ingress --format={{.ID}}
I0603 04:53:58.924183   10365 logs.go:281] 1 containers: [435dd4d847ee]
I0603 04:53:58.924263   10365 ssh_runner.go:194] Run: docker ps -a --filter=name=k8s_storage-provisioner --format={{.ID}}
I0603 04:53:58.951664   10365 logs.go:281] 2 containers: [4d2d81331688 bbe49a8a0f86]
I0603 04:53:58.951692   10365 logs.go:122] Gathering logs for kube-proxy [d57eab1ae12c] ...
I0603 04:53:58.951704   10365 ssh_runner.go:194] Run: /bin/bash -c "docker logs --tail 400 d57eab1ae12c"
I0603 04:53:58.981077   10365 logs.go:122] Gathering logs for dmesg ...
I0603 04:53:58.981088   10365 ssh_runner.go:194] Run: /bin/bash -c "sudo dmesg -PH -L=never --level warn,err,crit,alert,emerg | tail -n 400"
I0603 04:53:58.994299   10365 logs.go:122] Gathering logs for etcd [349258b6df58] ...
I0603 04:53:58.994314   10365 ssh_runner.go:194] Run: /bin/bash -c "docker logs --tail 400 349258b6df58"
I0603 04:53:59.076400   10365 logs.go:122] Gathering logs for coredns [cd9183ebaff4] ...
I0603 04:53:59.076418   10365 ssh_runner.go:194] Run: /bin/bash -c "docker logs --tail 400 cd9183ebaff4"
I0603 04:53:59.103051   10365 logs.go:122] Gathering logs for kube-scheduler [a19d97dd9309] ...
I0603 04:53:59.103062   10365 ssh_runner.go:194] Run: /bin/bash -c "docker logs --tail 400 a19d97dd9309"
I0603 04:53:59.139459   10365 logs.go:122] Gathering logs for storage-provisioner [4d2d81331688] ...
I0603 04:53:59.139499   10365 ssh_runner.go:194] Run: /bin/bash -c "docker logs --tail 400 4d2d81331688"
I0603 04:53:59.202783   10365 logs.go:122] Gathering logs for storage-provisioner [bbe49a8a0f86] ...
I0603 04:53:59.202800   10365 ssh_runner.go:194] Run: /bin/bash -c "docker logs --tail 400 bbe49a8a0f86"
I0603 04:53:59.254718   10365 logs.go:122] Gathering logs for Docker ...
I0603 04:53:59.254734   10365 ssh_runner.go:194] Run: /bin/bash -c "sudo journalctl -u docker -u cri-docker -n 400"
I0603 04:53:59.292259   10365 logs.go:122] Gathering logs for describe nodes ...
I0603 04:53:59.292282   10365 ssh_runner.go:194] Run: /bin/bash -c "sudo /var/lib/minikube/binaries/v1.35.1/kubectl describe nodes --kubeconfig=/var/lib/minikube/kubeconfig"
W0603 04:53:59.369770   10365 logs.go:129] failed describe nodes: command: /bin/bash -c "sudo /var/lib/minikube/binaries/v1.35.1/kubectl describe nodes --kubeconfig=/var/lib/minikube/kubeconfig" /bin/bash -c "sudo /var/lib/minikube/binaries/v1.35.1/kubectl describe nodes --kubeconfig=/var/lib/minikube/kubeconfig": Process exited with status 1
stdout:

stderr:
E0603 01:53:59.359969   22089 memcache.go:265] "Unhandled Error" err="couldn't get current server API group list: Get \"https://localhost:8443/api?timeout=32s\": dial tcp [::1]:8443: connect: connection refused"
E0603 01:53:59.360683   22089 memcache.go:265] "Unhandled Error" err="couldn't get current server API group list: Get \"https://localhost:8443/api?timeout=32s\": dial tcp [::1]:8443: connect: connection refused"
E0603 01:53:59.363046   22089 memcache.go:265] "Unhandled Error" err="couldn't get current server API group list: Get \"https://localhost:8443/api?timeout=32s\": dial tcp [::1]:8443: connect: connection refused"
E0603 01:53:59.363780   22089 memcache.go:265] "Unhandled Error" err="couldn't get current server API group list: Get \"https://localhost:8443/api?timeout=32s\": dial tcp [::1]:8443: connect: connection refused"
E0603 01:53:59.365520   22089 memcache.go:265] "Unhandled Error" err="couldn't get current server API group list: Get \"https://localhost:8443/api?timeout=32s\": dial tcp [::1]:8443: connect: connection refused"
The connection to the server localhost:8443 was refused - did you specify the right host or port?
 output: 
** stderr ** 
E0603 01:53:59.359969   22089 memcache.go:265] "Unhandled Error" err="couldn't get current server API group list: Get \"https://localhost:8443/api?timeout=32s\": dial tcp [::1]:8443: connect: connection refused"
E0603 01:53:59.360683   22089 memcache.go:265] "Unhandled Error" err="couldn't get current server API group list: Get \"https://localhost:8443/api?timeout=32s\": dial tcp [::1]:8443: connect: connection refused"
E0603 01:53:59.363046   22089 memcache.go:265] "Unhandled Error" err="couldn't get current server API group list: Get \"https://localhost:8443/api?timeout=32s\": dial tcp [::1]:8443: connect: connection refused"
E0603 01:53:59.363780   22089 memcache.go:265] "Unhandled Error" err="couldn't get current server API group list: Get \"https://localhost:8443/api?timeout=32s\": dial tcp [::1]:8443: connect: connection refused"
E0603 01:53:59.365520   22089 memcache.go:265] "Unhandled Error" err="couldn't get current server API group list: Get \"https://localhost:8443/api?timeout=32s\": dial tcp [::1]:8443: connect: connection refused"
The connection to the server localhost:8443 was refused - did you specify the right host or port?

** /stderr **
I0603 04:53:59.369778   10365 logs.go:122] Gathering logs for kube-apiserver [85e4dc7631be] ...
I0603 04:53:59.369787   10365 ssh_runner.go:194] Run: /bin/bash -c "docker logs --tail 400 85e4dc7631be"
I0603 04:53:59.452519   10365 logs.go:122] Gathering logs for etcd [21e19412e264] ...
I0603 04:53:59.452534   10365 ssh_runner.go:194] Run: /bin/bash -c "docker logs --tail 400 21e19412e264"
I0603 04:53:59.495930   10365 logs.go:122] Gathering logs for kube-controller-manager [142a54608b27] ...
I0603 04:53:59.495946   10365 ssh_runner.go:194] Run: /bin/bash -c "docker logs --tail 400 142a54608b27"
I0603 04:53:59.531754   10365 logs.go:122] Gathering logs for kubelet ...
I0603 04:53:59.531773   10365 ssh_runner.go:194] Run: /bin/bash -c "sudo journalctl -u kubelet -n 400"
I0603 04:53:59.576732   10365 logs.go:122] Gathering logs for kube-apiserver [42270be2365f] ...
I0603 04:53:59.576750   10365 ssh_runner.go:194] Run: /bin/bash -c "docker logs --tail 400 42270be2365f"
I0603 04:53:59.629889   10365 logs.go:122] Gathering logs for kube-scheduler [b898e357825c] ...
I0603 04:53:59.629909   10365 ssh_runner.go:194] Run: /bin/bash -c "docker logs --tail 400 b898e357825c"
I0603 04:53:59.663007   10365 logs.go:122] Gathering logs for kube-proxy [613db8e8654c] ...
I0603 04:53:59.663019   10365 ssh_runner.go:194] Run: /bin/bash -c "docker logs --tail 400 613db8e8654c"
I0603 04:53:59.690188   10365 logs.go:122] Gathering logs for kube-controller-manager [06814c3285c9] ...
I0603 04:53:59.690199   10365 ssh_runner.go:194] Run: /bin/bash -c "docker logs --tail 400 06814c3285c9"
I0603 04:53:59.725603   10365 logs.go:122] Gathering logs for controller_ingress [435dd4d847ee] ...
I0603 04:53:59.725617   10365 ssh_runner.go:194] Run: /bin/bash -c "docker logs --tail 400 435dd4d847ee"
I0603 04:53:59.755565   10365 logs.go:122] Gathering logs for container status ...
I0603 04:53:59.755580   10365 ssh_runner.go:194] Run: /bin/bash -c "sudo `which crictl || echo crictl` ps -a || sudo docker ps -a"
I0603 04:53:59.802499   10365 logs.go:122] Gathering logs for coredns [ac03be6e1600] ...
I0603 04:53:59.802511   10365 ssh_runner.go:194] Run: /bin/bash -c "docker logs --tail 400 ac03be6e1600"
I0603 04:54:01.783586   10365 kapi.go:81] temporary error: getting Pods with label selector "app.kubernetes.io/name=ingress-nginx" : [Get "https://127.0.0.1:32771/api/v1/namespaces/ingress-nginx/pods?labelSelector=app.kubernetes.io%2Fname%3Dingress-nginx": EOF - error from a previous attempt: read tcp 127.0.0.1:36674->127.0.0.1:32771: read: connection reset by peer]
I0603 04:54:02.337302   10365 ssh_runner.go:194] Run: sudo pgrep -xnf kube-apiserver.*minikube.*
I0603 04:54:02.352102   10365 ssh_runner.go:194] Run: docker ps -a --filter=name=k8s_kube-apiserver --format={{.ID}}
I0603 04:54:02.375874   10365 logs.go:281] 2 containers: [42270be2365f 85e4dc7631be]
I0603 04:54:02.375953   10365 ssh_runner.go:194] Run: docker ps -a --filter=name=k8s_etcd --format={{.ID}}
I0603 04:54:02.399549   10365 logs.go:281] 2 containers: [349258b6df58 21e19412e264]
I0603 04:54:02.399672   10365 ssh_runner.go:194] Run: docker ps -a --filter=name=k8s_coredns --format={{.ID}}
I0603 04:54:02.422851   10365 logs.go:281] 2 containers: [ac03be6e1600 cd9183ebaff4]
I0603 04:54:02.422937   10365 ssh_runner.go:194] Run: docker ps -a --filter=name=k8s_kube-scheduler --format={{.ID}}
I0603 04:54:02.447134   10365 logs.go:281] 2 containers: [a19d97dd9309 b898e357825c]
I0603 04:54:02.447235   10365 ssh_runner.go:194] Run: docker ps -a --filter=name=k8s_kube-proxy --format={{.ID}}
I0603 04:54:02.471063   10365 logs.go:281] 2 containers: [d57eab1ae12c 613db8e8654c]
I0603 04:54:02.471134   10365 ssh_runner.go:194] Run: docker ps -a --filter=name=k8s_kube-controller-manager --format={{.ID}}
I0603 04:54:02.495471   10365 logs.go:281] 2 containers: [142a54608b27 06814c3285c9]
I0603 04:54:02.495548   10365 ssh_runner.go:194] Run: docker ps -a --filter=name=k8s_kindnet --format={{.ID}}
I0603 04:54:02.518493   10365 logs.go:281] 0 containers: []
W0603 04:54:02.518506   10365 logs.go:283] No container was found matching "kindnet"
I0603 04:54:02.518561   10365 ssh_runner.go:194] Run: docker ps -a --filter=name=k8s_controller_ingress --format={{.ID}}
I0603 04:54:02.544449   10365 logs.go:281] 1 containers: [435dd4d847ee]
I0603 04:54:02.544510   10365 ssh_runner.go:194] Run: docker ps -a --filter=name=k8s_storage-provisioner --format={{.ID}}
I0603 04:54:02.568060   10365 logs.go:281] 2 containers: [4d2d81331688 bbe49a8a0f86]
I0603 04:54:02.568076   10365 logs.go:122] Gathering logs for kube-apiserver [42270be2365f] ...
I0603 04:54:02.568083   10365 ssh_runner.go:194] Run: /bin/bash -c "docker logs --tail 400 42270be2365f"
I0603 04:54:02.617850   10365 logs.go:122] Gathering logs for etcd [21e19412e264] ...
I0603 04:54:02.617864   10365 ssh_runner.go:194] Run: /bin/bash -c "docker logs --tail 400 21e19412e264"
I0603 04:54:02.658955   10365 logs.go:122] Gathering logs for kube-scheduler [a19d97dd9309] ...
I0603 04:54:02.658971   10365 ssh_runner.go:194] Run: /bin/bash -c "docker logs --tail 400 a19d97dd9309"
I0603 04:54:02.684127   10365 logs.go:122] Gathering logs for kube-proxy [d57eab1ae12c] ...
I0603 04:54:02.684139   10365 ssh_runner.go:194] Run: /bin/bash -c "docker logs --tail 400 d57eab1ae12c"
I0603 04:54:02.711843   10365 logs.go:122] Gathering logs for storage-provisioner [bbe49a8a0f86] ...
I0603 04:54:02.711856   10365 ssh_runner.go:194] Run: /bin/bash -c "docker logs --tail 400 bbe49a8a0f86"
I0603 04:54:02.753618   10365 logs.go:122] Gathering logs for container status ...
I0603 04:54:02.753632   10365 ssh_runner.go:194] Run: /bin/bash -c "sudo `which crictl || echo crictl` ps -a || sudo docker ps -a"
I0603 04:54:02.797415   10365 logs.go:122] Gathering logs for kubelet ...
I0603 04:54:02.797427   10365 ssh_runner.go:194] Run: /bin/bash -c "sudo journalctl -u kubelet -n 400"
I0603 04:54:02.839397   10365 logs.go:122] Gathering logs for coredns [ac03be6e1600] ...
I0603 04:54:02.839416   10365 ssh_runner.go:194] Run: /bin/bash -c "docker logs --tail 400 ac03be6e1600"
I0603 04:54:02.877653   10365 logs.go:122] Gathering logs for storage-provisioner [4d2d81331688] ...
I0603 04:54:02.877671   10365 ssh_runner.go:194] Run: /bin/bash -c "docker logs --tail 400 4d2d81331688"
I0603 04:54:02.922265   10365 logs.go:122] Gathering logs for describe nodes ...
I0603 04:54:02.922280   10365 ssh_runner.go:194] Run: /bin/bash -c "sudo /var/lib/minikube/binaries/v1.35.1/kubectl describe nodes --kubeconfig=/var/lib/minikube/kubeconfig"
W0603 04:54:02.988709   10365 logs.go:129] failed describe nodes: command: /bin/bash -c "sudo /var/lib/minikube/binaries/v1.35.1/kubectl describe nodes --kubeconfig=/var/lib/minikube/kubeconfig" /bin/bash -c "sudo /var/lib/minikube/binaries/v1.35.1/kubectl describe nodes --kubeconfig=/var/lib/minikube/kubeconfig": Process exited with status 1
stdout:

stderr:
E0603 01:54:02.978023   22426 memcache.go:265] "Unhandled Error" err="couldn't get current server API group list: Get \"https://localhost:8443/api?timeout=32s\": dial tcp [::1]:8443: connect: connection refused"
E0603 01:54:02.978701   22426 memcache.go:265] "Unhandled Error" err="couldn't get current server API group list: Get \"https://localhost:8443/api?timeout=32s\": dial tcp [::1]:8443: connect: connection refused"
E0603 01:54:02.981631   22426 memcache.go:265] "Unhandled Error" err="couldn't get current server API group list: Get \"https://localhost:8443/api?timeout=32s\": dial tcp [::1]:8443: connect: connection refused"
E0603 01:54:02.982411   22426 memcache.go:265] "Unhandled Error" err="couldn't get current server API group list: Get \"https://localhost:8443/api?timeout=32s\": dial tcp [::1]:8443: connect: connection refused"
E0603 01:54:02.984409   22426 memcache.go:265] "Unhandled Error" err="couldn't get current server API group list: Get \"https://localhost:8443/api?timeout=32s\": dial tcp [::1]:8443: connect: connection refused"
The connection to the server localhost:8443 was refused - did you specify the right host or port?
 output: 
** stderr ** 
E0603 01:54:02.978023   22426 memcache.go:265] "Unhandled Error" err="couldn't get current server API group list: Get \"https://localhost:8443/api?timeout=32s\": dial tcp [::1]:8443: connect: connection refused"
E0603 01:54:02.978701   22426 memcache.go:265] "Unhandled Error" err="couldn't get current server API group list: Get \"https://localhost:8443/api?timeout=32s\": dial tcp [::1]:8443: connect: connection refused"
E0603 01:54:02.981631   22426 memcache.go:265] "Unhandled Error" err="couldn't get current server API group list: Get \"https://localhost:8443/api?timeout=32s\": dial tcp [::1]:8443: connect: connection refused"
E0603 01:54:02.982411   22426 memcache.go:265] "Unhandled Error" err="couldn't get current server API group list: Get \"https://localhost:8443/api?timeout=32s\": dial tcp [::1]:8443: connect: connection refused"
E0603 01:54:02.984409   22426 memcache.go:265] "Unhandled Error" err="couldn't get current server API group list: Get \"https://localhost:8443/api?timeout=32s\": dial tcp [::1]:8443: connect: connection refused"
The connection to the server localhost:8443 was refused - did you specify the right host or port?

** /stderr **
I0603 04:54:02.988718   10365 logs.go:122] Gathering logs for coredns [cd9183ebaff4] ...
I0603 04:54:02.988727   10365 ssh_runner.go:194] Run: /bin/bash -c "docker logs --tail 400 cd9183ebaff4"
I0603 04:54:03.014641   10365 logs.go:122] Gathering logs for kube-controller-manager [142a54608b27] ...
I0603 04:54:03.014656   10365 ssh_runner.go:194] Run: /bin/bash -c "docker logs --tail 400 142a54608b27"
I0603 04:54:03.058014   10365 logs.go:122] Gathering logs for controller_ingress [435dd4d847ee] ...
I0603 04:54:03.058030   10365 ssh_runner.go:194] Run: /bin/bash -c "docker logs --tail 400 435dd4d847ee"
I0603 04:54:03.091560   10365 logs.go:122] Gathering logs for Docker ...
I0603 04:54:03.091572   10365 ssh_runner.go:194] Run: /bin/bash -c "sudo journalctl -u docker -u cri-docker -n 400"
I0603 04:54:03.117893   10365 logs.go:122] Gathering logs for kube-apiserver [85e4dc7631be] ...
I0603 04:54:03.117911   10365 ssh_runner.go:194] Run: /bin/bash -c "docker logs --tail 400 85e4dc7631be"
I0603 04:54:03.188910   10365 logs.go:122] Gathering logs for etcd [349258b6df58] ...
I0603 04:54:03.188928   10365 ssh_runner.go:194] Run: /bin/bash -c "docker logs --tail 400 349258b6df58"
I0603 04:54:03.267233   10365 logs.go:122] Gathering logs for kube-scheduler [b898e357825c] ...
I0603 04:54:03.267249   10365 ssh_runner.go:194] Run: /bin/bash -c "docker logs --tail 400 b898e357825c"
I0603 04:54:03.300347   10365 logs.go:122] Gathering logs for kube-proxy [613db8e8654c] ...
I0603 04:54:03.300361   10365 ssh_runner.go:194] Run: /bin/bash -c "docker logs --tail 400 613db8e8654c"
I0603 04:54:03.328087   10365 logs.go:122] Gathering logs for kube-controller-manager [06814c3285c9] ...
I0603 04:54:03.328102   10365 ssh_runner.go:194] Run: /bin/bash -c "docker logs --tail 400 06814c3285c9"
I0603 04:54:03.364245   10365 logs.go:122] Gathering logs for dmesg ...
I0603 04:54:03.364258   10365 ssh_runner.go:194] Run: /bin/bash -c "sudo dmesg -PH -L=never --level warn,err,crit,alert,emerg | tail -n 400"
I0603 04:54:05.879511   10365 ssh_runner.go:194] Run: sudo pgrep -xnf kube-apiserver.*minikube.*
I0603 04:54:05.893321   10365 ssh_runner.go:194] Run: docker ps -a --filter=name=k8s_kube-apiserver --format={{.ID}}
I0603 04:54:05.917245   10365 logs.go:281] 2 containers: [42270be2365f 85e4dc7631be]
I0603 04:54:05.917304   10365 ssh_runner.go:194] Run: docker ps -a --filter=name=k8s_etcd --format={{.ID}}
I0603 04:54:05.940726   10365 logs.go:281] 2 containers: [349258b6df58 21e19412e264]
I0603 04:54:05.940783   10365 ssh_runner.go:194] Run: docker ps -a --filter=name=k8s_coredns --format={{.ID}}
I0603 04:54:05.964791   10365 logs.go:281] 2 containers: [ac03be6e1600 cd9183ebaff4]
I0603 04:54:05.964851   10365 ssh_runner.go:194] Run: docker ps -a --filter=name=k8s_kube-scheduler --format={{.ID}}
I0603 04:54:05.988127   10365 logs.go:281] 2 containers: [a19d97dd9309 b898e357825c]
I0603 04:54:05.988365   10365 ssh_runner.go:194] Run: docker ps -a --filter=name=k8s_kube-proxy --format={{.ID}}
I0603 04:54:06.012119   10365 logs.go:281] 2 containers: [d57eab1ae12c 613db8e8654c]
I0603 04:54:06.012185   10365 ssh_runner.go:194] Run: docker ps -a --filter=name=k8s_kube-controller-manager --format={{.ID}}
I0603 04:54:06.038736   10365 logs.go:281] 2 containers: [142a54608b27 06814c3285c9]
I0603 04:54:06.038808   10365 ssh_runner.go:194] Run: docker ps -a --filter=name=k8s_kindnet --format={{.ID}}
I0603 04:54:06.067746   10365 logs.go:281] 0 containers: []
W0603 04:54:06.067758   10365 logs.go:283] No container was found matching "kindnet"
I0603 04:54:06.067812   10365 ssh_runner.go:194] Run: docker ps -a --filter=name=k8s_controller_ingress --format={{.ID}}
I0603 04:54:06.096008   10365 logs.go:281] 1 containers: [435dd4d847ee]
I0603 04:54:06.096087   10365 ssh_runner.go:194] Run: docker ps -a --filter=name=k8s_storage-provisioner --format={{.ID}}
I0603 04:54:06.118733   10365 logs.go:281] 2 containers: [4d2d81331688 bbe49a8a0f86]
I0603 04:54:06.118756   10365 logs.go:122] Gathering logs for storage-provisioner [bbe49a8a0f86] ...
I0603 04:54:06.118765   10365 ssh_runner.go:194] Run: /bin/bash -c "docker logs --tail 400 bbe49a8a0f86"
I0603 04:54:06.161440   10365 logs.go:122] Gathering logs for kubelet ...
I0603 04:54:06.161455   10365 ssh_runner.go:194] Run: /bin/bash -c "sudo journalctl -u kubelet -n 400"
I0603 04:54:06.202883   10365 logs.go:122] Gathering logs for dmesg ...
I0603 04:54:06.202900   10365 ssh_runner.go:194] Run: /bin/bash -c "sudo dmesg -PH -L=never --level warn,err,crit,alert,emerg | tail -n 400"
I0603 04:54:06.216784   10365 logs.go:122] Gathering logs for etcd [349258b6df58] ...
I0603 04:54:06.216797   10365 ssh_runner.go:194] Run: /bin/bash -c "docker logs --tail 400 349258b6df58"
I0603 04:54:06.302719   10365 logs.go:122] Gathering logs for kube-scheduler [a19d97dd9309] ...
I0603 04:54:06.302736   10365 ssh_runner.go:194] Run: /bin/bash -c "docker logs --tail 400 a19d97dd9309"
I0603 04:54:06.329933   10365 logs.go:122] Gathering logs for kube-controller-manager [142a54608b27] ...
I0603 04:54:06.329944   10365 ssh_runner.go:194] Run: /bin/bash -c "docker logs --tail 400 142a54608b27"
I0603 04:54:06.368133   10365 logs.go:122] Gathering logs for Docker ...
I0603 04:54:06.368146   10365 ssh_runner.go:194] Run: /bin/bash -c "sudo journalctl -u docker -u cri-docker -n 400"
I0603 04:54:06.394446   10365 logs.go:122] Gathering logs for coredns [ac03be6e1600] ...
I0603 04:54:06.394459   10365 ssh_runner.go:194] Run: /bin/bash -c "docker logs --tail 400 ac03be6e1600"
I0603 04:54:06.428286   10365 logs.go:122] Gathering logs for coredns [cd9183ebaff4] ...
I0603 04:54:06.428298   10365 ssh_runner.go:194] Run: /bin/bash -c "docker logs --tail 400 cd9183ebaff4"
I0603 04:54:06.456887   10365 logs.go:122] Gathering logs for kube-proxy [613db8e8654c] ...
I0603 04:54:06.456898   10365 ssh_runner.go:194] Run: /bin/bash -c "docker logs --tail 400 613db8e8654c"
I0603 04:54:06.483598   10365 logs.go:122] Gathering logs for container status ...
I0603 04:54:06.483613   10365 ssh_runner.go:194] Run: /bin/bash -c "sudo `which crictl || echo crictl` ps -a || sudo docker ps -a"
I0603 04:54:06.525473   10365 logs.go:122] Gathering logs for describe nodes ...
I0603 04:54:06.525484   10365 ssh_runner.go:194] Run: /bin/bash -c "sudo /var/lib/minikube/binaries/v1.35.1/kubectl describe nodes --kubeconfig=/var/lib/minikube/kubeconfig"
W0603 04:54:06.591927   10365 logs.go:129] failed describe nodes: command: /bin/bash -c "sudo /var/lib/minikube/binaries/v1.35.1/kubectl describe nodes --kubeconfig=/var/lib/minikube/kubeconfig" /bin/bash -c "sudo /var/lib/minikube/binaries/v1.35.1/kubectl describe nodes --kubeconfig=/var/lib/minikube/kubeconfig": Process exited with status 1
stdout:

stderr:
E0603 01:54:06.581166   22764 memcache.go:265] "Unhandled Error" err="couldn't get current server API group list: Get \"https://localhost:8443/api?timeout=32s\": dial tcp [::1]:8443: connect: connection refused"
E0603 01:54:06.581918   22764 memcache.go:265] "Unhandled Error" err="couldn't get current server API group list: Get \"https://localhost:8443/api?timeout=32s\": dial tcp [::1]:8443: connect: connection refused"
E0603 01:54:06.584303   22764 memcache.go:265] "Unhandled Error" err="couldn't get current server API group list: Get \"https://localhost:8443/api?timeout=32s\": dial tcp [::1]:8443: connect: connection refused"
E0603 01:54:06.585036   22764 memcache.go:265] "Unhandled Error" err="couldn't get current server API group list: Get \"https://localhost:8443/api?timeout=32s\": dial tcp [::1]:8443: connect: connection refused"
E0603 01:54:06.587792   22764 memcache.go:265] "Unhandled Error" err="couldn't get current server API group list: Get \"https://localhost:8443/api?timeout=32s\": dial tcp [::1]:8443: connect: connection refused"
The connection to the server localhost:8443 was refused - did you specify the right host or port?
 output: 
** stderr ** 
E0603 01:54:06.581166   22764 memcache.go:265] "Unhandled Error" err="couldn't get current server API group list: Get \"https://localhost:8443/api?timeout=32s\": dial tcp [::1]:8443: connect: connection refused"
E0603 01:54:06.581918   22764 memcache.go:265] "Unhandled Error" err="couldn't get current server API group list: Get \"https://localhost:8443/api?timeout=32s\": dial tcp [::1]:8443: connect: connection refused"
E0603 01:54:06.584303   22764 memcache.go:265] "Unhandled Error" err="couldn't get current server API group list: Get \"https://localhost:8443/api?timeout=32s\": dial tcp [::1]:8443: connect: connection refused"
E0603 01:54:06.585036   22764 memcache.go:265] "Unhandled Error" err="couldn't get current server API group list: Get \"https://localhost:8443/api?timeout=32s\": dial tcp [::1]:8443: connect: connection refused"
E0603 01:54:06.587792   22764 memcache.go:265] "Unhandled Error" err="couldn't get current server API group list: Get \"https://localhost:8443/api?timeout=32s\": dial tcp [::1]:8443: connect: connection refused"
The connection to the server localhost:8443 was refused - did you specify the right host or port?

** /stderr **
I0603 04:54:06.591934   10365 logs.go:122] Gathering logs for kube-apiserver [85e4dc7631be] ...
I0603 04:54:06.591941   10365 ssh_runner.go:194] Run: /bin/bash -c "docker logs --tail 400 85e4dc7631be"
I0603 04:54:06.668541   10365 logs.go:122] Gathering logs for kube-proxy [d57eab1ae12c] ...
I0603 04:54:06.668564   10365 ssh_runner.go:194] Run: /bin/bash -c "docker logs --tail 400 d57eab1ae12c"
I0603 04:54:06.697051   10365 logs.go:122] Gathering logs for controller_ingress [435dd4d847ee] ...
I0603 04:54:06.697065   10365 ssh_runner.go:194] Run: /bin/bash -c "docker logs --tail 400 435dd4d847ee"
I0603 04:54:06.726256   10365 logs.go:122] Gathering logs for storage-provisioner [4d2d81331688] ...
I0603 04:54:06.726269   10365 ssh_runner.go:194] Run: /bin/bash -c "docker logs --tail 400 4d2d81331688"
I0603 04:54:06.775231   10365 logs.go:122] Gathering logs for kube-apiserver [42270be2365f] ...
I0603 04:54:06.775245   10365 ssh_runner.go:194] Run: /bin/bash -c "docker logs --tail 400 42270be2365f"
I0603 04:54:06.835399   10365 logs.go:122] Gathering logs for etcd [21e19412e264] ...
I0603 04:54:06.835432   10365 ssh_runner.go:194] Run: /bin/bash -c "docker logs --tail 400 21e19412e264"
I0603 04:54:06.881437   10365 logs.go:122] Gathering logs for kube-scheduler [b898e357825c] ...
I0603 04:54:06.881451   10365 ssh_runner.go:194] Run: /bin/bash -c "docker logs --tail 400 b898e357825c"
I0603 04:54:06.914717   10365 logs.go:122] Gathering logs for kube-controller-manager [06814c3285c9] ...
I0603 04:54:06.914732   10365 ssh_runner.go:194] Run: /bin/bash -c "docker logs --tail 400 06814c3285c9"
I0603 04:54:09.450898   10365 ssh_runner.go:194] Run: sudo pgrep -xnf kube-apiserver.*minikube.*
I0603 04:54:09.468192   10365 ssh_runner.go:194] Run: docker ps -a --filter=name=k8s_kube-apiserver --format={{.ID}}
I0603 04:54:09.491105   10365 logs.go:281] 2 containers: [42270be2365f 85e4dc7631be]
I0603 04:54:09.491164   10365 ssh_runner.go:194] Run: docker ps -a --filter=name=k8s_etcd --format={{.ID}}
I0603 04:54:09.516145   10365 logs.go:281] 2 containers: [349258b6df58 21e19412e264]
I0603 04:54:09.516201   10365 ssh_runner.go:194] Run: docker ps -a --filter=name=k8s_coredns --format={{.ID}}
I0603 04:54:09.542460   10365 logs.go:281] 2 containers: [ac03be6e1600 cd9183ebaff4]
I0603 04:54:09.542538   10365 ssh_runner.go:194] Run: docker ps -a --filter=name=k8s_kube-scheduler --format={{.ID}}
I0603 04:54:09.573406   10365 logs.go:281] 2 containers: [a19d97dd9309 b898e357825c]
I0603 04:54:09.573486   10365 ssh_runner.go:194] Run: docker ps -a --filter=name=k8s_kube-proxy --format={{.ID}}
I0603 04:54:09.604684   10365 logs.go:281] 2 containers: [d57eab1ae12c 613db8e8654c]
I0603 04:54:09.604763   10365 ssh_runner.go:194] Run: docker ps -a --filter=name=k8s_kube-controller-manager --format={{.ID}}
I0603 04:54:09.634842   10365 logs.go:281] 2 containers: [142a54608b27 06814c3285c9]
I0603 04:54:09.634909   10365 ssh_runner.go:194] Run: docker ps -a --filter=name=k8s_kindnet --format={{.ID}}
I0603 04:54:09.666964   10365 logs.go:281] 0 containers: []
W0603 04:54:09.666983   10365 logs.go:283] No container was found matching "kindnet"
I0603 04:54:09.667061   10365 ssh_runner.go:194] Run: docker ps -a --filter=name=k8s_controller_ingress --format={{.ID}}
I0603 04:54:09.702807   10365 logs.go:281] 1 containers: [435dd4d847ee]
I0603 04:54:09.702867   10365 ssh_runner.go:194] Run: docker ps -a --filter=name=k8s_storage-provisioner --format={{.ID}}
I0603 04:54:09.725556   10365 logs.go:281] 2 containers: [4d2d81331688 bbe49a8a0f86]
I0603 04:54:09.725576   10365 logs.go:122] Gathering logs for kube-apiserver [85e4dc7631be] ...
I0603 04:54:09.725584   10365 ssh_runner.go:194] Run: /bin/bash -c "docker logs --tail 400 85e4dc7631be"
I0603 04:54:09.808164   10365 logs.go:122] Gathering logs for kube-scheduler [a19d97dd9309] ...
I0603 04:54:09.808179   10365 ssh_runner.go:194] Run: /bin/bash -c "docker logs --tail 400 a19d97dd9309"
I0603 04:54:09.846044   10365 logs.go:122] Gathering logs for kube-scheduler [b898e357825c] ...
I0603 04:54:09.846058   10365 ssh_runner.go:194] Run: /bin/bash -c "docker logs --tail 400 b898e357825c"
I0603 04:54:09.881614   10365 logs.go:122] Gathering logs for storage-provisioner [4d2d81331688] ...
I0603 04:54:09.881626   10365 ssh_runner.go:194] Run: /bin/bash -c "docker logs --tail 400 4d2d81331688"
I0603 04:54:09.927570   10365 logs.go:122] Gathering logs for container status ...
I0603 04:54:09.927598   10365 ssh_runner.go:194] Run: /bin/bash -c "sudo `which crictl || echo crictl` ps -a || sudo docker ps -a"
I0603 04:54:09.971128   10365 logs.go:122] Gathering logs for kubelet ...
I0603 04:54:09.971141   10365 ssh_runner.go:194] Run: /bin/bash -c "sudo journalctl -u kubelet -n 400"
I0603 04:54:10.014770   10365 logs.go:122] Gathering logs for etcd [21e19412e264] ...
I0603 04:54:10.014787   10365 ssh_runner.go:194] Run: /bin/bash -c "docker logs --tail 400 21e19412e264"
I0603 04:54:10.062096   10365 logs.go:122] Gathering logs for coredns [cd9183ebaff4] ...
I0603 04:54:10.062111   10365 ssh_runner.go:194] Run: /bin/bash -c "docker logs --tail 400 cd9183ebaff4"
I0603 04:54:10.089638   10365 logs.go:122] Gathering logs for kube-proxy [d57eab1ae12c] ...
I0603 04:54:10.089654   10365 ssh_runner.go:194] Run: /bin/bash -c "docker logs --tail 400 d57eab1ae12c"
I0603 04:54:10.117725   10365 logs.go:122] Gathering logs for kube-controller-manager [06814c3285c9] ...
I0603 04:54:10.117738   10365 ssh_runner.go:194] Run: /bin/bash -c "docker logs --tail 400 06814c3285c9"
I0603 04:54:10.155473   10365 logs.go:122] Gathering logs for Docker ...
I0603 04:54:10.155484   10365 ssh_runner.go:194] Run: /bin/bash -c "sudo journalctl -u docker -u cri-docker -n 400"
I0603 04:54:10.181484   10365 logs.go:122] Gathering logs for dmesg ...
I0603 04:54:10.181499   10365 ssh_runner.go:194] Run: /bin/bash -c "sudo dmesg -PH -L=never --level warn,err,crit,alert,emerg | tail -n 400"
I0603 04:54:10.195351   10365 logs.go:122] Gathering logs for describe nodes ...
I0603 04:54:10.195370   10365 ssh_runner.go:194] Run: /bin/bash -c "sudo /var/lib/minikube/binaries/v1.35.1/kubectl describe nodes --kubeconfig=/var/lib/minikube/kubeconfig"
W0603 04:54:10.267910   10365 logs.go:129] failed describe nodes: command: /bin/bash -c "sudo /var/lib/minikube/binaries/v1.35.1/kubectl describe nodes --kubeconfig=/var/lib/minikube/kubeconfig" /bin/bash -c "sudo /var/lib/minikube/binaries/v1.35.1/kubectl describe nodes --kubeconfig=/var/lib/minikube/kubeconfig": Process exited with status 1
stdout:

stderr:
E0603 01:54:10.257873   23112 memcache.go:265] "Unhandled Error" err="couldn't get current server API group list: Get \"https://localhost:8443/api?timeout=32s\": dial tcp [::1]:8443: connect: connection refused"
E0603 01:54:10.258625   23112 memcache.go:265] "Unhandled Error" err="couldn't get current server API group list: Get \"https://localhost:8443/api?timeout=32s\": dial tcp [::1]:8443: connect: connection refused"
E0603 01:54:10.261484   23112 memcache.go:265] "Unhandled Error" err="couldn't get current server API group list: Get \"https://localhost:8443/api?timeout=32s\": dial tcp [::1]:8443: connect: connection refused"
E0603 01:54:10.262121   23112 memcache.go:265] "Unhandled Error" err="couldn't get current server API group list: Get \"https://localhost:8443/api?timeout=32s\": dial tcp [::1]:8443: connect: connection refused"
E0603 01:54:10.263966   23112 memcache.go:265] "Unhandled Error" err="couldn't get current server API group list: Get \"https://localhost:8443/api?timeout=32s\": dial tcp [::1]:8443: connect: connection refused"
The connection to the server localhost:8443 was refused - did you specify the right host or port?
 output: 
** stderr ** 
E0603 01:54:10.257873   23112 memcache.go:265] "Unhandled Error" err="couldn't get current server API group list: Get \"https://localhost:8443/api?timeout=32s\": dial tcp [::1]:8443: connect: connection refused"
E0603 01:54:10.258625   23112 memcache.go:265] "Unhandled Error" err="couldn't get current server API group list: Get \"https://localhost:8443/api?timeout=32s\": dial tcp [::1]:8443: connect: connection refused"
E0603 01:54:10.261484   23112 memcache.go:265] "Unhandled Error" err="couldn't get current server API group list: Get \"https://localhost:8443/api?timeout=32s\": dial tcp [::1]:8443: connect: connection refused"
E0603 01:54:10.262121   23112 memcache.go:265] "Unhandled Error" err="couldn't get current server API group list: Get \"https://localhost:8443/api?timeout=32s\": dial tcp [::1]:8443: connect: connection refused"
E0603 01:54:10.263966   23112 memcache.go:265] "Unhandled Error" err="couldn't get current server API group list: Get \"https://localhost:8443/api?timeout=32s\": dial tcp [::1]:8443: connect: connection refused"
The connection to the server localhost:8443 was refused - did you specify the right host or port?

** /stderr **
I0603 04:54:10.267918   10365 logs.go:122] Gathering logs for kube-apiserver [42270be2365f] ...
I0603 04:54:10.267926   10365 ssh_runner.go:194] Run: /bin/bash -c "docker logs --tail 400 42270be2365f"
I0603 04:54:10.331314   10365 logs.go:122] Gathering logs for kube-proxy [613db8e8654c] ...
I0603 04:54:10.331345   10365 ssh_runner.go:194] Run: /bin/bash -c "docker logs --tail 400 613db8e8654c"
I0603 04:54:10.392529   10365 logs.go:122] Gathering logs for kube-controller-manager [142a54608b27] ...
I0603 04:54:10.392550   10365 ssh_runner.go:194] Run: /bin/bash -c "docker logs --tail 400 142a54608b27"
I0603 04:54:10.468980   10365 logs.go:122] Gathering logs for controller_ingress [435dd4d847ee] ...
I0603 04:54:10.469009   10365 ssh_runner.go:194] Run: /bin/bash -c "docker logs --tail 400 435dd4d847ee"
I0603 04:54:10.534624   10365 logs.go:122] Gathering logs for storage-provisioner [bbe49a8a0f86] ...
I0603 04:54:10.534648   10365 ssh_runner.go:194] Run: /bin/bash -c "docker logs --tail 400 bbe49a8a0f86"
I0603 04:54:10.639192   10365 logs.go:122] Gathering logs for etcd [349258b6df58] ...
I0603 04:54:10.639253   10365 ssh_runner.go:194] Run: /bin/bash -c "docker logs --tail 400 349258b6df58"
I0603 04:54:10.838340   10365 logs.go:122] Gathering logs for coredns [ac03be6e1600] ...
I0603 04:54:10.838365   10365 ssh_runner.go:194] Run: /bin/bash -c "docker logs --tail 400 ac03be6e1600"
I0603 04:54:11.805621   10365 kapi.go:81] temporary error: getting Pods with label selector "app.kubernetes.io/name=ingress-nginx" : [Get "https://127.0.0.1:32771/api/v1/namespaces/ingress-nginx/pods?labelSelector=app.kubernetes.io%2Fname%3Dingress-nginx": EOF - error from a previous attempt: read tcp 127.0.0.1:60104->127.0.0.1:32771: read: connection reset by peer]
I0603 04:54:14.938776   10365 ssh_runner.go:194] Run: sudo pgrep -xnf kube-apiserver.*minikube.*
I0603 04:54:14.969481   10365 ssh_runner.go:194] Run: docker ps -a --filter=name=k8s_kube-apiserver --format={{.ID}}
I0603 04:54:15.023866   10365 logs.go:281] 2 containers: [42270be2365f 85e4dc7631be]
I0603 04:54:15.023980   10365 ssh_runner.go:194] Run: docker ps -a --filter=name=k8s_etcd --format={{.ID}}
I0603 04:54:15.110939   10365 logs.go:281] 2 containers: [349258b6df58 21e19412e264]
I0603 04:54:15.111093   10365 ssh_runner.go:194] Run: docker ps -a --filter=name=k8s_coredns --format={{.ID}}
I0603 04:54:15.165187   10365 logs.go:281] 2 containers: [ac03be6e1600 cd9183ebaff4]
I0603 04:54:15.165311   10365 ssh_runner.go:194] Run: docker ps -a --filter=name=k8s_kube-scheduler --format={{.ID}}
I0603 04:54:15.222936   10365 logs.go:281] 2 containers: [a19d97dd9309 b898e357825c]
I0603 04:54:15.223073   10365 ssh_runner.go:194] Run: docker ps -a --filter=name=k8s_kube-proxy --format={{.ID}}
I0603 04:54:15.274428   10365 logs.go:281] 2 containers: [d57eab1ae12c 613db8e8654c]
I0603 04:54:15.274566   10365 ssh_runner.go:194] Run: docker ps -a --filter=name=k8s_kube-controller-manager --format={{.ID}}
I0603 04:54:15.325468   10365 logs.go:281] 2 containers: [142a54608b27 06814c3285c9]
I0603 04:54:15.325631   10365 ssh_runner.go:194] Run: docker ps -a --filter=name=k8s_kindnet --format={{.ID}}
I0603 04:54:15.373812   10365 logs.go:281] 0 containers: []
W0603 04:54:15.373842   10365 logs.go:283] No container was found matching "kindnet"
I0603 04:54:15.373972   10365 ssh_runner.go:194] Run: docker ps -a --filter=name=k8s_controller_ingress --format={{.ID}}
I0603 04:54:15.424150   10365 logs.go:281] 1 containers: [435dd4d847ee]
I0603 04:54:15.424259   10365 ssh_runner.go:194] Run: docker ps -a --filter=name=k8s_storage-provisioner --format={{.ID}}
I0603 04:54:15.474720   10365 logs.go:281] 2 containers: [4d2d81331688 bbe49a8a0f86]
I0603 04:54:15.474766   10365 logs.go:122] Gathering logs for kube-apiserver [85e4dc7631be] ...
I0603 04:54:15.474786   10365 ssh_runner.go:194] Run: /bin/bash -c "docker logs --tail 400 85e4dc7631be"
I0603 04:54:15.620096   10365 logs.go:122] Gathering logs for kube-scheduler [a19d97dd9309] ...
I0603 04:54:15.620122   10365 ssh_runner.go:194] Run: /bin/bash -c "docker logs --tail 400 a19d97dd9309"
I0603 04:54:15.674342   10365 logs.go:122] Gathering logs for kube-proxy [d57eab1ae12c] ...
I0603 04:54:15.674364   10365 ssh_runner.go:194] Run: /bin/bash -c "docker logs --tail 400 d57eab1ae12c"
I0603 04:54:15.731676   10365 logs.go:122] Gathering logs for controller_ingress [435dd4d847ee] ...
I0603 04:54:15.731696   10365 ssh_runner.go:194] Run: /bin/bash -c "docker logs --tail 400 435dd4d847ee"
I0603 04:54:15.796368   10365 logs.go:122] Gathering logs for container status ...
I0603 04:54:15.796388   10365 ssh_runner.go:194] Run: /bin/bash -c "sudo `which crictl || echo crictl` ps -a || sudo docker ps -a"
I0603 04:54:15.901225   10365 logs.go:122] Gathering logs for describe nodes ...
I0603 04:54:15.901248   10365 ssh_runner.go:194] Run: /bin/bash -c "sudo /var/lib/minikube/binaries/v1.35.1/kubectl describe nodes --kubeconfig=/var/lib/minikube/kubeconfig"
W0603 04:54:16.047326   10365 logs.go:129] failed describe nodes: command: /bin/bash -c "sudo /var/lib/minikube/binaries/v1.35.1/kubectl describe nodes --kubeconfig=/var/lib/minikube/kubeconfig" /bin/bash -c "sudo /var/lib/minikube/binaries/v1.35.1/kubectl describe nodes --kubeconfig=/var/lib/minikube/kubeconfig": Process exited with status 1
stdout:

stderr:
E0603 01:54:16.033285   23403 memcache.go:265] "Unhandled Error" err="couldn't get current server API group list: Get \"https://localhost:8443/api?timeout=32s\": dial tcp [::1]:8443: connect: connection refused"
E0603 01:54:16.034584   23403 memcache.go:265] "Unhandled Error" err="couldn't get current server API group list: Get \"https://localhost:8443/api?timeout=32s\": dial tcp [::1]:8443: connect: connection refused"
E0603 01:54:16.035741   23403 memcache.go:265] "Unhandled Error" err="couldn't get current server API group list: Get \"https://localhost:8443/api?timeout=32s\": dial tcp [::1]:8443: connect: connection refused"
E0603 01:54:16.037015   23403 memcache.go:265] "Unhandled Error" err="couldn't get current server API group list: Get \"https://localhost:8443/api?timeout=32s\": dial tcp [::1]:8443: connect: connection refused"
E0603 01:54:16.038303   23403 memcache.go:265] "Unhandled Error" err="couldn't get current server API group list: Get \"https://localhost:8443/api?timeout=32s\": dial tcp [::1]:8443: connect: connection refused"
The connection to the server localhost:8443 was refused - did you specify the right host or port?
 output: 
** stderr ** 
E0603 01:54:16.033285   23403 memcache.go:265] "Unhandled Error" err="couldn't get current server API group list: Get \"https://localhost:8443/api?timeout=32s\": dial tcp [::1]:8443: connect: connection refused"
E0603 01:54:16.034584   23403 memcache.go:265] "Unhandled Error" err="couldn't get current server API group list: Get \"https://localhost:8443/api?timeout=32s\": dial tcp [::1]:8443: connect: connection refused"
E0603 01:54:16.035741   23403 memcache.go:265] "Unhandled Error" err="couldn't get current server API group list: Get \"https://localhost:8443/api?timeout=32s\": dial tcp [::1]:8443: connect: connection refused"
E0603 01:54:16.037015   23403 memcache.go:265] "Unhandled Error" err="couldn't get current server API group list: Get \"https://localhost:8443/api?timeout=32s\": dial tcp [::1]:8443: connect: connection refused"
E0603 01:54:16.038303   23403 memcache.go:265] "Unhandled Error" err="couldn't get current server API group list: Get \"https://localhost:8443/api?timeout=32s\": dial tcp [::1]:8443: connect: connection refused"
The connection to the server localhost:8443 was refused - did you specify the right host or port?

** /stderr **
I0603 04:54:16.047337   10365 logs.go:122] Gathering logs for coredns [ac03be6e1600] ...
I0603 04:54:16.047350   10365 ssh_runner.go:194] Run: /bin/bash -c "docker logs --tail 400 ac03be6e1600"
I0603 04:54:16.126777   10365 logs.go:122] Gathering logs for kube-proxy [613db8e8654c] ...
I0603 04:54:16.126802   10365 ssh_runner.go:194] Run: /bin/bash -c "docker logs --tail 400 613db8e8654c"
I0603 04:54:16.191435   10365 logs.go:122] Gathering logs for storage-provisioner [bbe49a8a0f86] ...
I0603 04:54:16.191462   10365 ssh_runner.go:194] Run: /bin/bash -c "docker logs --tail 400 bbe49a8a0f86"
I0603 04:54:16.281555   10365 logs.go:122] Gathering logs for dmesg ...
I0603 04:54:16.281580   10365 ssh_runner.go:194] Run: /bin/bash -c "sudo dmesg -PH -L=never --level warn,err,crit,alert,emerg | tail -n 400"
I0603 04:54:16.309748   10365 logs.go:122] Gathering logs for etcd [349258b6df58] ...
I0603 04:54:16.309768   10365 ssh_runner.go:194] Run: /bin/bash -c "docker logs --tail 400 349258b6df58"
I0603 04:54:16.495952   10365 logs.go:122] Gathering logs for coredns [cd9183ebaff4] ...
I0603 04:54:16.495977   10365 ssh_runner.go:194] Run: /bin/bash -c "docker logs --tail 400 cd9183ebaff4"
I0603 04:54:16.551279   10365 logs.go:122] Gathering logs for storage-provisioner [4d2d81331688] ...
I0603 04:54:16.551298   10365 ssh_runner.go:194] Run: /bin/bash -c "docker logs --tail 400 4d2d81331688"
I0603 04:54:16.646918   10365 logs.go:122] Gathering logs for kube-apiserver [42270be2365f] ...
I0603 04:54:16.646942   10365 ssh_runner.go:194] Run: /bin/bash -c "docker logs --tail 400 42270be2365f"
I0603 04:54:16.750148   10365 logs.go:122] Gathering logs for etcd [21e19412e264] ...
I0603 04:54:16.750171   10365 ssh_runner.go:194] Run: /bin/bash -c "docker logs --tail 400 21e19412e264"
I0603 04:54:16.836717   10365 logs.go:122] Gathering logs for kube-scheduler [b898e357825c] ...
I0603 04:54:16.836758   10365 ssh_runner.go:194] Run: /bin/bash -c "docker logs --tail 400 b898e357825c"
I0603 04:54:16.908190   10365 logs.go:122] Gathering logs for kube-controller-manager [142a54608b27] ...
I0603 04:54:16.908214   10365 ssh_runner.go:194] Run: /bin/bash -c "docker logs --tail 400 142a54608b27"
I0603 04:54:16.982139   10365 logs.go:122] Gathering logs for kube-controller-manager [06814c3285c9] ...
I0603 04:54:16.982161   10365 ssh_runner.go:194] Run: /bin/bash -c "docker logs --tail 400 06814c3285c9"
I0603 04:54:17.060493   10365 logs.go:122] Gathering logs for Docker ...
I0603 04:54:17.060517   10365 ssh_runner.go:194] Run: /bin/bash -c "sudo journalctl -u docker -u cri-docker -n 400"
I0603 04:54:17.123420   10365 logs.go:122] Gathering logs for kubelet ...
I0603 04:54:17.123444   10365 ssh_runner.go:194] Run: /bin/bash -c "sudo journalctl -u kubelet -n 400"
I0603 04:54:19.725298   10365 ssh_runner.go:194] Run: sudo pgrep -xnf kube-apiserver.*minikube.*
I0603 04:54:19.753836   10365 ssh_runner.go:194] Run: docker ps -a --filter=name=k8s_kube-apiserver --format={{.ID}}
I0603 04:54:19.777191   10365 logs.go:281] 2 containers: [42270be2365f 85e4dc7631be]
I0603 04:54:19.777244   10365 ssh_runner.go:194] Run: docker ps -a --filter=name=k8s_etcd --format={{.ID}}
I0603 04:54:19.800502   10365 logs.go:281] 2 containers: [349258b6df58 21e19412e264]
I0603 04:54:19.800565   10365 ssh_runner.go:194] Run: docker ps -a --filter=name=k8s_coredns --format={{.ID}}
I0603 04:54:19.825473   10365 logs.go:281] 2 containers: [ac03be6e1600 cd9183ebaff4]
I0603 04:54:19.825536   10365 ssh_runner.go:194] Run: docker ps -a --filter=name=k8s_kube-scheduler --format={{.ID}}
I0603 04:54:19.850884   10365 logs.go:281] 2 containers: [a19d97dd9309 b898e357825c]
I0603 04:54:19.850946   10365 ssh_runner.go:194] Run: docker ps -a --filter=name=k8s_kube-proxy --format={{.ID}}
I0603 04:54:19.875098   10365 logs.go:281] 2 containers: [d57eab1ae12c 613db8e8654c]
I0603 04:54:19.875154   10365 ssh_runner.go:194] Run: docker ps -a --filter=name=k8s_kube-controller-manager --format={{.ID}}
I0603 04:54:19.899613   10365 logs.go:281] 2 containers: [142a54608b27 06814c3285c9]
I0603 04:54:19.899687   10365 ssh_runner.go:194] Run: docker ps -a --filter=name=k8s_kindnet --format={{.ID}}
I0603 04:54:19.922297   10365 logs.go:281] 0 containers: []
W0603 04:54:19.922307   10365 logs.go:283] No container was found matching "kindnet"
I0603 04:54:19.922354   10365 ssh_runner.go:194] Run: docker ps -a --filter=name=k8s_controller_ingress --format={{.ID}}
I0603 04:54:19.949817   10365 logs.go:281] 1 containers: [435dd4d847ee]
I0603 04:54:19.949932   10365 ssh_runner.go:194] Run: docker ps -a --filter=name=k8s_storage-provisioner --format={{.ID}}
I0603 04:54:19.981808   10365 logs.go:281] 2 containers: [4d2d81331688 bbe49a8a0f86]
I0603 04:54:19.981838   10365 logs.go:122] Gathering logs for kube-controller-manager [142a54608b27] ...
I0603 04:54:19.981851   10365 ssh_runner.go:194] Run: /bin/bash -c "docker logs --tail 400 142a54608b27"
I0603 04:54:20.026395   10365 logs.go:122] Gathering logs for kube-controller-manager [06814c3285c9] ...
I0603 04:54:20.026435   10365 ssh_runner.go:194] Run: /bin/bash -c "docker logs --tail 400 06814c3285c9"
I0603 04:54:20.098826   10365 logs.go:122] Gathering logs for kube-apiserver [85e4dc7631be] ...
I0603 04:54:20.098948   10365 ssh_runner.go:194] Run: /bin/bash -c "docker logs --tail 400 85e4dc7631be"
I0603 04:54:20.190250   10365 logs.go:122] Gathering logs for etcd [21e19412e264] ...
I0603 04:54:20.190267   10365 ssh_runner.go:194] Run: /bin/bash -c "docker logs --tail 400 21e19412e264"
I0603 04:54:20.230626   10365 logs.go:122] Gathering logs for coredns [ac03be6e1600] ...
I0603 04:54:20.230642   10365 ssh_runner.go:194] Run: /bin/bash -c "docker logs --tail 400 ac03be6e1600"
I0603 04:54:20.264065   10365 logs.go:122] Gathering logs for kube-proxy [613db8e8654c] ...
I0603 04:54:20.264085   10365 ssh_runner.go:194] Run: /bin/bash -c "docker logs --tail 400 613db8e8654c"
I0603 04:54:20.291276   10365 logs.go:122] Gathering logs for controller_ingress [435dd4d847ee] ...
I0603 04:54:20.291289   10365 ssh_runner.go:194] Run: /bin/bash -c "docker logs --tail 400 435dd4d847ee"
I0603 04:54:20.322126   10365 logs.go:122] Gathering logs for storage-provisioner [4d2d81331688] ...
I0603 04:54:20.322140   10365 ssh_runner.go:194] Run: /bin/bash -c "docker logs --tail 400 4d2d81331688"
I0603 04:54:20.369874   10365 logs.go:122] Gathering logs for storage-provisioner [bbe49a8a0f86] ...
I0603 04:54:20.369891   10365 ssh_runner.go:194] Run: /bin/bash -c "docker logs --tail 400 bbe49a8a0f86"
I0603 04:54:20.411293   10365 logs.go:122] Gathering logs for kubelet ...
I0603 04:54:20.411316   10365 ssh_runner.go:194] Run: /bin/bash -c "sudo journalctl -u kubelet -n 400"
I0603 04:54:20.455032   10365 logs.go:122] Gathering logs for describe nodes ...
I0603 04:54:20.455051   10365 ssh_runner.go:194] Run: /bin/bash -c "sudo /var/lib/minikube/binaries/v1.35.1/kubectl describe nodes --kubeconfig=/var/lib/minikube/kubeconfig"
W0603 04:54:20.519968   10365 logs.go:129] failed describe nodes: command: /bin/bash -c "sudo /var/lib/minikube/binaries/v1.35.1/kubectl describe nodes --kubeconfig=/var/lib/minikube/kubeconfig" /bin/bash -c "sudo /var/lib/minikube/binaries/v1.35.1/kubectl describe nodes --kubeconfig=/var/lib/minikube/kubeconfig": Process exited with status 1
stdout:

stderr:
E0603 01:54:20.510427   23769 memcache.go:265] "Unhandled Error" err="couldn't get current server API group list: Get \"https://localhost:8443/api?timeout=32s\": dial tcp [::1]:8443: connect: connection refused"
E0603 01:54:20.511197   23769 memcache.go:265] "Unhandled Error" err="couldn't get current server API group list: Get \"https://localhost:8443/api?timeout=32s\": dial tcp [::1]:8443: connect: connection refused"
E0603 01:54:20.513073   23769 memcache.go:265] "Unhandled Error" err="couldn't get current server API group list: Get \"https://localhost:8443/api?timeout=32s\": dial tcp [::1]:8443: connect: connection refused"
E0603 01:54:20.513743   23769 memcache.go:265] "Unhandled Error" err="couldn't get current server API group list: Get \"https://localhost:8443/api?timeout=32s\": dial tcp [::1]:8443: connect: connection refused"
E0603 01:54:20.515490   23769 memcache.go:265] "Unhandled Error" err="couldn't get current server API group list: Get \"https://localhost:8443/api?timeout=32s\": dial tcp [::1]:8443: connect: connection refused"
The connection to the server localhost:8443 was refused - did you specify the right host or port?
 output: 
** stderr ** 
E0603 01:54:20.510427   23769 memcache.go:265] "Unhandled Error" err="couldn't get current server API group list: Get \"https://localhost:8443/api?timeout=32s\": dial tcp [::1]:8443: connect: connection refused"
E0603 01:54:20.511197   23769 memcache.go:265] "Unhandled Error" err="couldn't get current server API group list: Get \"https://localhost:8443/api?timeout=32s\": dial tcp [::1]:8443: connect: connection refused"
E0603 01:54:20.513073   23769 memcache.go:265] "Unhandled Error" err="couldn't get current server API group list: Get \"https://localhost:8443/api?timeout=32s\": dial tcp [::1]:8443: connect: connection refused"
E0603 01:54:20.513743   23769 memcache.go:265] "Unhandled Error" err="couldn't get current server API group list: Get \"https://localhost:8443/api?timeout=32s\": dial tcp [::1]:8443: connect: connection refused"
E0603 01:54:20.515490   23769 memcache.go:265] "Unhandled Error" err="couldn't get current server API group list: Get \"https://localhost:8443/api?timeout=32s\": dial tcp [::1]:8443: connect: connection refused"
The connection to the server localhost:8443 was refused - did you specify the right host or port?

** /stderr **
I0603 04:54:20.519979   10365 logs.go:122] Gathering logs for kube-apiserver [42270be2365f] ...
I0603 04:54:20.519987   10365 ssh_runner.go:194] Run: /bin/bash -c "docker logs --tail 400 42270be2365f"
I0603 04:54:20.567874   10365 logs.go:122] Gathering logs for Docker ...
I0603 04:54:20.567892   10365 ssh_runner.go:194] Run: /bin/bash -c "sudo journalctl -u docker -u cri-docker -n 400"
I0603 04:54:20.593387   10365 logs.go:122] Gathering logs for container status ...
I0603 04:54:20.593399   10365 ssh_runner.go:194] Run: /bin/bash -c "sudo `which crictl || echo crictl` ps -a || sudo docker ps -a"
I0603 04:54:20.636855   10365 logs.go:122] Gathering logs for dmesg ...
I0603 04:54:20.636867   10365 ssh_runner.go:194] Run: /bin/bash -c "sudo dmesg -PH -L=never --level warn,err,crit,alert,emerg | tail -n 400"
I0603 04:54:20.650075   10365 logs.go:122] Gathering logs for etcd [349258b6df58] ...
I0603 04:54:20.650086   10365 ssh_runner.go:194] Run: /bin/bash -c "docker logs --tail 400 349258b6df58"
I0603 04:54:20.732361   10365 logs.go:122] Gathering logs for kube-scheduler [a19d97dd9309] ...
I0603 04:54:20.732377   10365 ssh_runner.go:194] Run: /bin/bash -c "docker logs --tail 400 a19d97dd9309"
I0603 04:54:20.759523   10365 logs.go:122] Gathering logs for kube-scheduler [b898e357825c] ...
I0603 04:54:20.759538   10365 ssh_runner.go:194] Run: /bin/bash -c "docker logs --tail 400 b898e357825c"
I0603 04:54:20.792470   10365 logs.go:122] Gathering logs for kube-proxy [d57eab1ae12c] ...
I0603 04:54:20.792484   10365 ssh_runner.go:194] Run: /bin/bash -c "docker logs --tail 400 d57eab1ae12c"
I0603 04:54:20.826747   10365 logs.go:122] Gathering logs for coredns [cd9183ebaff4] ...
I0603 04:54:20.826761   10365 ssh_runner.go:194] Run: /bin/bash -c "docker logs --tail 400 cd9183ebaff4"
I0603 04:54:23.358583   10365 ssh_runner.go:194] Run: sudo pgrep -xnf kube-apiserver.*minikube.*
I0603 04:54:23.361763   10365 kapi.go:81] temporary error: getting Pods with label selector "app.kubernetes.io/name=ingress-nginx" : [Get "https://127.0.0.1:32771/api/v1/namespaces/ingress-nginx/pods?labelSelector=app.kubernetes.io%2Fname%3Dingress-nginx": EOF]
I0603 04:54:23.374231   10365 ssh_runner.go:194] Run: docker ps -a --filter=name=k8s_kube-apiserver --format={{.ID}}
I0603 04:54:23.398224   10365 logs.go:281] 2 containers: [42270be2365f 85e4dc7631be]
I0603 04:54:23.398338   10365 ssh_runner.go:194] Run: docker ps -a --filter=name=k8s_etcd --format={{.ID}}
I0603 04:54:23.423228   10365 logs.go:281] 2 containers: [349258b6df58 21e19412e264]
I0603 04:54:23.423324   10365 ssh_runner.go:194] Run: docker ps -a --filter=name=k8s_coredns --format={{.ID}}
I0603 04:54:23.446589   10365 logs.go:281] 2 containers: [ac03be6e1600 cd9183ebaff4]
I0603 04:54:23.446654   10365 ssh_runner.go:194] Run: docker ps -a --filter=name=k8s_kube-scheduler --format={{.ID}}
I0603 04:54:23.469930   10365 logs.go:281] 2 containers: [a19d97dd9309 b898e357825c]
I0603 04:54:23.469998   10365 ssh_runner.go:194] Run: docker ps -a --filter=name=k8s_kube-proxy --format={{.ID}}
I0603 04:54:23.494275   10365 logs.go:281] 2 containers: [d57eab1ae12c 613db8e8654c]
I0603 04:54:23.494341   10365 ssh_runner.go:194] Run: docker ps -a --filter=name=k8s_kube-controller-manager --format={{.ID}}
I0603 04:54:23.518962   10365 logs.go:281] 2 containers: [142a54608b27 06814c3285c9]
I0603 04:54:23.519030   10365 ssh_runner.go:194] Run: docker ps -a --filter=name=k8s_kindnet --format={{.ID}}
I0603 04:54:23.542321   10365 logs.go:281] 0 containers: []
W0603 04:54:23.542332   10365 logs.go:283] No container was found matching "kindnet"
I0603 04:54:23.542381   10365 ssh_runner.go:194] Run: docker ps -a --filter=name=k8s_controller_ingress --format={{.ID}}
I0603 04:54:23.566171   10365 logs.go:281] 1 containers: [435dd4d847ee]
I0603 04:54:23.566271   10365 ssh_runner.go:194] Run: docker ps -a --filter=name=k8s_storage-provisioner --format={{.ID}}
I0603 04:54:23.596756   10365 logs.go:281] 2 containers: [4d2d81331688 bbe49a8a0f86]
I0603 04:54:23.596782   10365 logs.go:122] Gathering logs for kube-scheduler [b898e357825c] ...
I0603 04:54:23.596793   10365 ssh_runner.go:194] Run: /bin/bash -c "docker logs --tail 400 b898e357825c"
I0603 04:54:23.637941   10365 logs.go:122] Gathering logs for kube-controller-manager [142a54608b27] ...
I0603 04:54:23.637963   10365 ssh_runner.go:194] Run: /bin/bash -c "docker logs --tail 400 142a54608b27"
I0603 04:54:23.680861   10365 logs.go:122] Gathering logs for kubelet ...
I0603 04:54:23.680876   10365 ssh_runner.go:194] Run: /bin/bash -c "sudo journalctl -u kubelet -n 400"
I0603 04:54:23.740030   10365 logs.go:122] Gathering logs for etcd [349258b6df58] ...
I0603 04:54:23.740046   10365 ssh_runner.go:194] Run: /bin/bash -c "docker logs --tail 400 349258b6df58"
I0603 04:54:23.829022   10365 logs.go:122] Gathering logs for kube-scheduler [a19d97dd9309] ...
I0603 04:54:23.829038   10365 ssh_runner.go:194] Run: /bin/bash -c "docker logs --tail 400 a19d97dd9309"
I0603 04:54:23.860938   10365 logs.go:122] Gathering logs for kube-proxy [d57eab1ae12c] ...
I0603 04:54:23.860951   10365 ssh_runner.go:194] Run: /bin/bash -c "docker logs --tail 400 d57eab1ae12c"
I0603 04:54:23.888827   10365 logs.go:122] Gathering logs for storage-provisioner [4d2d81331688] ...
I0603 04:54:23.888844   10365 ssh_runner.go:194] Run: /bin/bash -c "docker logs --tail 400 4d2d81331688"
I0603 04:54:23.937406   10365 logs.go:122] Gathering logs for dmesg ...
I0603 04:54:23.937421   10365 ssh_runner.go:194] Run: /bin/bash -c "sudo dmesg -PH -L=never --level warn,err,crit,alert,emerg | tail -n 400"
I0603 04:54:23.951073   10365 logs.go:122] Gathering logs for describe nodes ...
I0603 04:54:23.951085   10365 ssh_runner.go:194] Run: /bin/bash -c "sudo /var/lib/minikube/binaries/v1.35.1/kubectl describe nodes --kubeconfig=/var/lib/minikube/kubeconfig"
W0603 04:54:24.018991   10365 logs.go:129] failed describe nodes: command: /bin/bash -c "sudo /var/lib/minikube/binaries/v1.35.1/kubectl describe nodes --kubeconfig=/var/lib/minikube/kubeconfig" /bin/bash -c "sudo /var/lib/minikube/binaries/v1.35.1/kubectl describe nodes --kubeconfig=/var/lib/minikube/kubeconfig": Process exited with status 1
stdout:

stderr:
E0603 01:54:24.008082   24083 memcache.go:265] "Unhandled Error" err="couldn't get current server API group list: Get \"https://localhost:8443/api?timeout=32s\": dial tcp [::1]:8443: connect: connection refused"
E0603 01:54:24.008696   24083 memcache.go:265] "Unhandled Error" err="couldn't get current server API group list: Get \"https://localhost:8443/api?timeout=32s\": dial tcp [::1]:8443: connect: connection refused"
E0603 01:54:24.011593   24083 memcache.go:265] "Unhandled Error" err="couldn't get current server API group list: Get \"https://localhost:8443/api?timeout=32s\": dial tcp [::1]:8443: connect: connection refused"
E0603 01:54:24.012328   24083 memcache.go:265] "Unhandled Error" err="couldn't get current server API group list: Get \"https://localhost:8443/api?timeout=32s\": dial tcp [::1]:8443: connect: connection refused"
E0603 01:54:24.014899   24083 memcache.go:265] "Unhandled Error" err="couldn't get current server API group list: Get \"https://localhost:8443/api?timeout=32s\": dial tcp [::1]:8443: connect: connection refused"
The connection to the server localhost:8443 was refused - did you specify the right host or port?
 output: 
** stderr ** 
E0603 01:54:24.008082   24083 memcache.go:265] "Unhandled Error" err="couldn't get current server API group list: Get \"https://localhost:8443/api?timeout=32s\": dial tcp [::1]:8443: connect: connection refused"
E0603 01:54:24.008696   24083 memcache.go:265] "Unhandled Error" err="couldn't get current server API group list: Get \"https://localhost:8443/api?timeout=32s\": dial tcp [::1]:8443: connect: connection refused"
E0603 01:54:24.011593   24083 memcache.go:265] "Unhandled Error" err="couldn't get current server API group list: Get \"https://localhost:8443/api?timeout=32s\": dial tcp [::1]:8443: connect: connection refused"
E0603 01:54:24.012328   24083 memcache.go:265] "Unhandled Error" err="couldn't get current server API group list: Get \"https://localhost:8443/api?timeout=32s\": dial tcp [::1]:8443: connect: connection refused"
E0603 01:54:24.014899   24083 memcache.go:265] "Unhandled Error" err="couldn't get current server API group list: Get \"https://localhost:8443/api?timeout=32s\": dial tcp [::1]:8443: connect: connection refused"
The connection to the server localhost:8443 was refused - did you specify the right host or port?

** /stderr **
I0603 04:54:24.019000   10365 logs.go:122] Gathering logs for coredns [cd9183ebaff4] ...
I0603 04:54:24.019009   10365 ssh_runner.go:194] Run: /bin/bash -c "docker logs --tail 400 cd9183ebaff4"
I0603 04:54:24.045199   10365 logs.go:122] Gathering logs for kube-controller-manager [06814c3285c9] ...
I0603 04:54:24.045215   10365 ssh_runner.go:194] Run: /bin/bash -c "docker logs --tail 400 06814c3285c9"
I0603 04:54:24.080282   10365 logs.go:122] Gathering logs for container status ...
I0603 04:54:24.080299   10365 ssh_runner.go:194] Run: /bin/bash -c "sudo `which crictl || echo crictl` ps -a || sudo docker ps -a"
I0603 04:54:24.123575   10365 logs.go:122] Gathering logs for etcd [21e19412e264] ...
I0603 04:54:24.123586   10365 ssh_runner.go:194] Run: /bin/bash -c "docker logs --tail 400 21e19412e264"
I0603 04:54:24.162213   10365 logs.go:122] Gathering logs for kube-proxy [613db8e8654c] ...
I0603 04:54:24.162226   10365 ssh_runner.go:194] Run: /bin/bash -c "docker logs --tail 400 613db8e8654c"
I0603 04:54:24.190168   10365 logs.go:122] Gathering logs for controller_ingress [435dd4d847ee] ...
I0603 04:54:24.190179   10365 ssh_runner.go:194] Run: /bin/bash -c "docker logs --tail 400 435dd4d847ee"
I0603 04:54:24.218241   10365 logs.go:122] Gathering logs for storage-provisioner [bbe49a8a0f86] ...
I0603 04:54:24.218252   10365 ssh_runner.go:194] Run: /bin/bash -c "docker logs --tail 400 bbe49a8a0f86"
I0603 04:54:24.260931   10365 logs.go:122] Gathering logs for Docker ...
I0603 04:54:24.260944   10365 ssh_runner.go:194] Run: /bin/bash -c "sudo journalctl -u docker -u cri-docker -n 400"
I0603 04:54:24.291903   10365 logs.go:122] Gathering logs for kube-apiserver [42270be2365f] ...
I0603 04:54:24.291917   10365 ssh_runner.go:194] Run: /bin/bash -c "docker logs --tail 400 42270be2365f"
I0603 04:54:24.337523   10365 logs.go:122] Gathering logs for kube-apiserver [85e4dc7631be] ...
I0603 04:54:24.337537   10365 ssh_runner.go:194] Run: /bin/bash -c "docker logs --tail 400 85e4dc7631be"
I0603 04:54:24.411261   10365 logs.go:122] Gathering logs for coredns [ac03be6e1600] ...
I0603 04:54:24.411278   10365 ssh_runner.go:194] Run: /bin/bash -c "docker logs --tail 400 ac03be6e1600"
I0603 04:54:26.945337   10365 ssh_runner.go:194] Run: sudo pgrep -xnf kube-apiserver.*minikube.*
I0603 04:54:26.974212   10365 ssh_runner.go:194] Run: docker ps -a --filter=name=k8s_kube-apiserver --format={{.ID}}
I0603 04:54:27.021567   10365 logs.go:281] 2 containers: [42270be2365f 85e4dc7631be]
I0603 04:54:27.021668   10365 ssh_runner.go:194] Run: docker ps -a --filter=name=k8s_etcd --format={{.ID}}
I0603 04:54:27.100866   10365 logs.go:281] 2 containers: [349258b6df58 21e19412e264]
I0603 04:54:27.101026   10365 ssh_runner.go:194] Run: docker ps -a --filter=name=k8s_coredns --format={{.ID}}
I0603 04:54:27.154346   10365 logs.go:281] 2 containers: [ac03be6e1600 cd9183ebaff4]
I0603 04:54:27.154478   10365 ssh_runner.go:194] Run: docker ps -a --filter=name=k8s_kube-scheduler --format={{.ID}}
I0603 04:54:27.208475   10365 logs.go:281] 2 containers: [a19d97dd9309 b898e357825c]
I0603 04:54:27.208632   10365 ssh_runner.go:194] Run: docker ps -a --filter=name=k8s_kube-proxy --format={{.ID}}
I0603 04:54:27.256475   10365 logs.go:281] 2 containers: [d57eab1ae12c 613db8e8654c]
I0603 04:54:27.256618   10365 ssh_runner.go:194] Run: docker ps -a --filter=name=k8s_kube-controller-manager --format={{.ID}}
I0603 04:54:27.304005   10365 logs.go:281] 2 containers: [142a54608b27 06814c3285c9]
I0603 04:54:27.304115   10365 ssh_runner.go:194] Run: docker ps -a --filter=name=k8s_kindnet --format={{.ID}}
I0603 04:54:27.353917   10365 logs.go:281] 0 containers: []
W0603 04:54:27.353934   10365 logs.go:283] No container was found matching "kindnet"
I0603 04:54:27.354014   10365 ssh_runner.go:194] Run: docker ps -a --filter=name=k8s_controller_ingress --format={{.ID}}
I0603 04:54:27.400906   10365 logs.go:281] 1 containers: [435dd4d847ee]
I0603 04:54:27.401054   10365 ssh_runner.go:194] Run: docker ps -a --filter=name=k8s_storage-provisioner --format={{.ID}}
I0603 04:54:27.448507   10365 logs.go:281] 2 containers: [4d2d81331688 bbe49a8a0f86]
I0603 04:54:27.448548   10365 logs.go:122] Gathering logs for describe nodes ...
I0603 04:54:27.448570   10365 ssh_runner.go:194] Run: /bin/bash -c "sudo /var/lib/minikube/binaries/v1.35.1/kubectl describe nodes --kubeconfig=/var/lib/minikube/kubeconfig"
W0603 04:54:27.572846   10365 logs.go:129] failed describe nodes: command: /bin/bash -c "sudo /var/lib/minikube/binaries/v1.35.1/kubectl describe nodes --kubeconfig=/var/lib/minikube/kubeconfig" /bin/bash -c "sudo /var/lib/minikube/binaries/v1.35.1/kubectl describe nodes --kubeconfig=/var/lib/minikube/kubeconfig": Process exited with status 1
stdout:

stderr:
E0603 01:54:27.559126   24341 memcache.go:265] "Unhandled Error" err="couldn't get current server API group list: Get \"https://localhost:8443/api?timeout=32s\": dial tcp [::1]:8443: connect: connection refused"
E0603 01:54:27.560414   24341 memcache.go:265] "Unhandled Error" err="couldn't get current server API group list: Get \"https://localhost:8443/api?timeout=32s\": dial tcp [::1]:8443: connect: connection refused"
E0603 01:54:27.561992   24341 memcache.go:265] "Unhandled Error" err="couldn't get current server API group list: Get \"https://localhost:8443/api?timeout=32s\": dial tcp [::1]:8443: connect: connection refused"
E0603 01:54:27.563069   24341 memcache.go:265] "Unhandled Error" err="couldn't get current server API group list: Get \"https://localhost:8443/api?timeout=32s\": dial tcp [::1]:8443: connect: connection refused"
E0603 01:54:27.564415   24341 memcache.go:265] "Unhandled Error" err="couldn't get current server API group list: Get \"https://localhost:8443/api?timeout=32s\": dial tcp [::1]:8443: connect: connection refused"
The connection to the server localhost:8443 was refused - did you specify the right host or port?
 output: 
** stderr ** 
E0603 01:54:27.559126   24341 memcache.go:265] "Unhandled Error" err="couldn't get current server API group list: Get \"https://localhost:8443/api?timeout=32s\": dial tcp [::1]:8443: connect: connection refused"
E0603 01:54:27.560414   24341 memcache.go:265] "Unhandled Error" err="couldn't get current server API group list: Get \"https://localhost:8443/api?timeout=32s\": dial tcp [::1]:8443: connect: connection refused"
E0603 01:54:27.561992   24341 memcache.go:265] "Unhandled Error" err="couldn't get current server API group list: Get \"https://localhost:8443/api?timeout=32s\": dial tcp [::1]:8443: connect: connection refused"
E0603 01:54:27.563069   24341 memcache.go:265] "Unhandled Error" err="couldn't get current server API group list: Get \"https://localhost:8443/api?timeout=32s\": dial tcp [::1]:8443: connect: connection refused"
E0603 01:54:27.564415   24341 memcache.go:265] "Unhandled Error" err="couldn't get current server API group list: Get \"https://localhost:8443/api?timeout=32s\": dial tcp [::1]:8443: connect: connection refused"
The connection to the server localhost:8443 was refused - did you specify the right host or port?

** /stderr **
I0603 04:54:27.572863   10365 logs.go:122] Gathering logs for kube-apiserver [42270be2365f] ...
I0603 04:54:27.572877   10365 ssh_runner.go:194] Run: /bin/bash -c "docker logs --tail 400 42270be2365f"
I0603 04:54:27.671735   10365 logs.go:122] Gathering logs for kube-apiserver [85e4dc7631be] ...
I0603 04:54:27.671759   10365 ssh_runner.go:194] Run: /bin/bash -c "docker logs --tail 400 85e4dc7631be"
I0603 04:54:27.823663   10365 logs.go:122] Gathering logs for coredns [cd9183ebaff4] ...
I0603 04:54:27.823690   10365 ssh_runner.go:194] Run: /bin/bash -c "docker logs --tail 400 cd9183ebaff4"
I0603 04:54:27.874715   10365 logs.go:122] Gathering logs for kube-controller-manager [06814c3285c9] ...
I0603 04:54:27.874733   10365 ssh_runner.go:194] Run: /bin/bash -c "docker logs --tail 400 06814c3285c9"
I0603 04:54:27.946648   10365 logs.go:122] Gathering logs for Docker ...
I0603 04:54:27.946668   10365 ssh_runner.go:194] Run: /bin/bash -c "sudo journalctl -u docker -u cri-docker -n 400"
I0603 04:54:28.004128   10365 logs.go:122] Gathering logs for kube-proxy [613db8e8654c] ...
I0603 04:54:28.004148   10365 ssh_runner.go:194] Run: /bin/bash -c "docker logs --tail 400 613db8e8654c"
I0603 04:54:28.058504   10365 logs.go:122] Gathering logs for kubelet ...
I0603 04:54:28.058570   10365 ssh_runner.go:194] Run: /bin/bash -c "sudo journalctl -u kubelet -n 400"
I0603 04:54:28.166007   10365 logs.go:122] Gathering logs for dmesg ...
I0603 04:54:28.166031   10365 ssh_runner.go:194] Run: /bin/bash -c "sudo dmesg -PH -L=never --level warn,err,crit,alert,emerg | tail -n 400"
I0603 04:54:28.195428   10365 logs.go:122] Gathering logs for etcd [349258b6df58] ...
I0603 04:54:28.195446   10365 ssh_runner.go:194] Run: /bin/bash -c "docker logs --tail 400 349258b6df58"
I0603 04:54:28.372241   10365 logs.go:122] Gathering logs for kube-scheduler [a19d97dd9309] ...
I0603 04:54:28.372260   10365 ssh_runner.go:194] Run: /bin/bash -c "docker logs --tail 400 a19d97dd9309"
I0603 04:54:28.426041   10365 logs.go:122] Gathering logs for kube-scheduler [b898e357825c] ...
I0603 04:54:28.426061   10365 ssh_runner.go:194] Run: /bin/bash -c "docker logs --tail 400 b898e357825c"
I0603 04:54:28.493006   10365 logs.go:122] Gathering logs for kube-controller-manager [142a54608b27] ...
I0603 04:54:28.493043   10365 ssh_runner.go:194] Run: /bin/bash -c "docker logs --tail 400 142a54608b27"
I0603 04:54:28.567448   10365 logs.go:122] Gathering logs for controller_ingress [435dd4d847ee] ...
I0603 04:54:28.567470   10365 ssh_runner.go:194] Run: /bin/bash -c "docker logs --tail 400 435dd4d847ee"
I0603 04:54:28.626752   10365 logs.go:122] Gathering logs for storage-provisioner [4d2d81331688] ...
I0603 04:54:28.626774   10365 ssh_runner.go:194] Run: /bin/bash -c "docker logs --tail 400 4d2d81331688"
I0603 04:54:28.718507   10365 logs.go:122] Gathering logs for container status ...
I0603 04:54:28.718533   10365 ssh_runner.go:194] Run: /bin/bash -c "sudo `which crictl || echo crictl` ps -a || sudo docker ps -a"
I0603 04:54:28.817275   10365 logs.go:122] Gathering logs for etcd [21e19412e264] ...
I0603 04:54:28.817294   10365 ssh_runner.go:194] Run: /bin/bash -c "docker logs --tail 400 21e19412e264"
I0603 04:54:28.897219   10365 logs.go:122] Gathering logs for coredns [ac03be6e1600] ...
I0603 04:54:28.897242   10365 ssh_runner.go:194] Run: /bin/bash -c "docker logs --tail 400 ac03be6e1600"
I0603 04:54:28.963848   10365 logs.go:122] Gathering logs for kube-proxy [d57eab1ae12c] ...
I0603 04:54:28.963873   10365 ssh_runner.go:194] Run: /bin/bash -c "docker logs --tail 400 d57eab1ae12c"
I0603 04:54:29.017676   10365 logs.go:122] Gathering logs for storage-provisioner [bbe49a8a0f86] ...
I0603 04:54:29.017699   10365 ssh_runner.go:194] Run: /bin/bash -c "docker logs --tail 400 bbe49a8a0f86"
I0603 04:54:31.630737   10365 ssh_runner.go:194] Run: sudo pgrep -xnf kube-apiserver.*minikube.*
I0603 04:54:31.644899   10365 ssh_runner.go:194] Run: docker ps -a --filter=name=k8s_kube-apiserver --format={{.ID}}
I0603 04:54:31.667744   10365 logs.go:281] 2 containers: [42270be2365f 85e4dc7631be]
I0603 04:54:31.667820   10365 ssh_runner.go:194] Run: docker ps -a --filter=name=k8s_etcd --format={{.ID}}
I0603 04:54:31.691310   10365 logs.go:281] 2 containers: [349258b6df58 21e19412e264]
I0603 04:54:31.691387   10365 ssh_runner.go:194] Run: docker ps -a --filter=name=k8s_coredns --format={{.ID}}
I0603 04:54:31.712637   10365 logs.go:281] 2 containers: [ac03be6e1600 cd9183ebaff4]
I0603 04:54:31.712699   10365 ssh_runner.go:194] Run: docker ps -a --filter=name=k8s_kube-scheduler --format={{.ID}}
I0603 04:54:31.734633   10365 logs.go:281] 2 containers: [a19d97dd9309 b898e357825c]
I0603 04:54:31.734687   10365 ssh_runner.go:194] Run: docker ps -a --filter=name=k8s_kube-proxy --format={{.ID}}
I0603 04:54:31.757210   10365 logs.go:281] 2 containers: [d57eab1ae12c 613db8e8654c]
I0603 04:54:31.757272   10365 ssh_runner.go:194] Run: docker ps -a --filter=name=k8s_kube-controller-manager --format={{.ID}}
I0603 04:54:31.781222   10365 logs.go:281] 2 containers: [142a54608b27 06814c3285c9]
I0603 04:54:31.781285   10365 ssh_runner.go:194] Run: docker ps -a --filter=name=k8s_kindnet --format={{.ID}}
I0603 04:54:31.817133   10365 logs.go:281] 0 containers: []
W0603 04:54:31.817148   10365 logs.go:283] No container was found matching "kindnet"
I0603 04:54:31.817214   10365 ssh_runner.go:194] Run: docker ps -a --filter=name=k8s_controller_ingress --format={{.ID}}
I0603 04:54:31.844535   10365 logs.go:281] 1 containers: [435dd4d847ee]
I0603 04:54:31.844602   10365 ssh_runner.go:194] Run: docker ps -a --filter=name=k8s_storage-provisioner --format={{.ID}}
I0603 04:54:31.873490   10365 logs.go:281] 2 containers: [4d2d81331688 bbe49a8a0f86]
I0603 04:54:31.873508   10365 logs.go:122] Gathering logs for kube-proxy [d57eab1ae12c] ...
I0603 04:54:31.873514   10365 ssh_runner.go:194] Run: /bin/bash -c "docker logs --tail 400 d57eab1ae12c"
I0603 04:54:31.899818   10365 logs.go:122] Gathering logs for kube-proxy [613db8e8654c] ...
I0603 04:54:31.899830   10365 ssh_runner.go:194] Run: /bin/bash -c "docker logs --tail 400 613db8e8654c"
I0603 04:54:31.926557   10365 logs.go:122] Gathering logs for etcd [349258b6df58] ...
I0603 04:54:31.926569   10365 ssh_runner.go:194] Run: /bin/bash -c "docker logs --tail 400 349258b6df58"
I0603 04:54:32.014271   10365 logs.go:122] Gathering logs for etcd [21e19412e264] ...
I0603 04:54:32.014288   10365 ssh_runner.go:194] Run: /bin/bash -c "docker logs --tail 400 21e19412e264"
I0603 04:54:32.059452   10365 logs.go:122] Gathering logs for kube-scheduler [a19d97dd9309] ...
I0603 04:54:32.059473   10365 ssh_runner.go:194] Run: /bin/bash -c "docker logs --tail 400 a19d97dd9309"
I0603 04:54:32.086658   10365 logs.go:122] Gathering logs for controller_ingress [435dd4d847ee] ...
I0603 04:54:32.086671   10365 ssh_runner.go:194] Run: /bin/bash -c "docker logs --tail 400 435dd4d847ee"
I0603 04:54:32.115488   10365 logs.go:122] Gathering logs for dmesg ...
I0603 04:54:32.115503   10365 ssh_runner.go:194] Run: /bin/bash -c "sudo dmesg -PH -L=never --level warn,err,crit,alert,emerg | tail -n 400"
I0603 04:54:32.128974   10365 logs.go:122] Gathering logs for kube-apiserver [42270be2365f] ...
I0603 04:54:32.128989   10365 ssh_runner.go:194] Run: /bin/bash -c "docker logs --tail 400 42270be2365f"
I0603 04:54:32.180551   10365 logs.go:122] Gathering logs for kube-scheduler [b898e357825c] ...
I0603 04:54:32.180565   10365 ssh_runner.go:194] Run: /bin/bash -c "docker logs --tail 400 b898e357825c"
I0603 04:54:32.212432   10365 logs.go:122] Gathering logs for kube-controller-manager [06814c3285c9] ...
I0603 04:54:32.212447   10365 ssh_runner.go:194] Run: /bin/bash -c "docker logs --tail 400 06814c3285c9"
I0603 04:54:32.247736   10365 logs.go:122] Gathering logs for storage-provisioner [4d2d81331688] ...
I0603 04:54:32.247750   10365 ssh_runner.go:194] Run: /bin/bash -c "docker logs --tail 400 4d2d81331688"
I0603 04:54:32.295604   10365 logs.go:122] Gathering logs for storage-provisioner [bbe49a8a0f86] ...
I0603 04:54:32.295621   10365 ssh_runner.go:194] Run: /bin/bash -c "docker logs --tail 400 bbe49a8a0f86"
I0603 04:54:32.335941   10365 logs.go:122] Gathering logs for Docker ...
I0603 04:54:32.335956   10365 ssh_runner.go:194] Run: /bin/bash -c "sudo journalctl -u docker -u cri-docker -n 400"
I0603 04:54:32.363481   10365 logs.go:122] Gathering logs for container status ...
I0603 04:54:32.363494   10365 ssh_runner.go:194] Run: /bin/bash -c "sudo `which crictl || echo crictl` ps -a || sudo docker ps -a"
I0603 04:54:32.411748   10365 logs.go:122] Gathering logs for kubelet ...
I0603 04:54:32.411760   10365 ssh_runner.go:194] Run: /bin/bash -c "sudo journalctl -u kubelet -n 400"
I0603 04:54:32.453146   10365 logs.go:122] Gathering logs for describe nodes ...
I0603 04:54:32.453163   10365 ssh_runner.go:194] Run: /bin/bash -c "sudo /var/lib/minikube/binaries/v1.35.1/kubectl describe nodes --kubeconfig=/var/lib/minikube/kubeconfig"
W0603 04:54:32.520141   10365 logs.go:129] failed describe nodes: command: /bin/bash -c "sudo /var/lib/minikube/binaries/v1.35.1/kubectl describe nodes --kubeconfig=/var/lib/minikube/kubeconfig" /bin/bash -c "sudo /var/lib/minikube/binaries/v1.35.1/kubectl describe nodes --kubeconfig=/var/lib/minikube/kubeconfig": Process exited with status 1
stdout:

stderr:
E0603 01:54:32.509302   24818 memcache.go:265] "Unhandled Error" err="couldn't get current server API group list: Get \"https://localhost:8443/api?timeout=32s\": dial tcp [::1]:8443: connect: connection refused"
E0603 01:54:32.510130   24818 memcache.go:265] "Unhandled Error" err="couldn't get current server API group list: Get \"https://localhost:8443/api?timeout=32s\": dial tcp [::1]:8443: connect: connection refused"
E0603 01:54:32.512785   24818 memcache.go:265] "Unhandled Error" err="couldn't get current server API group list: Get \"https://localhost:8443/api?timeout=32s\": dial tcp [::1]:8443: connect: connection refused"
E0603 01:54:32.513468   24818 memcache.go:265] "Unhandled Error" err="couldn't get current server API group list: Get \"https://localhost:8443/api?timeout=32s\": dial tcp [::1]:8443: connect: connection refused"
E0603 01:54:32.515713   24818 memcache.go:265] "Unhandled Error" err="couldn't get current server API group list: Get \"https://localhost:8443/api?timeout=32s\": dial tcp [::1]:8443: connect: connection refused"
The connection to the server localhost:8443 was refused - did you specify the right host or port?
 output: 
** stderr ** 
E0603 01:54:32.509302   24818 memcache.go:265] "Unhandled Error" err="couldn't get current server API group list: Get \"https://localhost:8443/api?timeout=32s\": dial tcp [::1]:8443: connect: connection refused"
E0603 01:54:32.510130   24818 memcache.go:265] "Unhandled Error" err="couldn't get current server API group list: Get \"https://localhost:8443/api?timeout=32s\": dial tcp [::1]:8443: connect: connection refused"
E0603 01:54:32.512785   24818 memcache.go:265] "Unhandled Error" err="couldn't get current server API group list: Get \"https://localhost:8443/api?timeout=32s\": dial tcp [::1]:8443: connect: connection refused"
E0603 01:54:32.513468   24818 memcache.go:265] "Unhandled Error" err="couldn't get current server API group list: Get \"https://localhost:8443/api?timeout=32s\": dial tcp [::1]:8443: connect: connection refused"
E0603 01:54:32.515713   24818 memcache.go:265] "Unhandled Error" err="couldn't get current server API group list: Get \"https://localhost:8443/api?timeout=32s\": dial tcp [::1]:8443: connect: connection refused"
The connection to the server localhost:8443 was refused - did you specify the right host or port?

** /stderr **
I0603 04:54:32.520153   10365 logs.go:122] Gathering logs for kube-apiserver [85e4dc7631be] ...
I0603 04:54:32.520161   10365 ssh_runner.go:194] Run: /bin/bash -c "docker logs --tail 400 85e4dc7631be"
I0603 04:54:32.631245   10365 logs.go:122] Gathering logs for coredns [ac03be6e1600] ...
I0603 04:54:32.631264   10365 ssh_runner.go:194] Run: /bin/bash -c "docker logs --tail 400 ac03be6e1600"
I0603 04:54:32.666478   10365 logs.go:122] Gathering logs for coredns [cd9183ebaff4] ...
I0603 04:54:32.666490   10365 ssh_runner.go:194] Run: /bin/bash -c "docker logs --tail 400 cd9183ebaff4"
I0603 04:54:32.693480   10365 logs.go:122] Gathering logs for kube-controller-manager [142a54608b27] ...
I0603 04:54:32.693499   10365 ssh_runner.go:194] Run: /bin/bash -c "docker logs --tail 400 142a54608b27"
I0603 04:54:33.385024   10365 kapi.go:81] temporary error: getting Pods with label selector "app.kubernetes.io/name=ingress-nginx" : [Get "https://127.0.0.1:32771/api/v1/namespaces/ingress-nginx/pods?labelSelector=app.kubernetes.io%2Fname%3Dingress-nginx": read tcp 127.0.0.1:37822->127.0.0.1:32771: read: connection reset by peer - error from a previous attempt: read tcp 127.0.0.1:37812->127.0.0.1:32771: read: connection reset by peer]
I0603 04:54:35.230203   10365 ssh_runner.go:194] Run: sudo pgrep -xnf kube-apiserver.*minikube.*
I0603 04:54:35.260527   10365 ssh_runner.go:194] Run: docker ps -a --filter=name=k8s_kube-apiserver --format={{.ID}}
I0603 04:54:35.299639   10365 logs.go:281] 2 containers: [42270be2365f 85e4dc7631be]
I0603 04:54:35.299702   10365 ssh_runner.go:194] Run: docker ps -a --filter=name=k8s_etcd --format={{.ID}}
I0603 04:54:35.322463   10365 logs.go:281] 2 containers: [349258b6df58 21e19412e264]
I0603 04:54:35.322520   10365 ssh_runner.go:194] Run: docker ps -a --filter=name=k8s_coredns --format={{.ID}}
I0603 04:54:35.345216   10365 logs.go:281] 2 containers: [ac03be6e1600 cd9183ebaff4]
I0603 04:54:35.345304   10365 ssh_runner.go:194] Run: docker ps -a --filter=name=k8s_kube-scheduler --format={{.ID}}
I0603 04:54:35.369428   10365 logs.go:281] 2 containers: [a19d97dd9309 b898e357825c]
I0603 04:54:35.369483   10365 ssh_runner.go:194] Run: docker ps -a --filter=name=k8s_kube-proxy --format={{.ID}}
I0603 04:54:35.394355   10365 logs.go:281] 2 containers: [d57eab1ae12c 613db8e8654c]
I0603 04:54:35.394429   10365 ssh_runner.go:194] Run: docker ps -a --filter=name=k8s_kube-controller-manager --format={{.ID}}
I0603 04:54:35.418049   10365 logs.go:281] 2 containers: [142a54608b27 06814c3285c9]
I0603 04:54:35.418118   10365 ssh_runner.go:194] Run: docker ps -a --filter=name=k8s_kindnet --format={{.ID}}
I0603 04:54:35.440775   10365 logs.go:281] 0 containers: []
W0603 04:54:35.440795   10365 logs.go:283] No container was found matching "kindnet"
I0603 04:54:35.440852   10365 ssh_runner.go:194] Run: docker ps -a --filter=name=k8s_controller_ingress --format={{.ID}}
I0603 04:54:35.463574   10365 logs.go:281] 1 containers: [435dd4d847ee]
I0603 04:54:35.463640   10365 ssh_runner.go:194] Run: docker ps -a --filter=name=k8s_storage-provisioner --format={{.ID}}
I0603 04:54:35.487682   10365 logs.go:281] 2 containers: [4d2d81331688 bbe49a8a0f86]
I0603 04:54:35.487699   10365 logs.go:122] Gathering logs for storage-provisioner [4d2d81331688] ...
I0603 04:54:35.487706   10365 ssh_runner.go:194] Run: /bin/bash -c "docker logs --tail 400 4d2d81331688"
I0603 04:54:35.534666   10365 logs.go:122] Gathering logs for container status ...
I0603 04:54:35.534683   10365 ssh_runner.go:194] Run: /bin/bash -c "sudo `which crictl || echo crictl` ps -a || sudo docker ps -a"
I0603 04:54:35.597137   10365 logs.go:122] Gathering logs for kubelet ...
I0603 04:54:35.597154   10365 ssh_runner.go:194] Run: /bin/bash -c "sudo journalctl -u kubelet -n 400"
I0603 04:54:35.649465   10365 logs.go:122] Gathering logs for describe nodes ...
I0603 04:54:35.649482   10365 ssh_runner.go:194] Run: /bin/bash -c "sudo /var/lib/minikube/binaries/v1.35.1/kubectl describe nodes --kubeconfig=/var/lib/minikube/kubeconfig"
W0603 04:54:35.717523   10365 logs.go:129] failed describe nodes: command: /bin/bash -c "sudo /var/lib/minikube/binaries/v1.35.1/kubectl describe nodes --kubeconfig=/var/lib/minikube/kubeconfig" /bin/bash -c "sudo /var/lib/minikube/binaries/v1.35.1/kubectl describe nodes --kubeconfig=/var/lib/minikube/kubeconfig": Process exited with status 1
stdout:

stderr:
E0603 01:54:35.705745   25047 memcache.go:265] "Unhandled Error" err="couldn't get current server API group list: Get \"https://localhost:8443/api?timeout=32s\": dial tcp [::1]:8443: connect: connection refused"
E0603 01:54:35.706358   25047 memcache.go:265] "Unhandled Error" err="couldn't get current server API group list: Get \"https://localhost:8443/api?timeout=32s\": dial tcp [::1]:8443: connect: connection refused"
E0603 01:54:35.708203   25047 memcache.go:265] "Unhandled Error" err="couldn't get current server API group list: Get \"https://localhost:8443/api?timeout=32s\": dial tcp [::1]:8443: connect: connection refused"
E0603 01:54:35.708907   25047 memcache.go:265] "Unhandled Error" err="couldn't get current server API group list: Get \"https://localhost:8443/api?timeout=32s\": dial tcp [::1]:8443: connect: connection refused"
E0603 01:54:35.711665   25047 memcache.go:265] "Unhandled Error" err="couldn't get current server API group list: Get \"https://localhost:8443/api?timeout=32s\": dial tcp [::1]:8443: connect: connection refused"
The connection to the server localhost:8443 was refused - did you specify the right host or port?
 output: 
** stderr ** 
E0603 01:54:35.705745   25047 memcache.go:265] "Unhandled Error" err="couldn't get current server API group list: Get \"https://localhost:8443/api?timeout=32s\": dial tcp [::1]:8443: connect: connection refused"
E0603 01:54:35.706358   25047 memcache.go:265] "Unhandled Error" err="couldn't get current server API group list: Get \"https://localhost:8443/api?timeout=32s\": dial tcp [::1]:8443: connect: connection refused"
E0603 01:54:35.708203   25047 memcache.go:265] "Unhandled Error" err="couldn't get current server API group list: Get \"https://localhost:8443/api?timeout=32s\": dial tcp [::1]:8443: connect: connection refused"
E0603 01:54:35.708907   25047 memcache.go:265] "Unhandled Error" err="couldn't get current server API group list: Get \"https://localhost:8443/api?timeout=32s\": dial tcp [::1]:8443: connect: connection refused"
E0603 01:54:35.711665   25047 memcache.go:265] "Unhandled Error" err="couldn't get current server API group list: Get \"https://localhost:8443/api?timeout=32s\": dial tcp [::1]:8443: connect: connection refused"
The connection to the server localhost:8443 was refused - did you specify the right host or port?

** /stderr **
I0603 04:54:35.717533   10365 logs.go:122] Gathering logs for kube-apiserver [42270be2365f] ...
I0603 04:54:35.717541   10365 ssh_runner.go:194] Run: /bin/bash -c "docker logs --tail 400 42270be2365f"
I0603 04:54:35.764037   10365 logs.go:122] Gathering logs for controller_ingress [435dd4d847ee] ...
I0603 04:54:35.764053   10365 ssh_runner.go:194] Run: /bin/bash -c "docker logs --tail 400 435dd4d847ee"
I0603 04:54:35.795136   10365 logs.go:122] Gathering logs for dmesg ...
I0603 04:54:35.795152   10365 ssh_runner.go:194] Run: /bin/bash -c "sudo dmesg -PH -L=never --level warn,err,crit,alert,emerg | tail -n 400"
I0603 04:54:35.808859   10365 logs.go:122] Gathering logs for kube-apiserver [85e4dc7631be] ...
I0603 04:54:35.808874   10365 ssh_runner.go:194] Run: /bin/bash -c "docker logs --tail 400 85e4dc7631be"
I0603 04:54:35.904468   10365 logs.go:122] Gathering logs for etcd [21e19412e264] ...
I0603 04:54:35.904488   10365 ssh_runner.go:194] Run: /bin/bash -c "docker logs --tail 400 21e19412e264"
I0603 04:54:35.956048   10365 logs.go:122] Gathering logs for coredns [cd9183ebaff4] ...
I0603 04:54:35.956065   10365 ssh_runner.go:194] Run: /bin/bash -c "docker logs --tail 400 cd9183ebaff4"
I0603 04:54:35.997170   10365 logs.go:122] Gathering logs for kube-scheduler [b898e357825c] ...
I0603 04:54:35.997181   10365 ssh_runner.go:194] Run: /bin/bash -c "docker logs --tail 400 b898e357825c"
I0603 04:54:36.028218   10365 logs.go:122] Gathering logs for kube-proxy [d57eab1ae12c] ...
I0603 04:54:36.028229   10365 ssh_runner.go:194] Run: /bin/bash -c "docker logs --tail 400 d57eab1ae12c"
I0603 04:54:36.055126   10365 logs.go:122] Gathering logs for storage-provisioner [bbe49a8a0f86] ...
I0603 04:54:36.055139   10365 ssh_runner.go:194] Run: /bin/bash -c "docker logs --tail 400 bbe49a8a0f86"
I0603 04:54:36.094528   10365 logs.go:122] Gathering logs for etcd [349258b6df58] ...
I0603 04:54:36.094542   10365 ssh_runner.go:194] Run: /bin/bash -c "docker logs --tail 400 349258b6df58"
I0603 04:54:36.178305   10365 logs.go:122] Gathering logs for kube-scheduler [a19d97dd9309] ...
I0603 04:54:36.178320   10365 ssh_runner.go:194] Run: /bin/bash -c "docker logs --tail 400 a19d97dd9309"
I0603 04:54:36.205138   10365 logs.go:122] Gathering logs for kube-controller-manager [142a54608b27] ...
I0603 04:54:36.205149   10365 ssh_runner.go:194] Run: /bin/bash -c "docker logs --tail 400 142a54608b27"
I0603 04:54:36.240408   10365 logs.go:122] Gathering logs for kube-controller-manager [06814c3285c9] ...
I0603 04:54:36.240421   10365 ssh_runner.go:194] Run: /bin/bash -c "docker logs --tail 400 06814c3285c9"
I0603 04:54:36.275627   10365 logs.go:122] Gathering logs for Docker ...
I0603 04:54:36.275645   10365 ssh_runner.go:194] Run: /bin/bash -c "sudo journalctl -u docker -u cri-docker -n 400"
I0603 04:54:36.302135   10365 logs.go:122] Gathering logs for coredns [ac03be6e1600] ...
I0603 04:54:36.302148   10365 ssh_runner.go:194] Run: /bin/bash -c "docker logs --tail 400 ac03be6e1600"
I0603 04:54:36.339950   10365 logs.go:122] Gathering logs for kube-proxy [613db8e8654c] ...
I0603 04:54:36.339964   10365 ssh_runner.go:194] Run: /bin/bash -c "docker logs --tail 400 613db8e8654c"
I0603 04:54:38.876141   10365 ssh_runner.go:194] Run: sudo pgrep -xnf kube-apiserver.*minikube.*
I0603 04:54:38.937562   10365 ssh_runner.go:194] Run: docker ps -a --filter=name=k8s_kube-apiserver --format={{.ID}}
I0603 04:54:38.976706   10365 logs.go:281] 2 containers: [42270be2365f 85e4dc7631be]
I0603 04:54:38.976810   10365 ssh_runner.go:194] Run: docker ps -a --filter=name=k8s_etcd --format={{.ID}}
I0603 04:54:39.013950   10365 logs.go:281] 2 containers: [349258b6df58 21e19412e264]
I0603 04:54:39.014047   10365 ssh_runner.go:194] Run: docker ps -a --filter=name=k8s_coredns --format={{.ID}}
I0603 04:54:39.045527   10365 logs.go:281] 2 containers: [ac03be6e1600 cd9183ebaff4]
I0603 04:54:39.045593   10365 ssh_runner.go:194] Run: docker ps -a --filter=name=k8s_kube-scheduler --format={{.ID}}
I0603 04:54:39.073193   10365 logs.go:281] 2 containers: [a19d97dd9309 b898e357825c]
I0603 04:54:39.073273   10365 ssh_runner.go:194] Run: docker ps -a --filter=name=k8s_kube-proxy --format={{.ID}}
I0603 04:54:39.101603   10365 logs.go:281] 2 containers: [d57eab1ae12c 613db8e8654c]
I0603 04:54:39.101691   10365 ssh_runner.go:194] Run: docker ps -a --filter=name=k8s_kube-controller-manager --format={{.ID}}
I0603 04:54:39.125968   10365 logs.go:281] 2 containers: [142a54608b27 06814c3285c9]
I0603 04:54:39.126049   10365 ssh_runner.go:194] Run: docker ps -a --filter=name=k8s_kindnet --format={{.ID}}
I0603 04:54:39.148231   10365 logs.go:281] 0 containers: []
W0603 04:54:39.148243   10365 logs.go:283] No container was found matching "kindnet"
I0603 04:54:39.148294   10365 ssh_runner.go:194] Run: docker ps -a --filter=name=k8s_controller_ingress --format={{.ID}}
I0603 04:54:39.171067   10365 logs.go:281] 1 containers: [435dd4d847ee]
I0603 04:54:39.171136   10365 ssh_runner.go:194] Run: docker ps -a --filter=name=k8s_storage-provisioner --format={{.ID}}
I0603 04:54:39.195560   10365 logs.go:281] 2 containers: [4d2d81331688 bbe49a8a0f86]
I0603 04:54:39.195575   10365 logs.go:122] Gathering logs for kube-controller-manager [142a54608b27] ...
I0603 04:54:39.195582   10365 ssh_runner.go:194] Run: /bin/bash -c "docker logs --tail 400 142a54608b27"
I0603 04:54:39.232027   10365 logs.go:122] Gathering logs for kube-apiserver [42270be2365f] ...
I0603 04:54:39.232044   10365 ssh_runner.go:194] Run: /bin/bash -c "docker logs --tail 400 42270be2365f"
I0603 04:54:39.280473   10365 logs.go:122] Gathering logs for kube-scheduler [b898e357825c] ...
I0603 04:54:39.280489   10365 ssh_runner.go:194] Run: /bin/bash -c "docker logs --tail 400 b898e357825c"
I0603 04:54:39.348386   10365 logs.go:122] Gathering logs for controller_ingress [435dd4d847ee] ...
I0603 04:54:39.348407   10365 ssh_runner.go:194] Run: /bin/bash -c "docker logs --tail 400 435dd4d847ee"
I0603 04:54:39.383862   10365 logs.go:122] Gathering logs for describe nodes ...
I0603 04:54:39.383897   10365 ssh_runner.go:194] Run: /bin/bash -c "sudo /var/lib/minikube/binaries/v1.35.1/kubectl describe nodes --kubeconfig=/var/lib/minikube/kubeconfig"
W0603 04:54:39.600037   10365 logs.go:129] failed describe nodes: command: /bin/bash -c "sudo /var/lib/minikube/binaries/v1.35.1/kubectl describe nodes --kubeconfig=/var/lib/minikube/kubeconfig" /bin/bash -c "sudo /var/lib/minikube/binaries/v1.35.1/kubectl describe nodes --kubeconfig=/var/lib/minikube/kubeconfig": Process exited with status 1
stdout:

stderr:
E0603 01:54:39.587620   25388 memcache.go:265] "Unhandled Error" err="couldn't get current server API group list: Get \"https://localhost:8443/api?timeout=32s\": dial tcp [::1]:8443: connect: connection refused"
E0603 01:54:39.588823   25388 memcache.go:265] "Unhandled Error" err="couldn't get current server API group list: Get \"https://localhost:8443/api?timeout=32s\": dial tcp [::1]:8443: connect: connection refused"
E0603 01:54:39.589820   25388 memcache.go:265] "Unhandled Error" err="couldn't get current server API group list: Get \"https://localhost:8443/api?timeout=32s\": dial tcp [::1]:8443: connect: connection refused"
E0603 01:54:39.590995   25388 memcache.go:265] "Unhandled Error" err="couldn't get current server API group list: Get \"https://localhost:8443/api?timeout=32s\": dial tcp [::1]:8443: connect: connection refused"
E0603 01:54:39.591898   25388 memcache.go:265] "Unhandled Error" err="couldn't get current server API group list: Get \"https://localhost:8443/api?timeout=32s\": dial tcp [::1]:8443: connect: connection refused"
The connection to the server localhost:8443 was refused - did you specify the right host or port?
 output: 
** stderr ** 
E0603 01:54:39.587620   25388 memcache.go:265] "Unhandled Error" err="couldn't get current server API group list: Get \"https://localhost:8443/api?timeout=32s\": dial tcp [::1]:8443: connect: connection refused"
E0603 01:54:39.588823   25388 memcache.go:265] "Unhandled Error" err="couldn't get current server API group list: Get \"https://localhost:8443/api?timeout=32s\": dial tcp [::1]:8443: connect: connection refused"
E0603 01:54:39.589820   25388 memcache.go:265] "Unhandled Error" err="couldn't get current server API group list: Get \"https://localhost:8443/api?timeout=32s\": dial tcp [::1]:8443: connect: connection refused"
E0603 01:54:39.590995   25388 memcache.go:265] "Unhandled Error" err="couldn't get current server API group list: Get \"https://localhost:8443/api?timeout=32s\": dial tcp [::1]:8443: connect: connection refused"
E0603 01:54:39.591898   25388 memcache.go:265] "Unhandled Error" err="couldn't get current server API group list: Get \"https://localhost:8443/api?timeout=32s\": dial tcp [::1]:8443: connect: connection refused"
The connection to the server localhost:8443 was refused - did you specify the right host or port?

** /stderr **
I0603 04:54:39.600049   10365 logs.go:122] Gathering logs for kube-apiserver [85e4dc7631be] ...
I0603 04:54:39.600061   10365 ssh_runner.go:194] Run: /bin/bash -c "docker logs --tail 400 85e4dc7631be"
I0603 04:54:39.716091   10365 logs.go:122] Gathering logs for etcd [349258b6df58] ...
I0603 04:54:39.716110   10365 ssh_runner.go:194] Run: /bin/bash -c "docker logs --tail 400 349258b6df58"
I0603 04:54:39.795520   10365 logs.go:122] Gathering logs for kube-scheduler [a19d97dd9309] ...
I0603 04:54:39.795536   10365 ssh_runner.go:194] Run: /bin/bash -c "docker logs --tail 400 a19d97dd9309"
I0603 04:54:39.821700   10365 logs.go:122] Gathering logs for kubelet ...
I0603 04:54:39.821713   10365 ssh_runner.go:194] Run: /bin/bash -c "sudo journalctl -u kubelet -n 400"
I0603 04:54:39.866646   10365 logs.go:122] Gathering logs for etcd [21e19412e264] ...
I0603 04:54:39.866661   10365 ssh_runner.go:194] Run: /bin/bash -c "docker logs --tail 400 21e19412e264"
I0603 04:54:39.907620   10365 logs.go:122] Gathering logs for coredns [ac03be6e1600] ...
I0603 04:54:39.907636   10365 ssh_runner.go:194] Run: /bin/bash -c "docker logs --tail 400 ac03be6e1600"
I0603 04:54:39.941154   10365 logs.go:122] Gathering logs for coredns [cd9183ebaff4] ...
I0603 04:54:39.941164   10365 ssh_runner.go:194] Run: /bin/bash -c "docker logs --tail 400 cd9183ebaff4"
I0603 04:54:39.970316   10365 logs.go:122] Gathering logs for kube-proxy [d57eab1ae12c] ...
I0603 04:54:39.970329   10365 ssh_runner.go:194] Run: /bin/bash -c "docker logs --tail 400 d57eab1ae12c"
I0603 04:54:39.997724   10365 logs.go:122] Gathering logs for kube-proxy [613db8e8654c] ...
I0603 04:54:39.997736   10365 ssh_runner.go:194] Run: /bin/bash -c "docker logs --tail 400 613db8e8654c"
I0603 04:54:40.025212   10365 logs.go:122] Gathering logs for Docker ...
I0603 04:54:40.025225   10365 ssh_runner.go:194] Run: /bin/bash -c "sudo journalctl -u docker -u cri-docker -n 400"
I0603 04:54:40.061920   10365 logs.go:122] Gathering logs for dmesg ...
I0603 04:54:40.061938   10365 ssh_runner.go:194] Run: /bin/bash -c "sudo dmesg -PH -L=never --level warn,err,crit,alert,emerg | tail -n 400"
I0603 04:54:40.078255   10365 logs.go:122] Gathering logs for kube-controller-manager [06814c3285c9] ...
I0603 04:54:40.078267   10365 ssh_runner.go:194] Run: /bin/bash -c "docker logs --tail 400 06814c3285c9"
I0603 04:54:40.124737   10365 logs.go:122] Gathering logs for storage-provisioner [4d2d81331688] ...
I0603 04:54:40.124755   10365 ssh_runner.go:194] Run: /bin/bash -c "docker logs --tail 400 4d2d81331688"
I0603 04:54:40.172633   10365 logs.go:122] Gathering logs for storage-provisioner [bbe49a8a0f86] ...
I0603 04:54:40.172650   10365 ssh_runner.go:194] Run: /bin/bash -c "docker logs --tail 400 bbe49a8a0f86"
I0603 04:54:40.211568   10365 logs.go:122] Gathering logs for container status ...
I0603 04:54:40.211581   10365 ssh_runner.go:194] Run: /bin/bash -c "sudo `which crictl || echo crictl` ps -a || sudo docker ps -a"
I0603 04:54:42.756917   10365 ssh_runner.go:194] Run: sudo pgrep -xnf kube-apiserver.*minikube.*
I0603 04:54:42.789313   10365 ssh_runner.go:194] Run: docker ps -a --filter=name=k8s_kube-apiserver --format={{.ID}}
I0603 04:54:42.839207   10365 logs.go:281] 2 containers: [42270be2365f 85e4dc7631be]
I0603 04:54:42.839321   10365 ssh_runner.go:194] Run: docker ps -a --filter=name=k8s_etcd --format={{.ID}}
I0603 04:54:42.889731   10365 logs.go:281] 2 containers: [349258b6df58 21e19412e264]
I0603 04:54:42.889866   10365 ssh_runner.go:194] Run: docker ps -a --filter=name=k8s_coredns --format={{.ID}}
I0603 04:54:42.939465   10365 logs.go:281] 2 containers: [ac03be6e1600 cd9183ebaff4]
I0603 04:54:42.939614   10365 ssh_runner.go:194] Run: docker ps -a --filter=name=k8s_kube-scheduler --format={{.ID}}
I0603 04:54:42.994015   10365 logs.go:281] 2 containers: [a19d97dd9309 b898e357825c]
I0603 04:54:42.994119   10365 ssh_runner.go:194] Run: docker ps -a --filter=name=k8s_kube-proxy --format={{.ID}}
I0603 04:54:43.040941   10365 logs.go:281] 2 containers: [d57eab1ae12c 613db8e8654c]
I0603 04:54:43.041043   10365 ssh_runner.go:194] Run: docker ps -a --filter=name=k8s_kube-controller-manager --format={{.ID}}
I0603 04:54:43.092617   10365 logs.go:281] 2 containers: [142a54608b27 06814c3285c9]
I0603 04:54:43.092869   10365 ssh_runner.go:194] Run: docker ps -a --filter=name=k8s_kindnet --format={{.ID}}
I0603 04:54:43.141771   10365 logs.go:281] 0 containers: []
W0603 04:54:43.141789   10365 logs.go:283] No container was found matching "kindnet"
I0603 04:54:43.141870   10365 ssh_runner.go:194] Run: docker ps -a --filter=name=k8s_controller_ingress --format={{.ID}}
I0603 04:54:43.194591   10365 logs.go:281] 1 containers: [435dd4d847ee]
I0603 04:54:43.194748   10365 ssh_runner.go:194] Run: docker ps -a --filter=name=k8s_storage-provisioner --format={{.ID}}
I0603 04:54:43.246699   10365 logs.go:281] 2 containers: [4d2d81331688 bbe49a8a0f86]
I0603 04:54:43.246728   10365 logs.go:122] Gathering logs for Docker ...
I0603 04:54:43.246744   10365 ssh_runner.go:194] Run: /bin/bash -c "sudo journalctl -u docker -u cri-docker -n 400"
I0603 04:54:43.308146   10365 logs.go:122] Gathering logs for etcd [21e19412e264] ...
I0603 04:54:43.308170   10365 ssh_runner.go:194] Run: /bin/bash -c "docker logs --tail 400 21e19412e264"
I0603 04:54:43.396385   10365 logs.go:122] Gathering logs for kube-proxy [d57eab1ae12c] ...
I0603 04:54:43.396410   10365 ssh_runner.go:194] Run: /bin/bash -c "docker logs --tail 400 d57eab1ae12c"
I0603 04:54:43.406382   10365 kapi.go:81] temporary error: getting Pods with label selector "app.kubernetes.io/name=ingress-nginx" : [Get "https://127.0.0.1:32771/api/v1/namespaces/ingress-nginx/pods?labelSelector=app.kubernetes.io%2Fname%3Dingress-nginx": EOF]
I0603 04:54:43.453791   10365 logs.go:122] Gathering logs for controller_ingress [435dd4d847ee] ...
I0603 04:54:43.453815   10365 ssh_runner.go:194] Run: /bin/bash -c "docker logs --tail 400 435dd4d847ee"
I0603 04:54:43.515834   10365 logs.go:122] Gathering logs for storage-provisioner [4d2d81331688] ...
I0603 04:54:43.515862   10365 ssh_runner.go:194] Run: /bin/bash -c "docker logs --tail 400 4d2d81331688"
I0603 04:54:43.675019   10365 logs.go:122] Gathering logs for kubelet ...
I0603 04:54:43.675055   10365 ssh_runner.go:194] Run: /bin/bash -c "sudo journalctl -u kubelet -n 400"
I0603 04:54:43.788469   10365 logs.go:122] Gathering logs for describe nodes ...
I0603 04:54:43.788494   10365 ssh_runner.go:194] Run: /bin/bash -c "sudo /var/lib/minikube/binaries/v1.35.1/kubectl describe nodes --kubeconfig=/var/lib/minikube/kubeconfig"
W0603 04:54:43.930021   10365 logs.go:129] failed describe nodes: command: /bin/bash -c "sudo /var/lib/minikube/binaries/v1.35.1/kubectl describe nodes --kubeconfig=/var/lib/minikube/kubeconfig" /bin/bash -c "sudo /var/lib/minikube/binaries/v1.35.1/kubectl describe nodes --kubeconfig=/var/lib/minikube/kubeconfig": Process exited with status 1
stdout:

stderr:
E0603 01:54:43.914686   25732 memcache.go:265] "Unhandled Error" err="couldn't get current server API group list: Get \"https://localhost:8443/api?timeout=32s\": dial tcp [::1]:8443: connect: connection refused"
E0603 01:54:43.916200   25732 memcache.go:265] "Unhandled Error" err="couldn't get current server API group list: Get \"https://localhost:8443/api?timeout=32s\": dial tcp [::1]:8443: connect: connection refused"
E0603 01:54:43.917746   25732 memcache.go:265] "Unhandled Error" err="couldn't get current server API group list: Get \"https://localhost:8443/api?timeout=32s\": dial tcp [::1]:8443: connect: connection refused"
E0603 01:54:43.919303   25732 memcache.go:265] "Unhandled Error" err="couldn't get current server API group list: Get \"https://localhost:8443/api?timeout=32s\": dial tcp [::1]:8443: connect: connection refused"
E0603 01:54:43.920650   25732 memcache.go:265] "Unhandled Error" err="couldn't get current server API group list: Get \"https://localhost:8443/api?timeout=32s\": dial tcp [::1]:8443: connect: connection refused"
The connection to the server localhost:8443 was refused - did you specify the right host or port?
 output: 
** stderr ** 
E0603 01:54:43.914686   25732 memcache.go:265] "Unhandled Error" err="couldn't get current server API group list: Get \"https://localhost:8443/api?timeout=32s\": dial tcp [::1]:8443: connect: connection refused"
E0603 01:54:43.916200   25732 memcache.go:265] "Unhandled Error" err="couldn't get current server API group list: Get \"https://localhost:8443/api?timeout=32s\": dial tcp [::1]:8443: connect: connection refused"
E0603 01:54:43.917746   25732 memcache.go:265] "Unhandled Error" err="couldn't get current server API group list: Get \"https://localhost:8443/api?timeout=32s\": dial tcp [::1]:8443: connect: connection refused"
E0603 01:54:43.919303   25732 memcache.go:265] "Unhandled Error" err="couldn't get current server API group list: Get \"https://localhost:8443/api?timeout=32s\": dial tcp [::1]:8443: connect: connection refused"
E0603 01:54:43.920650   25732 memcache.go:265] "Unhandled Error" err="couldn't get current server API group list: Get \"https://localhost:8443/api?timeout=32s\": dial tcp [::1]:8443: connect: connection refused"
The connection to the server localhost:8443 was refused - did you specify the right host or port?

** /stderr **
I0603 04:54:43.930036   10365 logs.go:122] Gathering logs for kube-apiserver [42270be2365f] ...
I0603 04:54:43.930052   10365 ssh_runner.go:194] Run: /bin/bash -c "docker logs --tail 400 42270be2365f"
I0603 04:54:44.041865   10365 logs.go:122] Gathering logs for etcd [349258b6df58] ...
I0603 04:54:44.041890   10365 ssh_runner.go:194] Run: /bin/bash -c "docker logs --tail 400 349258b6df58"
I0603 04:54:44.217650   10365 logs.go:122] Gathering logs for kube-proxy [613db8e8654c] ...
I0603 04:54:44.217675   10365 ssh_runner.go:194] Run: /bin/bash -c "docker logs --tail 400 613db8e8654c"
I0603 04:54:44.297418   10365 logs.go:122] Gathering logs for storage-provisioner [bbe49a8a0f86] ...
I0603 04:54:44.297448   10365 ssh_runner.go:194] Run: /bin/bash -c "docker logs --tail 400 bbe49a8a0f86"
I0603 04:54:44.387769   10365 logs.go:122] Gathering logs for dmesg ...
I0603 04:54:44.387792   10365 ssh_runner.go:194] Run: /bin/bash -c "sudo dmesg -PH -L=never --level warn,err,crit,alert,emerg | tail -n 400"
I0603 04:54:44.417345   10365 logs.go:122] Gathering logs for kube-apiserver [85e4dc7631be] ...
I0603 04:54:44.417369   10365 ssh_runner.go:194] Run: /bin/bash -c "docker logs --tail 400 85e4dc7631be"
I0603 04:54:44.571872   10365 logs.go:122] Gathering logs for coredns [ac03be6e1600] ...
I0603 04:54:44.571900   10365 ssh_runner.go:194] Run: /bin/bash -c "docker logs --tail 400 ac03be6e1600"
I0603 04:54:44.658302   10365 logs.go:122] Gathering logs for kube-scheduler [a19d97dd9309] ...
I0603 04:54:44.658326   10365 ssh_runner.go:194] Run: /bin/bash -c "docker logs --tail 400 a19d97dd9309"
I0603 04:54:44.718276   10365 logs.go:122] Gathering logs for kube-scheduler [b898e357825c] ...
I0603 04:54:44.718298   10365 ssh_runner.go:194] Run: /bin/bash -c "docker logs --tail 400 b898e357825c"
I0603 04:54:44.787104   10365 logs.go:122] Gathering logs for kube-controller-manager [142a54608b27] ...
I0603 04:54:44.787124   10365 ssh_runner.go:194] Run: /bin/bash -c "docker logs --tail 400 142a54608b27"
I0603 04:54:44.859215   10365 logs.go:122] Gathering logs for container status ...
I0603 04:54:44.859237   10365 ssh_runner.go:194] Run: /bin/bash -c "sudo `which crictl || echo crictl` ps -a || sudo docker ps -a"
I0603 04:54:44.949486   10365 logs.go:122] Gathering logs for coredns [cd9183ebaff4] ...
I0603 04:54:44.949507   10365 ssh_runner.go:194] Run: /bin/bash -c "docker logs --tail 400 cd9183ebaff4"
I0603 04:54:45.006804   10365 logs.go:122] Gathering logs for kube-controller-manager [06814c3285c9] ...
I0603 04:54:45.006824   10365 ssh_runner.go:194] Run: /bin/bash -c "docker logs --tail 400 06814c3285c9"
I0603 04:54:49.095988   10365 ssh_runner.go:194] Run: sudo pgrep -xnf kube-apiserver.*minikube.*
I0603 04:54:49.133455   10365 ssh_runner.go:194] Run: docker ps -a --filter=name=k8s_kube-apiserver --format={{.ID}}
I0603 04:54:49.199360   10365 logs.go:281] 2 containers: [42270be2365f 85e4dc7631be]
I0603 04:54:49.199517   10365 ssh_runner.go:194] Run: docker ps -a --filter=name=k8s_etcd --format={{.ID}}
I0603 04:54:49.252164   10365 logs.go:281] 2 containers: [349258b6df58 21e19412e264]
I0603 04:54:49.252320   10365 ssh_runner.go:194] Run: docker ps -a --filter=name=k8s_coredns --format={{.ID}}
I0603 04:54:49.304910   10365 logs.go:281] 2 containers: [ac03be6e1600 cd9183ebaff4]
I0603 04:54:49.305065   10365 ssh_runner.go:194] Run: docker ps -a --filter=name=k8s_kube-scheduler --format={{.ID}}
I0603 04:54:49.355164   10365 logs.go:281] 2 containers: [a19d97dd9309 b898e357825c]
I0603 04:54:49.355267   10365 ssh_runner.go:194] Run: docker ps -a --filter=name=k8s_kube-proxy --format={{.ID}}
I0603 04:54:49.403809   10365 logs.go:281] 2 containers: [d57eab1ae12c 613db8e8654c]
I0603 04:54:49.403923   10365 ssh_runner.go:194] Run: docker ps -a --filter=name=k8s_kube-controller-manager --format={{.ID}}
I0603 04:54:49.452057   10365 logs.go:281] 2 containers: [142a54608b27 06814c3285c9]
I0603 04:54:49.452225   10365 ssh_runner.go:194] Run: docker ps -a --filter=name=k8s_kindnet --format={{.ID}}
I0603 04:54:49.501182   10365 logs.go:281] 0 containers: []
W0603 04:54:49.501202   10365 logs.go:283] No container was found matching "kindnet"
I0603 04:54:49.501292   10365 ssh_runner.go:194] Run: docker ps -a --filter=name=k8s_controller_ingress --format={{.ID}}
I0603 04:54:49.552307   10365 logs.go:281] 1 containers: [435dd4d847ee]
I0603 04:54:49.552439   10365 ssh_runner.go:194] Run: docker ps -a --filter=name=k8s_storage-provisioner --format={{.ID}}
I0603 04:54:49.601492   10365 logs.go:281] 2 containers: [4d2d81331688 bbe49a8a0f86]
I0603 04:54:49.601519   10365 logs.go:122] Gathering logs for coredns [ac03be6e1600] ...
I0603 04:54:49.601531   10365 ssh_runner.go:194] Run: /bin/bash -c "docker logs --tail 400 ac03be6e1600"
I0603 04:54:49.675949   10365 logs.go:122] Gathering logs for kube-scheduler [a19d97dd9309] ...
I0603 04:54:49.676005   10365 ssh_runner.go:194] Run: /bin/bash -c "docker logs --tail 400 a19d97dd9309"
I0603 04:54:49.731795   10365 logs.go:122] Gathering logs for etcd [349258b6df58] ...
I0603 04:54:49.731814   10365 ssh_runner.go:194] Run: /bin/bash -c "docker logs --tail 400 349258b6df58"
I0603 04:54:49.919199   10365 logs.go:122] Gathering logs for etcd [21e19412e264] ...
I0603 04:54:49.919238   10365 ssh_runner.go:194] Run: /bin/bash -c "docker logs --tail 400 21e19412e264"
I0603 04:54:50.012411   10365 logs.go:122] Gathering logs for storage-provisioner [bbe49a8a0f86] ...
I0603 04:54:50.012437   10365 ssh_runner.go:194] Run: /bin/bash -c "docker logs --tail 400 bbe49a8a0f86"
I0603 04:54:50.117397   10365 logs.go:122] Gathering logs for dmesg ...
I0603 04:54:50.117428   10365 ssh_runner.go:194] Run: /bin/bash -c "sudo dmesg -PH -L=never --level warn,err,crit,alert,emerg | tail -n 400"
I0603 04:54:50.195373   10365 logs.go:122] Gathering logs for describe nodes ...
I0603 04:54:50.195403   10365 ssh_runner.go:194] Run: /bin/bash -c "sudo /var/lib/minikube/binaries/v1.35.1/kubectl describe nodes --kubeconfig=/var/lib/minikube/kubeconfig"
W0603 04:54:50.371143   10365 logs.go:129] failed describe nodes: command: /bin/bash -c "sudo /var/lib/minikube/binaries/v1.35.1/kubectl describe nodes --kubeconfig=/var/lib/minikube/kubeconfig" /bin/bash -c "sudo /var/lib/minikube/binaries/v1.35.1/kubectl describe nodes --kubeconfig=/var/lib/minikube/kubeconfig": Process exited with status 1
stdout:

stderr:
E0603 01:54:50.356499   26114 memcache.go:265] "Unhandled Error" err="couldn't get current server API group list: Get \"https://localhost:8443/api?timeout=32s\": dial tcp [::1]:8443: connect: connection refused"
E0603 01:54:50.358024   26114 memcache.go:265] "Unhandled Error" err="couldn't get current server API group list: Get \"https://localhost:8443/api?timeout=32s\": dial tcp [::1]:8443: connect: connection refused"
E0603 01:54:50.359553   26114 memcache.go:265] "Unhandled Error" err="couldn't get current server API group list: Get \"https://localhost:8443/api?timeout=32s\": dial tcp [::1]:8443: connect: connection refused"
E0603 01:54:50.360972   26114 memcache.go:265] "Unhandled Error" err="couldn't get current server API group list: Get \"https://localhost:8443/api?timeout=32s\": dial tcp [::1]:8443: connect: connection refused"
E0603 01:54:50.362280   26114 memcache.go:265] "Unhandled Error" err="couldn't get current server API group list: Get \"https://localhost:8443/api?timeout=32s\": dial tcp [::1]:8443: connect: connection refused"
The connection to the server localhost:8443 was refused - did you specify the right host or port?
 output: 
** stderr ** 
E0603 01:54:50.356499   26114 memcache.go:265] "Unhandled Error" err="couldn't get current server API group list: Get \"https://localhost:8443/api?timeout=32s\": dial tcp [::1]:8443: connect: connection refused"
E0603 01:54:50.358024   26114 memcache.go:265] "Unhandled Error" err="couldn't get current server API group list: Get \"https://localhost:8443/api?timeout=32s\": dial tcp [::1]:8443: connect: connection refused"
E0603 01:54:50.359553   26114 memcache.go:265] "Unhandled Error" err="couldn't get current server API group list: Get \"https://localhost:8443/api?timeout=32s\": dial tcp [::1]:8443: connect: connection refused"
E0603 01:54:50.360972   26114 memcache.go:265] "Unhandled Error" err="couldn't get current server API group list: Get \"https://localhost:8443/api?timeout=32s\": dial tcp [::1]:8443: connect: connection refused"
E0603 01:54:50.362280   26114 memcache.go:265] "Unhandled Error" err="couldn't get current server API group list: Get \"https://localhost:8443/api?timeout=32s\": dial tcp [::1]:8443: connect: connection refused"
The connection to the server localhost:8443 was refused - did you specify the right host or port?

** /stderr **
I0603 04:54:50.371171   10365 logs.go:122] Gathering logs for kube-apiserver [42270be2365f] ...
I0603 04:54:50.371190   10365 ssh_runner.go:194] Run: /bin/bash -c "docker logs --tail 400 42270be2365f"
I0603 04:54:50.481153   10365 logs.go:122] Gathering logs for coredns [cd9183ebaff4] ...
I0603 04:54:50.481178   10365 ssh_runner.go:194] Run: /bin/bash -c "docker logs --tail 400 cd9183ebaff4"
I0603 04:54:50.538466   10365 logs.go:122] Gathering logs for kube-proxy [d57eab1ae12c] ...
I0603 04:54:50.538490   10365 ssh_runner.go:194] Run: /bin/bash -c "docker logs --tail 400 d57eab1ae12c"
I0603 04:54:50.593365   10365 logs.go:122] Gathering logs for kube-proxy [613db8e8654c] ...
I0603 04:54:50.593385   10365 ssh_runner.go:194] Run: /bin/bash -c "docker logs --tail 400 613db8e8654c"
I0603 04:54:50.649466   10365 logs.go:122] Gathering logs for kube-controller-manager [142a54608b27] ...
I0603 04:54:50.649485   10365 ssh_runner.go:194] Run: /bin/bash -c "docker logs --tail 400 142a54608b27"
I0603 04:54:50.725075   10365 logs.go:122] Gathering logs for kube-controller-manager [06814c3285c9] ...
I0603 04:54:50.725097   10365 ssh_runner.go:194] Run: /bin/bash -c "docker logs --tail 400 06814c3285c9"
I0603 04:54:50.799710   10365 logs.go:122] Gathering logs for kube-scheduler [b898e357825c] ...
I0603 04:54:50.799731   10365 ssh_runner.go:194] Run: /bin/bash -c "docker logs --tail 400 b898e357825c"
I0603 04:54:50.876959   10365 logs.go:122] Gathering logs for controller_ingress [435dd4d847ee] ...
I0603 04:54:50.876984   10365 ssh_runner.go:194] Run: /bin/bash -c "docker logs --tail 400 435dd4d847ee"
I0603 04:54:50.942051   10365 logs.go:122] Gathering logs for storage-provisioner [4d2d81331688] ...
I0603 04:54:50.942071   10365 ssh_runner.go:194] Run: /bin/bash -c "docker logs --tail 400 4d2d81331688"
I0603 04:54:51.047081   10365 logs.go:122] Gathering logs for Docker ...
I0603 04:54:51.047105   10365 ssh_runner.go:194] Run: /bin/bash -c "sudo journalctl -u docker -u cri-docker -n 400"
I0603 04:54:51.118312   10365 logs.go:122] Gathering logs for container status ...
I0603 04:54:51.118344   10365 ssh_runner.go:194] Run: /bin/bash -c "sudo `which crictl || echo crictl` ps -a || sudo docker ps -a"
I0603 04:54:51.217657   10365 logs.go:122] Gathering logs for kubelet ...
I0603 04:54:51.217680   10365 ssh_runner.go:194] Run: /bin/bash -c "sudo journalctl -u kubelet -n 400"
I0603 04:54:51.334421   10365 logs.go:122] Gathering logs for kube-apiserver [85e4dc7631be] ...
I0603 04:54:51.334457   10365 ssh_runner.go:194] Run: /bin/bash -c "docker logs --tail 400 85e4dc7631be"
I0603 04:54:53.983523   10365 ssh_runner.go:194] Run: sudo pgrep -xnf kube-apiserver.*minikube.*
I0603 04:54:54.030669   10365 ssh_runner.go:194] Run: docker ps -a --filter=name=k8s_kube-apiserver --format={{.ID}}
I0603 04:54:54.090654   10365 logs.go:281] 2 containers: [42270be2365f 85e4dc7631be]
I0603 04:54:54.090724   10365 ssh_runner.go:194] Run: docker ps -a --filter=name=k8s_etcd --format={{.ID}}
I0603 04:54:54.120433   10365 logs.go:281] 2 containers: [349258b6df58 21e19412e264]
I0603 04:54:54.120522   10365 ssh_runner.go:194] Run: docker ps -a --filter=name=k8s_coredns --format={{.ID}}
I0603 04:54:54.146487   10365 logs.go:281] 2 containers: [ac03be6e1600 cd9183ebaff4]
I0603 04:54:54.146543   10365 ssh_runner.go:194] Run: docker ps -a --filter=name=k8s_kube-scheduler --format={{.ID}}
I0603 04:54:54.169713   10365 logs.go:281] 2 containers: [a19d97dd9309 b898e357825c]
I0603 04:54:54.169774   10365 ssh_runner.go:194] Run: docker ps -a --filter=name=k8s_kube-proxy --format={{.ID}}
I0603 04:54:54.191916   10365 logs.go:281] 2 containers: [d57eab1ae12c 613db8e8654c]
I0603 04:54:54.191972   10365 ssh_runner.go:194] Run: docker ps -a --filter=name=k8s_kube-controller-manager --format={{.ID}}
I0603 04:54:54.216267   10365 logs.go:281] 2 containers: [142a54608b27 06814c3285c9]
I0603 04:54:54.216343   10365 ssh_runner.go:194] Run: docker ps -a --filter=name=k8s_kindnet --format={{.ID}}
I0603 04:54:54.238793   10365 logs.go:281] 0 containers: []
W0603 04:54:54.238803   10365 logs.go:283] No container was found matching "kindnet"
I0603 04:54:54.238847   10365 ssh_runner.go:194] Run: docker ps -a --filter=name=k8s_controller_ingress --format={{.ID}}
I0603 04:54:54.262275   10365 logs.go:281] 1 containers: [435dd4d847ee]
I0603 04:54:54.262329   10365 ssh_runner.go:194] Run: docker ps -a --filter=name=k8s_storage-provisioner --format={{.ID}}
I0603 04:54:54.285690   10365 logs.go:281] 2 containers: [4d2d81331688 bbe49a8a0f86]
I0603 04:54:54.285706   10365 logs.go:122] Gathering logs for describe nodes ...
I0603 04:54:54.285713   10365 ssh_runner.go:194] Run: /bin/bash -c "sudo /var/lib/minikube/binaries/v1.35.1/kubectl describe nodes --kubeconfig=/var/lib/minikube/kubeconfig"
W0603 04:54:54.351843   10365 logs.go:129] failed describe nodes: command: /bin/bash -c "sudo /var/lib/minikube/binaries/v1.35.1/kubectl describe nodes --kubeconfig=/var/lib/minikube/kubeconfig" /bin/bash -c "sudo /var/lib/minikube/binaries/v1.35.1/kubectl describe nodes --kubeconfig=/var/lib/minikube/kubeconfig": Process exited with status 1
stdout:

stderr:
E0603 01:54:54.341211   26380 memcache.go:265] "Unhandled Error" err="couldn't get current server API group list: Get \"https://localhost:8443/api?timeout=32s\": dial tcp [::1]:8443: connect: connection refused"
E0603 01:54:54.341961   26380 memcache.go:265] "Unhandled Error" err="couldn't get current server API group list: Get \"https://localhost:8443/api?timeout=32s\": dial tcp [::1]:8443: connect: connection refused"
E0603 01:54:54.344628   26380 memcache.go:265] "Unhandled Error" err="couldn't get current server API group list: Get \"https://localhost:8443/api?timeout=32s\": dial tcp [::1]:8443: connect: connection refused"
E0603 01:54:54.345337   26380 memcache.go:265] "Unhandled Error" err="couldn't get current server API group list: Get \"https://localhost:8443/api?timeout=32s\": dial tcp [::1]:8443: connect: connection refused"
E0603 01:54:54.347700   26380 memcache.go:265] "Unhandled Error" err="couldn't get current server API group list: Get \"https://localhost:8443/api?timeout=32s\": dial tcp [::1]:8443: connect: connection refused"
The connection to the server localhost:8443 was refused - did you specify the right host or port?
 output: 
** stderr ** 
E0603 01:54:54.341211   26380 memcache.go:265] "Unhandled Error" err="couldn't get current server API group list: Get \"https://localhost:8443/api?timeout=32s\": dial tcp [::1]:8443: connect: connection refused"
E0603 01:54:54.341961   26380 memcache.go:265] "Unhandled Error" err="couldn't get current server API group list: Get \"https://localhost:8443/api?timeout=32s\": dial tcp [::1]:8443: connect: connection refused"
E0603 01:54:54.344628   26380 memcache.go:265] "Unhandled Error" err="couldn't get current server API group list: Get \"https://localhost:8443/api?timeout=32s\": dial tcp [::1]:8443: connect: connection refused"
E0603 01:54:54.345337   26380 memcache.go:265] "Unhandled Error" err="couldn't get current server API group list: Get \"https://localhost:8443/api?timeout=32s\": dial tcp [::1]:8443: connect: connection refused"
E0603 01:54:54.347700   26380 memcache.go:265] "Unhandled Error" err="couldn't get current server API group list: Get \"https://localhost:8443/api?timeout=32s\": dial tcp [::1]:8443: connect: connection refused"
The connection to the server localhost:8443 was refused - did you specify the right host or port?

** /stderr **
I0603 04:54:54.351871   10365 logs.go:122] Gathering logs for coredns [cd9183ebaff4] ...
I0603 04:54:54.351880   10365 ssh_runner.go:194] Run: /bin/bash -c "docker logs --tail 400 cd9183ebaff4"
I0603 04:54:54.379011   10365 logs.go:122] Gathering logs for kube-proxy [613db8e8654c] ...
I0603 04:54:54.379023   10365 ssh_runner.go:194] Run: /bin/bash -c "docker logs --tail 400 613db8e8654c"
I0603 04:54:54.406617   10365 logs.go:122] Gathering logs for controller_ingress [435dd4d847ee] ...
I0603 04:54:54.406631   10365 ssh_runner.go:194] Run: /bin/bash -c "docker logs --tail 400 435dd4d847ee"
I0603 04:54:54.435027   10365 logs.go:122] Gathering logs for storage-provisioner [bbe49a8a0f86] ...
I0603 04:54:54.435041   10365 ssh_runner.go:194] Run: /bin/bash -c "docker logs --tail 400 bbe49a8a0f86"
I0603 04:54:54.475183   10365 logs.go:122] Gathering logs for dmesg ...
I0603 04:54:54.475204   10365 ssh_runner.go:194] Run: /bin/bash -c "sudo dmesg -PH -L=never --level warn,err,crit,alert,emerg | tail -n 400"
I0603 04:54:54.490607   10365 logs.go:122] Gathering logs for kube-apiserver [42270be2365f] ...
I0603 04:54:54.490628   10365 ssh_runner.go:194] Run: /bin/bash -c "docker logs --tail 400 42270be2365f"
I0603 04:54:54.540141   10365 logs.go:122] Gathering logs for etcd [21e19412e264] ...
I0603 04:54:54.540159   10365 ssh_runner.go:194] Run: /bin/bash -c "docker logs --tail 400 21e19412e264"
I0603 04:54:54.579454   10365 logs.go:122] Gathering logs for coredns [ac03be6e1600] ...
I0603 04:54:54.579481   10365 ssh_runner.go:194] Run: /bin/bash -c "docker logs --tail 400 ac03be6e1600"
I0603 04:54:54.615410   10365 logs.go:122] Gathering logs for kube-proxy [d57eab1ae12c] ...
I0603 04:54:54.615423   10365 ssh_runner.go:194] Run: /bin/bash -c "docker logs --tail 400 d57eab1ae12c"
I0603 04:54:54.642169   10365 logs.go:122] Gathering logs for kubelet ...
I0603 04:54:54.642182   10365 ssh_runner.go:194] Run: /bin/bash -c "sudo journalctl -u kubelet -n 400"
I0603 04:54:54.686424   10365 logs.go:122] Gathering logs for kube-apiserver [85e4dc7631be] ...
I0603 04:54:54.686440   10365 ssh_runner.go:194] Run: /bin/bash -c "docker logs --tail 400 85e4dc7631be"
I0603 04:54:54.755579   10365 logs.go:122] Gathering logs for kube-scheduler [a19d97dd9309] ...
I0603 04:54:54.755596   10365 ssh_runner.go:194] Run: /bin/bash -c "docker logs --tail 400 a19d97dd9309"
I0603 04:54:54.783126   10365 logs.go:122] Gathering logs for kube-scheduler [b898e357825c] ...
I0603 04:54:54.783141   10365 ssh_runner.go:194] Run: /bin/bash -c "docker logs --tail 400 b898e357825c"
I0603 04:54:54.882326   10365 logs.go:122] Gathering logs for kube-controller-manager [142a54608b27] ...
I0603 04:54:54.882344   10365 ssh_runner.go:194] Run: /bin/bash -c "docker logs --tail 400 142a54608b27"
I0603 04:54:54.924824   10365 logs.go:122] Gathering logs for kube-controller-manager [06814c3285c9] ...
I0603 04:54:54.924841   10365 ssh_runner.go:194] Run: /bin/bash -c "docker logs --tail 400 06814c3285c9"
I0603 04:54:54.942699   10365 kapi.go:81] temporary error: getting Pods with label selector "app.kubernetes.io/name=ingress-nginx" : [Get "https://127.0.0.1:32771/api/v1/namespaces/ingress-nginx/pods?labelSelector=app.kubernetes.io%2Fname%3Dingress-nginx": read tcp 127.0.0.1:34862->127.0.0.1:32771: read: connection reset by peer - error from a previous attempt: EOF]
I0603 04:54:54.960385   10365 logs.go:122] Gathering logs for storage-provisioner [4d2d81331688] ...
I0603 04:54:54.960402   10365 ssh_runner.go:194] Run: /bin/bash -c "docker logs --tail 400 4d2d81331688"
I0603 04:54:55.007183   10365 logs.go:122] Gathering logs for Docker ...
I0603 04:54:55.007199   10365 ssh_runner.go:194] Run: /bin/bash -c "sudo journalctl -u docker -u cri-docker -n 400"
I0603 04:54:55.034325   10365 logs.go:122] Gathering logs for etcd [349258b6df58] ...
I0603 04:54:55.034339   10365 ssh_runner.go:194] Run: /bin/bash -c "docker logs --tail 400 349258b6df58"
I0603 04:54:55.116108   10365 logs.go:122] Gathering logs for container status ...
I0603 04:54:55.116127   10365 ssh_runner.go:194] Run: /bin/bash -c "sudo `which crictl || echo crictl` ps -a || sudo docker ps -a"
I0603 04:54:57.658784   10365 ssh_runner.go:194] Run: sudo pgrep -xnf kube-apiserver.*minikube.*
I0603 04:54:57.672818   10365 ssh_runner.go:194] Run: docker ps -a --filter=name=k8s_kube-apiserver --format={{.ID}}
I0603 04:54:57.696273   10365 logs.go:281] 2 containers: [42270be2365f 85e4dc7631be]
I0603 04:54:57.696333   10365 ssh_runner.go:194] Run: docker ps -a --filter=name=k8s_etcd --format={{.ID}}
I0603 04:54:57.719410   10365 logs.go:281] 2 containers: [349258b6df58 21e19412e264]
I0603 04:54:57.719476   10365 ssh_runner.go:194] Run: docker ps -a --filter=name=k8s_coredns --format={{.ID}}
I0603 04:54:57.742335   10365 logs.go:281] 2 containers: [ac03be6e1600 cd9183ebaff4]
I0603 04:54:57.742440   10365 ssh_runner.go:194] Run: docker ps -a --filter=name=k8s_kube-scheduler --format={{.ID}}
I0603 04:54:57.766013   10365 logs.go:281] 2 containers: [a19d97dd9309 b898e357825c]
I0603 04:54:57.766074   10365 ssh_runner.go:194] Run: docker ps -a --filter=name=k8s_kube-proxy --format={{.ID}}
I0603 04:54:57.790720   10365 logs.go:281] 2 containers: [d57eab1ae12c 613db8e8654c]
I0603 04:54:57.790853   10365 ssh_runner.go:194] Run: docker ps -a --filter=name=k8s_kube-controller-manager --format={{.ID}}
I0603 04:54:57.837386   10365 logs.go:281] 2 containers: [142a54608b27 06814c3285c9]
I0603 04:54:57.837454   10365 ssh_runner.go:194] Run: docker ps -a --filter=name=k8s_kindnet --format={{.ID}}
I0603 04:54:57.865059   10365 logs.go:281] 0 containers: []
W0603 04:54:57.865075   10365 logs.go:283] No container was found matching "kindnet"
I0603 04:54:57.865145   10365 ssh_runner.go:194] Run: docker ps -a --filter=name=k8s_controller_ingress --format={{.ID}}
I0603 04:54:57.893875   10365 logs.go:281] 1 containers: [435dd4d847ee]
I0603 04:54:57.893933   10365 ssh_runner.go:194] Run: docker ps -a --filter=name=k8s_storage-provisioner --format={{.ID}}
I0603 04:54:57.917549   10365 logs.go:281] 2 containers: [4d2d81331688 bbe49a8a0f86]
I0603 04:54:57.917568   10365 logs.go:122] Gathering logs for kubelet ...
I0603 04:54:57.917575   10365 ssh_runner.go:194] Run: /bin/bash -c "sudo journalctl -u kubelet -n 400"
I0603 04:54:57.960820   10365 logs.go:122] Gathering logs for coredns [ac03be6e1600] ...
I0603 04:54:57.960845   10365 ssh_runner.go:194] Run: /bin/bash -c "docker logs --tail 400 ac03be6e1600"
I0603 04:54:57.993320   10365 logs.go:122] Gathering logs for kube-scheduler [b898e357825c] ...
I0603 04:54:57.993332   10365 ssh_runner.go:194] Run: /bin/bash -c "docker logs --tail 400 b898e357825c"
I0603 04:54:58.026023   10365 logs.go:122] Gathering logs for container status ...
I0603 04:54:58.026040   10365 ssh_runner.go:194] Run: /bin/bash -c "sudo `which crictl || echo crictl` ps -a || sudo docker ps -a"
I0603 04:54:58.069228   10365 logs.go:122] Gathering logs for kube-apiserver [85e4dc7631be] ...
I0603 04:54:58.069240   10365 ssh_runner.go:194] Run: /bin/bash -c "docker logs --tail 400 85e4dc7631be"
I0603 04:54:58.136427   10365 logs.go:122] Gathering logs for etcd [349258b6df58] ...
I0603 04:54:58.136444   10365 ssh_runner.go:194] Run: /bin/bash -c "docker logs --tail 400 349258b6df58"
I0603 04:54:58.216956   10365 logs.go:122] Gathering logs for kube-proxy [d57eab1ae12c] ...
I0603 04:54:58.216973   10365 ssh_runner.go:194] Run: /bin/bash -c "docker logs --tail 400 d57eab1ae12c"
I0603 04:54:58.260406   10365 logs.go:122] Gathering logs for storage-provisioner [bbe49a8a0f86] ...
I0603 04:54:58.260431   10365 ssh_runner.go:194] Run: /bin/bash -c "docker logs --tail 400 bbe49a8a0f86"
I0603 04:54:58.326258   10365 logs.go:122] Gathering logs for Docker ...
I0603 04:54:58.326277   10365 ssh_runner.go:194] Run: /bin/bash -c "sudo journalctl -u docker -u cri-docker -n 400"
I0603 04:54:58.380570   10365 logs.go:122] Gathering logs for dmesg ...
I0603 04:54:58.380590   10365 ssh_runner.go:194] Run: /bin/bash -c "sudo dmesg -PH -L=never --level warn,err,crit,alert,emerg | tail -n 400"
I0603 04:54:58.401194   10365 logs.go:122] Gathering logs for describe nodes ...
I0603 04:54:58.401209   10365 ssh_runner.go:194] Run: /bin/bash -c "sudo /var/lib/minikube/binaries/v1.35.1/kubectl describe nodes --kubeconfig=/var/lib/minikube/kubeconfig"
W0603 04:54:58.502176   10365 logs.go:129] failed describe nodes: command: /bin/bash -c "sudo /var/lib/minikube/binaries/v1.35.1/kubectl describe nodes --kubeconfig=/var/lib/minikube/kubeconfig" /bin/bash -c "sudo /var/lib/minikube/binaries/v1.35.1/kubectl describe nodes --kubeconfig=/var/lib/minikube/kubeconfig": Process exited with status 1
stdout:

stderr:
E0603 01:54:58.492744   26791 memcache.go:265] "Unhandled Error" err="couldn't get current server API group list: Get \"https://localhost:8443/api?timeout=32s\": dial tcp [::1]:8443: connect: connection refused"
E0603 01:54:58.493780   26791 memcache.go:265] "Unhandled Error" err="couldn't get current server API group list: Get \"https://localhost:8443/api?timeout=32s\": dial tcp [::1]:8443: connect: connection refused"
E0603 01:54:58.494746   26791 memcache.go:265] "Unhandled Error" err="couldn't get current server API group list: Get \"https://localhost:8443/api?timeout=32s\": dial tcp [::1]:8443: connect: connection refused"
E0603 01:54:58.495794   26791 memcache.go:265] "Unhandled Error" err="couldn't get current server API group list: Get \"https://localhost:8443/api?timeout=32s\": dial tcp [::1]:8443: connect: connection refused"
E0603 01:54:58.496713   26791 memcache.go:265] "Unhandled Error" err="couldn't get current server API group list: Get \"https://localhost:8443/api?timeout=32s\": dial tcp [::1]:8443: connect: connection refused"
The connection to the server localhost:8443 was refused - did you specify the right host or port?
 output: 
** stderr ** 
E0603 01:54:58.492744   26791 memcache.go:265] "Unhandled Error" err="couldn't get current server API group list: Get \"https://localhost:8443/api?timeout=32s\": dial tcp [::1]:8443: connect: connection refused"
E0603 01:54:58.493780   26791 memcache.go:265] "Unhandled Error" err="couldn't get current server API group list: Get \"https://localhost:8443/api?timeout=32s\": dial tcp [::1]:8443: connect: connection refused"
E0603 01:54:58.494746   26791 memcache.go:265] "Unhandled Error" err="couldn't get current server API group list: Get \"https://localhost:8443/api?timeout=32s\": dial tcp [::1]:8443: connect: connection refused"
E0603 01:54:58.495794   26791 memcache.go:265] "Unhandled Error" err="couldn't get current server API group list: Get \"https://localhost:8443/api?timeout=32s\": dial tcp [::1]:8443: connect: connection refused"
E0603 01:54:58.496713   26791 memcache.go:265] "Unhandled Error" err="couldn't get current server API group list: Get \"https://localhost:8443/api?timeout=32s\": dial tcp [::1]:8443: connect: connection refused"
The connection to the server localhost:8443 was refused - did you specify the right host or port?

** /stderr **
I0603 04:54:58.502191   10365 logs.go:122] Gathering logs for kube-apiserver [42270be2365f] ...
I0603 04:54:58.502203   10365 ssh_runner.go:194] Run: /bin/bash -c "docker logs --tail 400 42270be2365f"
I0603 04:54:58.566871   10365 logs.go:122] Gathering logs for etcd [21e19412e264] ...
I0603 04:54:58.566888   10365 ssh_runner.go:194] Run: /bin/bash -c "docker logs --tail 400 21e19412e264"
I0603 04:54:58.632465   10365 logs.go:122] Gathering logs for kube-scheduler [a19d97dd9309] ...
I0603 04:54:58.632486   10365 ssh_runner.go:194] Run: /bin/bash -c "docker logs --tail 400 a19d97dd9309"
I0603 04:54:58.679724   10365 logs.go:122] Gathering logs for kube-controller-manager [142a54608b27] ...
I0603 04:54:58.679743   10365 ssh_runner.go:194] Run: /bin/bash -c "docker logs --tail 400 142a54608b27"
I0603 04:54:58.730991   10365 logs.go:122] Gathering logs for kube-controller-manager [06814c3285c9] ...
I0603 04:54:58.731016   10365 ssh_runner.go:194] Run: /bin/bash -c "docker logs --tail 400 06814c3285c9"
I0603 04:54:58.787442   10365 logs.go:122] Gathering logs for controller_ingress [435dd4d847ee] ...
I0603 04:54:58.787464   10365 ssh_runner.go:194] Run: /bin/bash -c "docker logs --tail 400 435dd4d847ee"
I0603 04:54:58.825007   10365 logs.go:122] Gathering logs for coredns [cd9183ebaff4] ...
I0603 04:54:58.825019   10365 ssh_runner.go:194] Run: /bin/bash -c "docker logs --tail 400 cd9183ebaff4"
I0603 04:54:58.859738   10365 logs.go:122] Gathering logs for kube-proxy [613db8e8654c] ...
I0603 04:54:58.859750   10365 ssh_runner.go:194] Run: /bin/bash -c "docker logs --tail 400 613db8e8654c"
I0603 04:54:58.893590   10365 logs.go:122] Gathering logs for storage-provisioner [4d2d81331688] ...
I0603 04:54:58.893606   10365 ssh_runner.go:194] Run: /bin/bash -c "docker logs --tail 400 4d2d81331688"
I0603 04:55:01.479620   10365 ssh_runner.go:194] Run: sudo pgrep -xnf kube-apiserver.*minikube.*
I0603 04:55:01.508498   10365 ssh_runner.go:194] Run: docker ps -a --filter=name=k8s_kube-apiserver --format={{.ID}}
I0603 04:55:01.555162   10365 logs.go:281] 2 containers: [42270be2365f 85e4dc7631be]
I0603 04:55:01.555260   10365 ssh_runner.go:194] Run: docker ps -a --filter=name=k8s_etcd --format={{.ID}}
I0603 04:55:01.603540   10365 logs.go:281] 2 containers: [349258b6df58 21e19412e264]
I0603 04:55:01.603637   10365 ssh_runner.go:194] Run: docker ps -a --filter=name=k8s_coredns --format={{.ID}}
I0603 04:55:01.650696   10365 logs.go:281] 2 containers: [ac03be6e1600 cd9183ebaff4]
I0603 04:55:01.650829   10365 ssh_runner.go:194] Run: docker ps -a --filter=name=k8s_kube-scheduler --format={{.ID}}
I0603 04:55:01.699554   10365 logs.go:281] 2 containers: [a19d97dd9309 b898e357825c]
I0603 04:55:01.699650   10365 ssh_runner.go:194] Run: docker ps -a --filter=name=k8s_kube-proxy --format={{.ID}}
I0603 04:55:01.750972   10365 logs.go:281] 2 containers: [d57eab1ae12c 613db8e8654c]
I0603 04:55:01.751111   10365 ssh_runner.go:194] Run: docker ps -a --filter=name=k8s_kube-controller-manager --format={{.ID}}
I0603 04:55:01.803307   10365 logs.go:281] 2 containers: [142a54608b27 06814c3285c9]
I0603 04:55:01.803421   10365 ssh_runner.go:194] Run: docker ps -a --filter=name=k8s_kindnet --format={{.ID}}
I0603 04:55:01.857858   10365 logs.go:281] 0 containers: []
W0603 04:55:01.857886   10365 logs.go:283] No container was found matching "kindnet"
I0603 04:55:01.858003   10365 ssh_runner.go:194] Run: docker ps -a --filter=name=k8s_controller_ingress --format={{.ID}}
I0603 04:55:01.915288   10365 logs.go:281] 1 containers: [435dd4d847ee]
I0603 04:55:01.915429   10365 ssh_runner.go:194] Run: docker ps -a --filter=name=k8s_storage-provisioner --format={{.ID}}
I0603 04:55:01.973117   10365 logs.go:281] 2 containers: [4d2d81331688 bbe49a8a0f86]
I0603 04:55:01.973153   10365 logs.go:122] Gathering logs for coredns [ac03be6e1600] ...
I0603 04:55:01.973170   10365 ssh_runner.go:194] Run: /bin/bash -c "docker logs --tail 400 ac03be6e1600"
I0603 04:55:02.054314   10365 logs.go:122] Gathering logs for coredns [cd9183ebaff4] ...
I0603 04:55:02.054347   10365 ssh_runner.go:194] Run: /bin/bash -c "docker logs --tail 400 cd9183ebaff4"
I0603 04:55:02.130869   10365 logs.go:122] Gathering logs for kube-controller-manager [06814c3285c9] ...
I0603 04:55:02.130897   10365 ssh_runner.go:194] Run: /bin/bash -c "docker logs --tail 400 06814c3285c9"
I0603 04:55:02.303157   10365 logs.go:122] Gathering logs for kube-proxy [d57eab1ae12c] ...
I0603 04:55:02.303187   10365 ssh_runner.go:194] Run: /bin/bash -c "docker logs --tail 400 d57eab1ae12c"
I0603 04:55:02.384329   10365 logs.go:122] Gathering logs for describe nodes ...
I0603 04:55:02.384367   10365 ssh_runner.go:194] Run: /bin/bash -c "sudo /var/lib/minikube/binaries/v1.35.1/kubectl describe nodes --kubeconfig=/var/lib/minikube/kubeconfig"
W0603 04:55:02.539048   10365 logs.go:129] failed describe nodes: command: /bin/bash -c "sudo /var/lib/minikube/binaries/v1.35.1/kubectl describe nodes --kubeconfig=/var/lib/minikube/kubeconfig" /bin/bash -c "sudo /var/lib/minikube/binaries/v1.35.1/kubectl describe nodes --kubeconfig=/var/lib/minikube/kubeconfig": Process exited with status 1
stdout:

stderr:
E0603 01:55:02.519417   27093 memcache.go:265] "Unhandled Error" err="couldn't get current server API group list: Get \"https://localhost:8443/api?timeout=32s\": dial tcp [::1]:8443: connect: connection refused"
E0603 01:55:02.521572   27093 memcache.go:265] "Unhandled Error" err="couldn't get current server API group list: Get \"https://localhost:8443/api?timeout=32s\": dial tcp [::1]:8443: connect: connection refused"
E0603 01:55:02.523482   27093 memcache.go:265] "Unhandled Error" err="couldn't get current server API group list: Get \"https://localhost:8443/api?timeout=32s\": dial tcp [::1]:8443: connect: connection refused"
E0603 01:55:02.525065   27093 memcache.go:265] "Unhandled Error" err="couldn't get current server API group list: Get \"https://localhost:8443/api?timeout=32s\": dial tcp [::1]:8443: connect: connection refused"
E0603 01:55:02.526266   27093 memcache.go:265] "Unhandled Error" err="couldn't get current server API group list: Get \"https://localhost:8443/api?timeout=32s\": dial tcp [::1]:8443: connect: connection refused"
The connection to the server localhost:8443 was refused - did you specify the right host or port?
 output: 
** stderr ** 
E0603 01:55:02.519417   27093 memcache.go:265] "Unhandled Error" err="couldn't get current server API group list: Get \"https://localhost:8443/api?timeout=32s\": dial tcp [::1]:8443: connect: connection refused"
E0603 01:55:02.521572   27093 memcache.go:265] "Unhandled Error" err="couldn't get current server API group list: Get \"https://localhost:8443/api?timeout=32s\": dial tcp [::1]:8443: connect: connection refused"
E0603 01:55:02.523482   27093 memcache.go:265] "Unhandled Error" err="couldn't get current server API group list: Get \"https://localhost:8443/api?timeout=32s\": dial tcp [::1]:8443: connect: connection refused"
E0603 01:55:02.525065   27093 memcache.go:265] "Unhandled Error" err="couldn't get current server API group list: Get \"https://localhost:8443/api?timeout=32s\": dial tcp [::1]:8443: connect: connection refused"
E0603 01:55:02.526266   27093 memcache.go:265] "Unhandled Error" err="couldn't get current server API group list: Get \"https://localhost:8443/api?timeout=32s\": dial tcp [::1]:8443: connect: connection refused"
The connection to the server localhost:8443 was refused - did you specify the right host or port?

** /stderr **
I0603 04:55:02.539067   10365 logs.go:122] Gathering logs for kube-apiserver [42270be2365f] ...
I0603 04:55:02.539085   10365 ssh_runner.go:194] Run: /bin/bash -c "docker logs --tail 400 42270be2365f"
I0603 04:55:02.653207   10365 logs.go:122] Gathering logs for etcd [21e19412e264] ...
I0603 04:55:02.653231   10365 ssh_runner.go:194] Run: /bin/bash -c "docker logs --tail 400 21e19412e264"
I0603 04:55:02.739348   10365 logs.go:122] Gathering logs for kube-scheduler [a19d97dd9309] ...
I0603 04:55:02.739374   10365 ssh_runner.go:194] Run: /bin/bash -c "docker logs --tail 400 a19d97dd9309"
I0603 04:55:02.793815   10365 logs.go:122] Gathering logs for kube-scheduler [b898e357825c] ...
I0603 04:55:02.793832   10365 ssh_runner.go:194] Run: /bin/bash -c "docker logs --tail 400 b898e357825c"
I0603 04:55:02.862955   10365 logs.go:122] Gathering logs for kube-proxy [613db8e8654c] ...
I0603 04:55:02.862978   10365 ssh_runner.go:194] Run: /bin/bash -c "docker logs --tail 400 613db8e8654c"
I0603 04:55:02.925254   10365 logs.go:122] Gathering logs for controller_ingress [435dd4d847ee] ...
I0603 04:55:02.925288   10365 ssh_runner.go:194] Run: /bin/bash -c "docker logs --tail 400 435dd4d847ee"
I0603 04:55:02.994167   10365 logs.go:122] Gathering logs for storage-provisioner [4d2d81331688] ...
I0603 04:55:02.994191   10365 ssh_runner.go:194] Run: /bin/bash -c "docker logs --tail 400 4d2d81331688"
I0603 04:55:03.108979   10365 logs.go:122] Gathering logs for Docker ...
I0603 04:55:03.109016   10365 ssh_runner.go:194] Run: /bin/bash -c "sudo journalctl -u docker -u cri-docker -n 400"
I0603 04:55:03.185293   10365 logs.go:122] Gathering logs for kube-controller-manager [142a54608b27] ...
I0603 04:55:03.185323   10365 ssh_runner.go:194] Run: /bin/bash -c "docker logs --tail 400 142a54608b27"
I0603 04:55:03.268505   10365 logs.go:122] Gathering logs for kubelet ...
I0603 04:55:03.268531   10365 ssh_runner.go:194] Run: /bin/bash -c "sudo journalctl -u kubelet -n 400"
I0603 04:55:03.365134   10365 logs.go:122] Gathering logs for dmesg ...
I0603 04:55:03.365157   10365 ssh_runner.go:194] Run: /bin/bash -c "sudo dmesg -PH -L=never --level warn,err,crit,alert,emerg | tail -n 400"
I0603 04:55:03.397951   10365 logs.go:122] Gathering logs for kube-apiserver [85e4dc7631be] ...
I0603 04:55:03.397975   10365 ssh_runner.go:194] Run: /bin/bash -c "docker logs --tail 400 85e4dc7631be"
I0603 04:55:03.571124   10365 logs.go:122] Gathering logs for storage-provisioner [bbe49a8a0f86] ...
I0603 04:55:03.571151   10365 ssh_runner.go:194] Run: /bin/bash -c "docker logs --tail 400 bbe49a8a0f86"
I0603 04:55:03.661455   10365 logs.go:122] Gathering logs for container status ...
I0603 04:55:03.661480   10365 ssh_runner.go:194] Run: /bin/bash -c "sudo `which crictl || echo crictl` ps -a || sudo docker ps -a"
I0603 04:55:03.757721   10365 logs.go:122] Gathering logs for etcd [349258b6df58] ...
I0603 04:55:03.757742   10365 ssh_runner.go:194] Run: /bin/bash -c "docker logs --tail 400 349258b6df58"
I0603 04:55:04.967161   10365 kapi.go:81] temporary error: getting Pods with label selector "app.kubernetes.io/name=ingress-nginx" : [Get "https://127.0.0.1:32771/api/v1/namespaces/ingress-nginx/pods?labelSelector=app.kubernetes.io%2Fname%3Dingress-nginx": EOF]
I0603 04:55:06.443045   10365 ssh_runner.go:194] Run: sudo pgrep -xnf kube-apiserver.*minikube.*
I0603 04:55:06.482740   10365 ssh_runner.go:194] Run: docker ps -a --filter=name=k8s_kube-apiserver --format={{.ID}}
I0603 04:55:06.546968   10365 logs.go:281] 2 containers: [42270be2365f 85e4dc7631be]
I0603 04:55:06.547132   10365 ssh_runner.go:194] Run: docker ps -a --filter=name=k8s_etcd --format={{.ID}}
I0603 04:55:06.602990   10365 logs.go:281] 2 containers: [349258b6df58 21e19412e264]
I0603 04:55:06.603103   10365 ssh_runner.go:194] Run: docker ps -a --filter=name=k8s_coredns --format={{.ID}}
I0603 04:55:06.656450   10365 logs.go:281] 2 containers: [ac03be6e1600 cd9183ebaff4]
I0603 04:55:06.656603   10365 ssh_runner.go:194] Run: docker ps -a --filter=name=k8s_kube-scheduler --format={{.ID}}
I0603 04:55:06.713695   10365 logs.go:281] 2 containers: [a19d97dd9309 b898e357825c]
I0603 04:55:06.713799   10365 ssh_runner.go:194] Run: docker ps -a --filter=name=k8s_kube-proxy --format={{.ID}}
I0603 04:55:06.771168   10365 logs.go:281] 2 containers: [d57eab1ae12c 613db8e8654c]
I0603 04:55:06.771332   10365 ssh_runner.go:194] Run: docker ps -a --filter=name=k8s_kube-controller-manager --format={{.ID}}
I0603 04:55:06.828733   10365 logs.go:281] 2 containers: [142a54608b27 06814c3285c9]
I0603 04:55:06.828842   10365 ssh_runner.go:194] Run: docker ps -a --filter=name=k8s_kindnet --format={{.ID}}
I0603 04:55:06.879375   10365 logs.go:281] 0 containers: []
W0603 04:55:06.879400   10365 logs.go:283] No container was found matching "kindnet"
I0603 04:55:06.879524   10365 ssh_runner.go:194] Run: docker ps -a --filter=name=k8s_controller_ingress --format={{.ID}}
I0603 04:55:06.942233   10365 logs.go:281] 1 containers: [435dd4d847ee]
I0603 04:55:06.942374   10365 ssh_runner.go:194] Run: docker ps -a --filter=name=k8s_storage-provisioner --format={{.ID}}
I0603 04:55:07.000121   10365 logs.go:281] 2 containers: [4d2d81331688 bbe49a8a0f86]
I0603 04:55:07.000161   10365 logs.go:122] Gathering logs for Docker ...
I0603 04:55:07.000178   10365 ssh_runner.go:194] Run: /bin/bash -c "sudo journalctl -u docker -u cri-docker -n 400"
I0603 04:55:07.061409   10365 logs.go:122] Gathering logs for container status ...
I0603 04:55:07.061433   10365 ssh_runner.go:194] Run: /bin/bash -c "sudo `which crictl || echo crictl` ps -a || sudo docker ps -a"
I0603 04:55:07.175528   10365 logs.go:122] Gathering logs for kube-apiserver [42270be2365f] ...
I0603 04:55:07.175552   10365 ssh_runner.go:194] Run: /bin/bash -c "docker logs --tail 400 42270be2365f"
I0603 04:55:07.298520   10365 logs.go:122] Gathering logs for etcd [21e19412e264] ...
I0603 04:55:07.298748   10365 ssh_runner.go:194] Run: /bin/bash -c "docker logs --tail 400 21e19412e264"
I0603 04:55:07.388832   10365 logs.go:122] Gathering logs for kube-scheduler [a19d97dd9309] ...
I0603 04:55:07.388856   10365 ssh_runner.go:194] Run: /bin/bash -c "docker logs --tail 400 a19d97dd9309"
I0603 04:55:07.450873   10365 logs.go:122] Gathering logs for kube-controller-manager [06814c3285c9] ...
I0603 04:55:07.450893   10365 ssh_runner.go:194] Run: /bin/bash -c "docker logs --tail 400 06814c3285c9"
I0603 04:55:07.536019   10365 logs.go:122] Gathering logs for controller_ingress [435dd4d847ee] ...
I0603 04:55:07.536083   10365 ssh_runner.go:194] Run: /bin/bash -c "docker logs --tail 400 435dd4d847ee"
I0603 04:55:07.605066   10365 logs.go:122] Gathering logs for kubelet ...
I0603 04:55:07.605089   10365 ssh_runner.go:194] Run: /bin/bash -c "sudo journalctl -u kubelet -n 400"
I0603 04:55:07.709492   10365 logs.go:122] Gathering logs for kube-apiserver [85e4dc7631be] ...
I0603 04:55:07.709517   10365 ssh_runner.go:194] Run: /bin/bash -c "docker logs --tail 400 85e4dc7631be"
I0603 04:55:07.872885   10365 logs.go:122] Gathering logs for etcd [349258b6df58] ...
I0603 04:55:07.872908   10365 ssh_runner.go:194] Run: /bin/bash -c "docker logs --tail 400 349258b6df58"
I0603 04:55:08.060321   10365 logs.go:122] Gathering logs for coredns [ac03be6e1600] ...
I0603 04:55:08.060344   10365 ssh_runner.go:194] Run: /bin/bash -c "docker logs --tail 400 ac03be6e1600"
I0603 04:55:08.138388   10365 logs.go:122] Gathering logs for describe nodes ...
I0603 04:55:08.138414   10365 ssh_runner.go:194] Run: /bin/bash -c "sudo /var/lib/minikube/binaries/v1.35.1/kubectl describe nodes --kubeconfig=/var/lib/minikube/kubeconfig"
W0603 04:55:08.281667   10365 logs.go:129] failed describe nodes: command: /bin/bash -c "sudo /var/lib/minikube/binaries/v1.35.1/kubectl describe nodes --kubeconfig=/var/lib/minikube/kubeconfig" /bin/bash -c "sudo /var/lib/minikube/binaries/v1.35.1/kubectl describe nodes --kubeconfig=/var/lib/minikube/kubeconfig": Process exited with status 1
stdout:

stderr:
E0603 01:55:08.265856   27504 memcache.go:265] "Unhandled Error" err="couldn't get current server API group list: Get \"https://localhost:8443/api?timeout=32s\": dial tcp [::1]:8443: connect: connection refused"
E0603 01:55:08.267577   27504 memcache.go:265] "Unhandled Error" err="couldn't get current server API group list: Get \"https://localhost:8443/api?timeout=32s\": dial tcp [::1]:8443: connect: connection refused"
E0603 01:55:08.269178   27504 memcache.go:265] "Unhandled Error" err="couldn't get current server API group list: Get \"https://localhost:8443/api?timeout=32s\": dial tcp [::1]:8443: connect: connection refused"
E0603 01:55:08.270747   27504 memcache.go:265] "Unhandled Error" err="couldn't get current server API group list: Get \"https://localhost:8443/api?timeout=32s\": dial tcp [::1]:8443: connect: connection refused"
E0603 01:55:08.272522   27504 memcache.go:265] "Unhandled Error" err="couldn't get current server API group list: Get \"https://localhost:8443/api?timeout=32s\": dial tcp [::1]:8443: connect: connection refused"
The connection to the server localhost:8443 was refused - did you specify the right host or port?
 output: 
** stderr ** 
E0603 01:55:08.265856   27504 memcache.go:265] "Unhandled Error" err="couldn't get current server API group list: Get \"https://localhost:8443/api?timeout=32s\": dial tcp [::1]:8443: connect: connection refused"
E0603 01:55:08.267577   27504 memcache.go:265] "Unhandled Error" err="couldn't get current server API group list: Get \"https://localhost:8443/api?timeout=32s\": dial tcp [::1]:8443: connect: connection refused"
E0603 01:55:08.269178   27504 memcache.go:265] "Unhandled Error" err="couldn't get current server API group list: Get \"https://localhost:8443/api?timeout=32s\": dial tcp [::1]:8443: connect: connection refused"
E0603 01:55:08.270747   27504 memcache.go:265] "Unhandled Error" err="couldn't get current server API group list: Get \"https://localhost:8443/api?timeout=32s\": dial tcp [::1]:8443: connect: connection refused"
E0603 01:55:08.272522   27504 memcache.go:265] "Unhandled Error" err="couldn't get current server API group list: Get \"https://localhost:8443/api?timeout=32s\": dial tcp [::1]:8443: connect: connection refused"
The connection to the server localhost:8443 was refused - did you specify the right host or port?

** /stderr **
I0603 04:55:08.281682   10365 logs.go:122] Gathering logs for coredns [cd9183ebaff4] ...
I0603 04:55:08.281698   10365 ssh_runner.go:194] Run: /bin/bash -c "docker logs --tail 400 cd9183ebaff4"
I0603 04:55:08.337159   10365 logs.go:122] Gathering logs for storage-provisioner [bbe49a8a0f86] ...
I0603 04:55:08.337191   10365 ssh_runner.go:194] Run: /bin/bash -c "docker logs --tail 400 bbe49a8a0f86"
I0603 04:55:08.428996   10365 logs.go:122] Gathering logs for kube-controller-manager [142a54608b27] ...
I0603 04:55:08.429017   10365 ssh_runner.go:194] Run: /bin/bash -c "docker logs --tail 400 142a54608b27"
I0603 04:55:08.505822   10365 logs.go:122] Gathering logs for dmesg ...
I0603 04:55:08.505845   10365 ssh_runner.go:194] Run: /bin/bash -c "sudo dmesg -PH -L=never --level warn,err,crit,alert,emerg | tail -n 400"
I0603 04:55:08.534978   10365 logs.go:122] Gathering logs for kube-scheduler [b898e357825c] ...
I0603 04:55:08.534996   10365 ssh_runner.go:194] Run: /bin/bash -c "docker logs --tail 400 b898e357825c"
I0603 04:55:08.606523   10365 logs.go:122] Gathering logs for kube-proxy [d57eab1ae12c] ...
I0603 04:55:08.606551   10365 ssh_runner.go:194] Run: /bin/bash -c "docker logs --tail 400 d57eab1ae12c"
I0603 04:55:08.664794   10365 logs.go:122] Gathering logs for kube-proxy [613db8e8654c] ...
I0603 04:55:08.664814   10365 ssh_runner.go:194] Run: /bin/bash -c "docker logs --tail 400 613db8e8654c"
I0603 04:55:08.720651   10365 logs.go:122] Gathering logs for storage-provisioner [4d2d81331688] ...
I0603 04:55:08.720671   10365 ssh_runner.go:194] Run: /bin/bash -c "docker logs --tail 400 4d2d81331688"
I0603 04:55:11.320526   10365 ssh_runner.go:194] Run: sudo pgrep -xnf kube-apiserver.*minikube.*
I0603 04:55:11.349526   10365 ssh_runner.go:194] Run: docker ps -a --filter=name=k8s_kube-apiserver --format={{.ID}}
I0603 04:55:11.400098   10365 logs.go:281] 2 containers: [42270be2365f 85e4dc7631be]
I0603 04:55:11.400201   10365 ssh_runner.go:194] Run: docker ps -a --filter=name=k8s_etcd --format={{.ID}}
I0603 04:55:11.450240   10365 logs.go:281] 2 containers: [349258b6df58 21e19412e264]
I0603 04:55:11.450345   10365 ssh_runner.go:194] Run: docker ps -a --filter=name=k8s_coredns --format={{.ID}}
I0603 04:55:11.504594   10365 logs.go:281] 2 containers: [ac03be6e1600 cd9183ebaff4]
I0603 04:55:11.504721   10365 ssh_runner.go:194] Run: docker ps -a --filter=name=k8s_kube-scheduler --format={{.ID}}
I0603 04:55:11.556733   10365 logs.go:281] 2 containers: [a19d97dd9309 b898e357825c]
I0603 04:55:11.556852   10365 ssh_runner.go:194] Run: docker ps -a --filter=name=k8s_kube-proxy --format={{.ID}}
I0603 04:55:11.610350   10365 logs.go:281] 2 containers: [d57eab1ae12c 613db8e8654c]
I0603 04:55:11.610651   10365 ssh_runner.go:194] Run: docker ps -a --filter=name=k8s_kube-controller-manager --format={{.ID}}
I0603 04:55:11.667914   10365 logs.go:281] 2 containers: [142a54608b27 06814c3285c9]
I0603 04:55:11.668069   10365 ssh_runner.go:194] Run: docker ps -a --filter=name=k8s_kindnet --format={{.ID}}
I0603 04:55:11.719905   10365 logs.go:281] 0 containers: []
W0603 04:55:11.719923   10365 logs.go:283] No container was found matching "kindnet"
I0603 04:55:11.720017   10365 ssh_runner.go:194] Run: docker ps -a --filter=name=k8s_controller_ingress --format={{.ID}}
I0603 04:55:11.772167   10365 logs.go:281] 1 containers: [435dd4d847ee]
I0603 04:55:11.772314   10365 ssh_runner.go:194] Run: docker ps -a --filter=name=k8s_storage-provisioner --format={{.ID}}
I0603 04:55:11.827303   10365 logs.go:281] 2 containers: [4d2d81331688 bbe49a8a0f86]
I0603 04:55:11.827333   10365 logs.go:122] Gathering logs for dmesg ...
I0603 04:55:11.827352   10365 ssh_runner.go:194] Run: /bin/bash -c "sudo dmesg -PH -L=never --level warn,err,crit,alert,emerg | tail -n 400"
I0603 04:55:11.860298   10365 logs.go:122] Gathering logs for kube-apiserver [85e4dc7631be] ...
I0603 04:55:11.860328   10365 ssh_runner.go:194] Run: /bin/bash -c "docker logs --tail 400 85e4dc7631be"
I0603 04:55:12.028907   10365 logs.go:122] Gathering logs for kube-scheduler [a19d97dd9309] ...
I0603 04:55:12.028987   10365 ssh_runner.go:194] Run: /bin/bash -c "docker logs --tail 400 a19d97dd9309"
I0603 04:55:12.123133   10365 logs.go:122] Gathering logs for storage-provisioner [bbe49a8a0f86] ...
I0603 04:55:12.123164   10365 ssh_runner.go:194] Run: /bin/bash -c "docker logs --tail 400 bbe49a8a0f86"
I0603 04:55:12.230836   10365 logs.go:122] Gathering logs for kube-apiserver [42270be2365f] ...
I0603 04:55:12.230863   10365 ssh_runner.go:194] Run: /bin/bash -c "docker logs --tail 400 42270be2365f"
I0603 04:55:12.348792   10365 logs.go:122] Gathering logs for etcd [349258b6df58] ...
I0603 04:55:12.348817   10365 ssh_runner.go:194] Run: /bin/bash -c "docker logs --tail 400 349258b6df58"
I0603 04:55:12.536894   10365 logs.go:122] Gathering logs for etcd [21e19412e264] ...
I0603 04:55:12.536920   10365 ssh_runner.go:194] Run: /bin/bash -c "docker logs --tail 400 21e19412e264"
I0603 04:55:12.632069   10365 logs.go:122] Gathering logs for coredns [ac03be6e1600] ...
I0603 04:55:12.632093   10365 ssh_runner.go:194] Run: /bin/bash -c "docker logs --tail 400 ac03be6e1600"
I0603 04:55:12.720320   10365 logs.go:122] Gathering logs for kube-scheduler [b898e357825c] ...
I0603 04:55:12.720345   10365 ssh_runner.go:194] Run: /bin/bash -c "docker logs --tail 400 b898e357825c"
I0603 04:55:12.798240   10365 logs.go:122] Gathering logs for kube-proxy [613db8e8654c] ...
I0603 04:55:12.798265   10365 ssh_runner.go:194] Run: /bin/bash -c "docker logs --tail 400 613db8e8654c"
I0603 04:55:12.865238   10365 logs.go:122] Gathering logs for controller_ingress [435dd4d847ee] ...
I0603 04:55:12.865260   10365 ssh_runner.go:194] Run: /bin/bash -c "docker logs --tail 400 435dd4d847ee"
I0603 04:55:12.928637   10365 logs.go:122] Gathering logs for describe nodes ...
I0603 04:55:12.928659   10365 ssh_runner.go:194] Run: /bin/bash -c "sudo /var/lib/minikube/binaries/v1.35.1/kubectl describe nodes --kubeconfig=/var/lib/minikube/kubeconfig"
W0603 04:55:13.069688   10365 logs.go:129] failed describe nodes: command: /bin/bash -c "sudo /var/lib/minikube/binaries/v1.35.1/kubectl describe nodes --kubeconfig=/var/lib/minikube/kubeconfig" /bin/bash -c "sudo /var/lib/minikube/binaries/v1.35.1/kubectl describe nodes --kubeconfig=/var/lib/minikube/kubeconfig": Process exited with status 1
stdout:

stderr:
E0603 01:55:13.055138   27836 memcache.go:265] "Unhandled Error" err="couldn't get current server API group list: Get \"https://localhost:8443/api?timeout=32s\": dial tcp [::1]:8443: connect: connection refused"
E0603 01:55:13.056555   27836 memcache.go:265] "Unhandled Error" err="couldn't get current server API group list: Get \"https://localhost:8443/api?timeout=32s\": dial tcp [::1]:8443: connect: connection refused"
E0603 01:55:13.057892   27836 memcache.go:265] "Unhandled Error" err="couldn't get current server API group list: Get \"https://localhost:8443/api?timeout=32s\": dial tcp [::1]:8443: connect: connection refused"
E0603 01:55:13.059268   27836 memcache.go:265] "Unhandled Error" err="couldn't get current server API group list: Get \"https://localhost:8443/api?timeout=32s\": dial tcp [::1]:8443: connect: connection refused"
E0603 01:55:13.060614   27836 memcache.go:265] "Unhandled Error" err="couldn't get current server API group list: Get \"https://localhost:8443/api?timeout=32s\": dial tcp [::1]:8443: connect: connection refused"
The connection to the server localhost:8443 was refused - did you specify the right host or port?
 output: 
** stderr ** 
E0603 01:55:13.055138   27836 memcache.go:265] "Unhandled Error" err="couldn't get current server API group list: Get \"https://localhost:8443/api?timeout=32s\": dial tcp [::1]:8443: connect: connection refused"
E0603 01:55:13.056555   27836 memcache.go:265] "Unhandled Error" err="couldn't get current server API group list: Get \"https://localhost:8443/api?timeout=32s\": dial tcp [::1]:8443: connect: connection refused"
E0603 01:55:13.057892   27836 memcache.go:265] "Unhandled Error" err="couldn't get current server API group list: Get \"https://localhost:8443/api?timeout=32s\": dial tcp [::1]:8443: connect: connection refused"
E0603 01:55:13.059268   27836 memcache.go:265] "Unhandled Error" err="couldn't get current server API group list: Get \"https://localhost:8443/api?timeout=32s\": dial tcp [::1]:8443: connect: connection refused"
E0603 01:55:13.060614   27836 memcache.go:265] "Unhandled Error" err="couldn't get current server API group list: Get \"https://localhost:8443/api?timeout=32s\": dial tcp [::1]:8443: connect: connection refused"
The connection to the server localhost:8443 was refused - did you specify the right host or port?

** /stderr **
I0603 04:55:13.069711   10365 logs.go:122] Gathering logs for coredns [cd9183ebaff4] ...
I0603 04:55:13.069730   10365 ssh_runner.go:194] Run: /bin/bash -c "docker logs --tail 400 cd9183ebaff4"
I0603 04:55:13.138202   10365 logs.go:122] Gathering logs for kube-proxy [d57eab1ae12c] ...
I0603 04:55:13.138221   10365 ssh_runner.go:194] Run: /bin/bash -c "docker logs --tail 400 d57eab1ae12c"
I0603 04:55:13.211029   10365 logs.go:122] Gathering logs for kube-controller-manager [142a54608b27] ...
I0603 04:55:13.211049   10365 ssh_runner.go:194] Run: /bin/bash -c "docker logs --tail 400 142a54608b27"
I0603 04:55:13.298073   10365 logs.go:122] Gathering logs for kube-controller-manager [06814c3285c9] ...
I0603 04:55:13.298112   10365 ssh_runner.go:194] Run: /bin/bash -c "docker logs --tail 400 06814c3285c9"
I0603 04:55:13.381359   10365 logs.go:122] Gathering logs for storage-provisioner [4d2d81331688] ...
I0603 04:55:13.381383   10365 ssh_runner.go:194] Run: /bin/bash -c "docker logs --tail 400 4d2d81331688"
I0603 04:55:13.489803   10365 logs.go:122] Gathering logs for Docker ...
I0603 04:55:13.489857   10365 ssh_runner.go:194] Run: /bin/bash -c "sudo journalctl -u docker -u cri-docker -n 400"
I0603 04:55:13.551885   10365 logs.go:122] Gathering logs for kubelet ...
I0603 04:55:13.551912   10365 ssh_runner.go:194] Run: /bin/bash -c "sudo journalctl -u kubelet -n 400"
I0603 04:55:13.649089   10365 logs.go:122] Gathering logs for container status ...
I0603 04:55:13.649115   10365 ssh_runner.go:194] Run: /bin/bash -c "sudo `which crictl || echo crictl` ps -a || sudo docker ps -a"
I0603 04:55:14.990405   10365 kapi.go:81] temporary error: getting Pods with label selector "app.kubernetes.io/name=ingress-nginx" : [Get "https://127.0.0.1:32771/api/v1/namespaces/ingress-nginx/pods?labelSelector=app.kubernetes.io%2Fname%3Dingress-nginx": EOF]
I0603 04:55:16.245881   10365 ssh_runner.go:194] Run: sudo pgrep -xnf kube-apiserver.*minikube.*
I0603 04:55:16.283088   10365 ssh_runner.go:194] Run: docker ps -a --filter=name=k8s_kube-apiserver --format={{.ID}}
I0603 04:55:16.338735   10365 logs.go:281] 2 containers: [42270be2365f 85e4dc7631be]
I0603 04:55:16.338876   10365 ssh_runner.go:194] Run: docker ps -a --filter=name=k8s_etcd --format={{.ID}}
I0603 04:55:16.394710   10365 logs.go:281] 2 containers: [349258b6df58 21e19412e264]
I0603 04:55:16.394857   10365 ssh_runner.go:194] Run: docker ps -a --filter=name=k8s_coredns --format={{.ID}}
I0603 04:55:16.458748   10365 logs.go:281] 2 containers: [ac03be6e1600 cd9183ebaff4]
I0603 04:55:16.458930   10365 ssh_runner.go:194] Run: docker ps -a --filter=name=k8s_kube-scheduler --format={{.ID}}
I0603 04:55:16.517025   10365 logs.go:281] 2 containers: [a19d97dd9309 b898e357825c]
I0603 04:55:16.517168   10365 ssh_runner.go:194] Run: docker ps -a --filter=name=k8s_kube-proxy --format={{.ID}}
I0603 04:55:16.574210   10365 logs.go:281] 2 containers: [d57eab1ae12c 613db8e8654c]
I0603 04:55:16.574309   10365 ssh_runner.go:194] Run: docker ps -a --filter=name=k8s_kube-controller-manager --format={{.ID}}
I0603 04:55:16.636685   10365 logs.go:281] 2 containers: [142a54608b27 06814c3285c9]
I0603 04:55:16.636841   10365 ssh_runner.go:194] Run: docker ps -a --filter=name=k8s_kindnet --format={{.ID}}
I0603 04:55:16.695854   10365 logs.go:281] 0 containers: []
W0603 04:55:16.695883   10365 logs.go:283] No container was found matching "kindnet"
I0603 04:55:16.695997   10365 ssh_runner.go:194] Run: docker ps -a --filter=name=k8s_controller_ingress --format={{.ID}}
I0603 04:55:16.746816   10365 logs.go:281] 1 containers: [435dd4d847ee]
I0603 04:55:16.746978   10365 ssh_runner.go:194] Run: docker ps -a --filter=name=k8s_storage-provisioner --format={{.ID}}
I0603 04:55:16.803391   10365 logs.go:281] 2 containers: [4d2d81331688 bbe49a8a0f86]
I0603 04:55:16.803438   10365 logs.go:122] Gathering logs for describe nodes ...
I0603 04:55:16.803461   10365 ssh_runner.go:194] Run: /bin/bash -c "sudo /var/lib/minikube/binaries/v1.35.1/kubectl describe nodes --kubeconfig=/var/lib/minikube/kubeconfig"
W0603 04:55:16.950605   10365 logs.go:129] failed describe nodes: command: /bin/bash -c "sudo /var/lib/minikube/binaries/v1.35.1/kubectl describe nodes --kubeconfig=/var/lib/minikube/kubeconfig" /bin/bash -c "sudo /var/lib/minikube/binaries/v1.35.1/kubectl describe nodes --kubeconfig=/var/lib/minikube/kubeconfig": Process exited with status 1
stdout:

stderr:
E0603 01:55:16.933620   28064 memcache.go:265] "Unhandled Error" err="couldn't get current server API group list: Get \"https://localhost:8443/api?timeout=32s\": dial tcp [::1]:8443: connect: connection refused"
E0603 01:55:16.935419   28064 memcache.go:265] "Unhandled Error" err="couldn't get current server API group list: Get \"https://localhost:8443/api?timeout=32s\": dial tcp [::1]:8443: connect: connection refused"
E0603 01:55:16.936872   28064 memcache.go:265] "Unhandled Error" err="couldn't get current server API group list: Get \"https://localhost:8443/api?timeout=32s\": dial tcp [::1]:8443: connect: connection refused"
E0603 01:55:16.939055   28064 memcache.go:265] "Unhandled Error" err="couldn't get current server API group list: Get \"https://localhost:8443/api?timeout=32s\": dial tcp [::1]:8443: connect: connection refused"
E0603 01:55:16.941003   28064 memcache.go:265] "Unhandled Error" err="couldn't get current server API group list: Get \"https://localhost:8443/api?timeout=32s\": dial tcp [::1]:8443: connect: connection refused"
The connection to the server localhost:8443 was refused - did you specify the right host or port?
 output: 
** stderr ** 
E0603 01:55:16.933620   28064 memcache.go:265] "Unhandled Error" err="couldn't get current server API group list: Get \"https://localhost:8443/api?timeout=32s\": dial tcp [::1]:8443: connect: connection refused"
E0603 01:55:16.935419   28064 memcache.go:265] "Unhandled Error" err="couldn't get current server API group list: Get \"https://localhost:8443/api?timeout=32s\": dial tcp [::1]:8443: connect: connection refused"
E0603 01:55:16.936872   28064 memcache.go:265] "Unhandled Error" err="couldn't get current server API group list: Get \"https://localhost:8443/api?timeout=32s\": dial tcp [::1]:8443: connect: connection refused"
E0603 01:55:16.939055   28064 memcache.go:265] "Unhandled Error" err="couldn't get current server API group list: Get \"https://localhost:8443/api?timeout=32s\": dial tcp [::1]:8443: connect: connection refused"
E0603 01:55:16.941003   28064 memcache.go:265] "Unhandled Error" err="couldn't get current server API group list: Get \"https://localhost:8443/api?timeout=32s\": dial tcp [::1]:8443: connect: connection refused"
The connection to the server localhost:8443 was refused - did you specify the right host or port?

** /stderr **
I0603 04:55:16.950627   10365 logs.go:122] Gathering logs for coredns [ac03be6e1600] ...
I0603 04:55:16.950649   10365 ssh_runner.go:194] Run: /bin/bash -c "docker logs --tail 400 ac03be6e1600"
I0603 04:55:17.033848   10365 logs.go:122] Gathering logs for kube-proxy [d57eab1ae12c] ...
I0603 04:55:17.033967   10365 ssh_runner.go:194] Run: /bin/bash -c "docker logs --tail 400 d57eab1ae12c"
I0603 04:55:17.133206   10365 logs.go:122] Gathering logs for kube-controller-manager [06814c3285c9] ...
I0603 04:55:17.133239   10365 ssh_runner.go:194] Run: /bin/bash -c "docker logs --tail 400 06814c3285c9"
I0603 04:55:17.226374   10365 logs.go:122] Gathering logs for container status ...
I0603 04:55:17.226410   10365 ssh_runner.go:194] Run: /bin/bash -c "sudo `which crictl || echo crictl` ps -a || sudo docker ps -a"
I0603 04:55:17.324024   10365 logs.go:122] Gathering logs for dmesg ...
I0603 04:55:17.324044   10365 ssh_runner.go:194] Run: /bin/bash -c "sudo dmesg -PH -L=never --level warn,err,crit,alert,emerg | tail -n 400"
I0603 04:55:17.352788   10365 logs.go:122] Gathering logs for kube-apiserver [85e4dc7631be] ...
I0603 04:55:17.352809   10365 ssh_runner.go:194] Run: /bin/bash -c "docker logs --tail 400 85e4dc7631be"
I0603 04:55:17.520973   10365 logs.go:122] Gathering logs for storage-provisioner [bbe49a8a0f86] ...
I0603 04:55:17.521010   10365 ssh_runner.go:194] Run: /bin/bash -c "docker logs --tail 400 bbe49a8a0f86"
I0603 04:55:17.612008   10365 logs.go:122] Gathering logs for kube-apiserver [42270be2365f] ...
I0603 04:55:17.612032   10365 ssh_runner.go:194] Run: /bin/bash -c "docker logs --tail 400 42270be2365f"
I0603 04:55:17.719811   10365 logs.go:122] Gathering logs for coredns [cd9183ebaff4] ...
I0603 04:55:17.719835   10365 ssh_runner.go:194] Run: /bin/bash -c "docker logs --tail 400 cd9183ebaff4"
I0603 04:55:17.777536   10365 logs.go:122] Gathering logs for kube-scheduler [a19d97dd9309] ...
I0603 04:55:17.777558   10365 ssh_runner.go:194] Run: /bin/bash -c "docker logs --tail 400 a19d97dd9309"
I0603 04:55:17.837850   10365 logs.go:122] Gathering logs for kube-proxy [613db8e8654c] ...
I0603 04:55:17.837871   10365 ssh_runner.go:194] Run: /bin/bash -c "docker logs --tail 400 613db8e8654c"
I0603 04:55:17.896962   10365 logs.go:122] Gathering logs for kube-controller-manager [142a54608b27] ...
I0603 04:55:17.896989   10365 ssh_runner.go:194] Run: /bin/bash -c "docker logs --tail 400 142a54608b27"
I0603 04:55:17.979557   10365 logs.go:122] Gathering logs for controller_ingress [435dd4d847ee] ...
I0603 04:55:17.979591   10365 ssh_runner.go:194] Run: /bin/bash -c "docker logs --tail 400 435dd4d847ee"
I0603 04:55:18.051677   10365 logs.go:122] Gathering logs for Docker ...
I0603 04:55:18.051707   10365 ssh_runner.go:194] Run: /bin/bash -c "sudo journalctl -u docker -u cri-docker -n 400"
I0603 04:55:18.136477   10365 logs.go:122] Gathering logs for kubelet ...
I0603 04:55:18.136518   10365 ssh_runner.go:194] Run: /bin/bash -c "sudo journalctl -u kubelet -n 400"
I0603 04:55:18.269361   10365 logs.go:122] Gathering logs for etcd [349258b6df58] ...
I0603 04:55:18.269391   10365 ssh_runner.go:194] Run: /bin/bash -c "docker logs --tail 400 349258b6df58"
I0603 04:55:18.465687   10365 logs.go:122] Gathering logs for etcd [21e19412e264] ...
I0603 04:55:18.465713   10365 ssh_runner.go:194] Run: /bin/bash -c "docker logs --tail 400 21e19412e264"
I0603 04:55:18.554276   10365 logs.go:122] Gathering logs for kube-scheduler [b898e357825c] ...
I0603 04:55:18.554300   10365 ssh_runner.go:194] Run: /bin/bash -c "docker logs --tail 400 b898e357825c"
I0603 04:55:18.635496   10365 logs.go:122] Gathering logs for storage-provisioner [4d2d81331688] ...
I0603 04:55:18.635532   10365 ssh_runner.go:194] Run: /bin/bash -c "docker logs --tail 400 4d2d81331688"
I0603 04:55:22.792582   10365 ssh_runner.go:194] Run: sudo pgrep -xnf kube-apiserver.*minikube.*
I0603 04:55:22.835931   10365 out.go:203] 
W0603 04:55:22.840639   10365 out.go:285] ❌  Exiting due to K8S_APISERVER_MISSING: wait 6m0s for node: wait for apiserver proc: apiserver process never appeared
W0603 04:55:22.840855   10365 out.go:285] 💡  Suggestion: Check that the provided apiserver flags are valid, and that SELinux is disabled
W0603 04:55:22.840995   10365 out.go:285] 🍿  Related issues:
W0603 04:55:22.841105   10365 out.go:285]     ▪ https://github.com/kubernetes/minikube/issues/4536
W0603 04:55:22.841282   10365 out.go:285]     ▪ https://github.com/kubernetes/minikube/issues/6014
I0603 04:55:22.845691   10365 out.go:203] 


==> Docker <==
Jun 03 01:48:56 minikube dockerd[659]: time="2026-06-03T01:48:56.680457942Z" level=error msg="Failed to get event" error="rpc error: code = Unavailable desc = error reading from server: EOF" module=libcontainerd namespace=moby
Jun 03 01:48:56 minikube dockerd[659]: time="2026-06-03T01:48:56.680662812Z" level=info msg="Waiting for containerd to be ready to restart event processing" module=libcontainerd namespace=moby
Jun 03 01:48:56 minikube dockerd[659]: time="2026-06-03T01:48:56.874437520Z" level=error msg="Failed to get event" error="rpc error: code = Unavailable desc = error reading from server: EOF" module=libcontainerd namespace=plugins.moby
Jun 03 01:48:56 minikube dockerd[659]: time="2026-06-03T01:48:56.874487359Z" level=info msg="Waiting for containerd to be ready to restart event processing" module=libcontainerd namespace=plugins.moby
Jun 03 01:48:56 minikube dockerd[659]: time="2026-06-03T01:48:56.874437907Z" level=error msg="Failed to get event" error="rpc error: code = Unavailable desc = error reading from server: EOF" module=libcontainerd namespace=moby
Jun 03 01:48:56 minikube dockerd[659]: time="2026-06-03T01:48:56.874576584Z" level=info msg="Waiting for containerd to be ready to restart event processing" module=libcontainerd namespace=moby
Jun 03 01:48:57 minikube systemd[1]: Stopping docker.service - Docker Application Container Engine...
Jun 03 01:48:57 minikube dockerd[659]: time="2026-06-03T01:48:57.420504541Z" level=info msg="Processing signal 'terminated'"
Jun 03 01:48:57 minikube dockerd[659]: time="2026-06-03T01:48:57.422077507Z" level=warning msg="Error while testing if containerd API is ready" error="Canceled: grpc: the client connection is closing"
Jun 03 01:48:57 minikube dockerd[659]: time="2026-06-03T01:48:57.423121408Z" level=info msg="Daemon shutdown complete"
Jun 03 01:48:57 minikube dockerd[659]: time="2026-06-03T01:48:57.423203279Z" level=warning msg="Error while testing if containerd API is ready" error="Canceled: context canceled while waiting for connections to become ready"
Jun 03 01:48:57 minikube dockerd[659]: time="2026-06-03T01:48:57.423232408Z" level=info msg="stopping event stream following graceful shutdown" error="context canceled" module=libcontainerd namespace=plugins.moby
Jun 03 01:48:57 minikube dockerd[659]: time="2026-06-03T01:48:57.423157989Z" level=info msg="stopping event stream following graceful shutdown" error="context canceled" module=libcontainerd namespace=moby
Jun 03 01:48:57 minikube systemd[1]: docker.service: Deactivated successfully.
Jun 03 01:48:57 minikube systemd[1]: Stopped docker.service - Docker Application Container Engine.
Jun 03 01:48:57 minikube systemd[1]: docker.service: Consumed 1.587s CPU time.
Jun 03 01:48:57 minikube systemd[1]: Starting docker.service - Docker Application Container Engine...
Jun 03 01:48:57 minikube dockerd[1301]: time="2026-06-03T01:48:57.666756710Z" level=info msg="Starting up"
Jun 03 01:48:57 minikube dockerd[1301]: time="2026-06-03T01:48:57.671652605Z" level=info msg="OTEL tracing is not configured, using no-op tracer provider"
Jun 03 01:48:57 minikube dockerd[1301]: time="2026-06-03T01:48:57.671833669Z" level=info msg="CDI directory does not exist, skipping: failed to monitor for changes: no such file or directory" dir=/etc/cdi
Jun 03 01:48:57 minikube dockerd[1301]: time="2026-06-03T01:48:57.671853508Z" level=info msg="CDI directory does not exist, skipping: failed to monitor for changes: no such file or directory" dir=/var/run/cdi
Jun 03 01:48:57 minikube dockerd[1301]: time="2026-06-03T01:48:57.685793517Z" level=info msg="Creating a containerd client" address=/run/containerd/containerd.sock timeout=1m0s
Jun 03 01:48:57 minikube dockerd[1301]: time="2026-06-03T01:48:57.694152954Z" level=info msg="Loading containers: start."
Jun 03 01:48:57 minikube dockerd[1301]: time="2026-06-03T01:48:57.698949559Z" level=info msg="NRI is disabled"
Jun 03 01:48:57 minikube dockerd[1301]: time="2026-06-03T01:48:57.699002688Z" level=info msg="[graphdriver] trying configured driver: overlay2"
Jun 03 01:48:57 minikube dockerd[1301]: time="2026-06-03T01:48:57.732414503Z" level=info msg="Restoring containers: start."
Jun 03 01:48:57 minikube dockerd[1301]: time="2026-06-03T01:48:57.890180852Z" level=info msg="Deleting nftables IPv4 rules" error="exit status 1"
Jun 03 01:48:57 minikube dockerd[1301]: time="2026-06-03T01:48:57.918437708Z" level=info msg="Deleting nftables IPv6 rules" error="exit status 1"
Jun 03 01:48:59 minikube dockerd[1301]: time="2026-06-03T01:48:59.130032679Z" level=warning msg="error locating sandbox id 434ecf6c5632d2a476936440d363b97f493672c3f4f886402afa4bff7171b040: sandbox 434ecf6c5632d2a476936440d363b97f493672c3f4f886402afa4bff7171b040 not found"
Jun 03 01:48:59 minikube dockerd[1301]: time="2026-06-03T01:48:59.130102080Z" level=warning msg="error locating sandbox id 9f8f5f60c4d2d1f39f6efcb238632502cdb870c6d8ccbcbbe8c4d59a7a9d426e: sandbox 9f8f5f60c4d2d1f39f6efcb238632502cdb870c6d8ccbcbbe8c4d59a7a9d426e not found"
Jun 03 01:48:59 minikube dockerd[1301]: time="2026-06-03T01:48:59.130115900Z" level=warning msg="error locating sandbox id d9b669c0c420f902ea9ff4aa2e8f9346ad54861976ce8cedc67ec446df702f53: sandbox d9b669c0c420f902ea9ff4aa2e8f9346ad54861976ce8cedc67ec446df702f53 not found"
Jun 03 01:48:59 minikube dockerd[1301]: time="2026-06-03T01:48:59.130130511Z" level=warning msg="error locating sandbox id 193a7db95aefc7def995ecf3987ab6f6c0f142ed5d70665467a896b2e540a0d6: sandbox 193a7db95aefc7def995ecf3987ab6f6c0f142ed5d70665467a896b2e540a0d6 not found"
Jun 03 01:48:59 minikube dockerd[1301]: time="2026-06-03T01:48:59.130142160Z" level=warning msg="error locating sandbox id 4873b81ccd0634ac5ce761d54b426ed2c5fa011a68502dd9e750671b21cf47d1: sandbox 4873b81ccd0634ac5ce761d54b426ed2c5fa011a68502dd9e750671b21cf47d1 not found"
Jun 03 01:48:59 minikube dockerd[1301]: time="2026-06-03T01:48:59.130154204Z" level=warning msg="error locating sandbox id c80f581840f46937da997ac655370dfe110ea44fc03225fc4f3370083577e514: sandbox c80f581840f46937da997ac655370dfe110ea44fc03225fc4f3370083577e514 not found"
Jun 03 01:48:59 minikube dockerd[1301]: time="2026-06-03T01:48:59.130162694Z" level=warning msg="error locating sandbox id 354a7f7f42da3d077e798c45b32c324002237937ea7063ace715aa94e819c503: sandbox 354a7f7f42da3d077e798c45b32c324002237937ea7063ace715aa94e819c503 not found"
Jun 03 01:48:59 minikube dockerd[1301]: time="2026-06-03T01:48:59.130173158Z" level=warning msg="error locating sandbox id 4bf982065491b0555f273f3ed4cb1558685db744bf4e38fbb2c668c6e9053355: sandbox 4bf982065491b0555f273f3ed4cb1558685db744bf4e38fbb2c668c6e9053355 not found"
Jun 03 01:48:59 minikube dockerd[1301]: time="2026-06-03T01:48:59.130183523Z" level=warning msg="error locating sandbox id f792364fdc40e40210595f74c96a9908566557d0db85347117d7234b5ebc1793: sandbox f792364fdc40e40210595f74c96a9908566557d0db85347117d7234b5ebc1793 not found"
Jun 03 01:48:59 minikube dockerd[1301]: time="2026-06-03T01:48:59.130195666Z" level=warning msg="error locating sandbox id be23bc089ce85dc0dddf294bcba5ee16817fb0d47f502e5e2f768b848aa435e3: sandbox be23bc089ce85dc0dddf294bcba5ee16817fb0d47f502e5e2f768b848aa435e3 not found"
Jun 03 01:48:59 minikube dockerd[1301]: time="2026-06-03T01:48:59.130206821Z" level=warning msg="error locating sandbox id dadcc8ad607c3fb2e7695dd499394bccc95dd6c03fa207947c25f97b7bc065cb: sandbox dadcc8ad607c3fb2e7695dd499394bccc95dd6c03fa207947c25f97b7bc065cb not found"
Jun 03 01:48:59 minikube dockerd[1301]: time="2026-06-03T01:48:59.130559646Z" level=info msg="Loading containers: done."
Jun 03 01:48:59 minikube dockerd[1301]: time="2026-06-03T01:48:59.152791654Z" level=info msg="Docker daemon" commit=6bc6209 containerd-snapshotter=false storage-driver=overlay2 version=29.2.1
Jun 03 01:48:59 minikube dockerd[1301]: time="2026-06-03T01:48:59.152918213Z" level=info msg="Initializing buildkit"
Jun 03 01:48:59 minikube dockerd[1301]: time="2026-06-03T01:48:59.177654546Z" level=info msg="Completed buildkit initialization"
Jun 03 01:48:59 minikube dockerd[1301]: time="2026-06-03T01:48:59.181368091Z" level=info msg="Daemon has completed initialization"
Jun 03 01:48:59 minikube dockerd[1301]: time="2026-06-03T01:48:59.181471549Z" level=info msg="API listen on /var/run/docker.sock"
Jun 03 01:48:59 minikube dockerd[1301]: time="2026-06-03T01:48:59.181526536Z" level=info msg="API listen on /run/docker.sock"
Jun 03 01:48:59 minikube dockerd[1301]: time="2026-06-03T01:48:59.181533841Z" level=info msg="API listen on [::]:2376"
Jun 03 01:48:59 minikube systemd[1]: Started docker.service - Docker Application Container Engine.
Jun 03 01:48:59 minikube systemd[1]: Starting cri-docker.service - CRI Interface for Docker Application Container Engine...
Jun 03 01:49:00 minikube cri-dockerd[1625]: time="2026-06-03T01:49:00Z" level=info msg="Starting cri-dockerd dev (HEAD)"
Jun 03 01:49:00 minikube cri-dockerd[1625]: time="2026-06-03T01:49:00Z" level=info msg="Connecting to docker on the Endpoint unix:///var/run/docker.sock"
Jun 03 01:49:00 minikube cri-dockerd[1625]: time="2026-06-03T01:49:00Z" level=info msg="Start docker client with request timeout 0s"
Jun 03 01:49:00 minikube cri-dockerd[1625]: time="2026-06-03T01:49:00Z" level=info msg="Hairpin mode is set to hairpin-veth"
Jun 03 01:49:00 minikube cri-dockerd[1625]: time="2026-06-03T01:49:00Z" level=info msg="Loaded network plugin cni"
Jun 03 01:49:00 minikube cri-dockerd[1625]: time="2026-06-03T01:49:00Z" level=info msg="Docker cri networking managed by network plugin cni"
Jun 03 01:49:00 minikube cri-dockerd[1625]: time="2026-06-03T01:49:00Z" level=info msg="Setting cgroupDriver systemd"
Jun 03 01:49:00 minikube cri-dockerd[1625]: time="2026-06-03T01:49:00Z" level=info msg="Docker cri received runtime config &RuntimeConfig{NetworkConfig:&NetworkConfig{PodCidr:,},}"
Jun 03 01:49:00 minikube cri-dockerd[1625]: time="2026-06-03T01:49:00Z" level=info msg="Starting the GRPC backend for the Docker CRI interface."
Jun 03 01:49:00 minikube cri-dockerd[1625]: time="2026-06-03T01:49:00Z" level=info msg="Start cri-dockerd grpc backend"
Jun 03 01:49:00 minikube systemd[1]: Started cri-docker.service - CRI Interface for Docker Application Container Engine.


==> container status <==
CONTAINER           IMAGE               CREATED             STATE               NAME                      ATTEMPT             POD ID              POD                                         NAMESPACE
435dd4d847ee9       97a7e90e1846b       7 weeks ago         Exited              controller                0                   69c3a7185a9df       ingress-nginx-controller-5d79f9d55c-p7mjv   ingress-nginx
4d2d813316883       6e38f40d628db       7 weeks ago         Exited              storage-provisioner       4                   4c555cb85282f       storage-provisioner                         kube-system
24d84c3fc33b2       d898bd44bc7bf       7 weeks ago         Exited              create                    0                   ae176286086e3       ingress-nginx-admission-create-hslbg        ingress-nginx
ab7fca6aa1f02       d898bd44bc7bf       7 weeks ago         Exited              patch                     0                   21e941d6f393e       ingress-nginx-admission-patch-475pn         ingress-nginx
9c9d1d403a62a       5107333e08a87       7 weeks ago         Exited              mysql                     0                   b9e3489bbaea2       mysql-6bddf7d576-jmvxk                      default
191a123ef3e25       f5f13c0a1b741       7 weeks ago         Exited              backend                   0                   d4d01e7a9b7d6       backend-86b8587587-blf6t                    default
48f9e73fd540f       a716c9c12c382       7 weeks ago         Exited              nginx                     0                   0ef09465313b3       frontend-59f89c6d44-gxjds                   default
e99dd100562e1       a40c03cbb81c5       7 weeks ago         Exited              init-download             0                   0ef09465313b3       frontend-59f89c6d44-gxjds                   default
bbe49a8a0f868       6e38f40d628db       7 weeks ago         Exited              storage-provisioner       3                   4c555cb85282f       storage-provisioner                         kube-system
ac03be6e16009       aa5e3ebc0dfed       7 weeks ago         Exited              coredns                   1                   f8531748dfbe4       coredns-7d764666f9-pjvsn                    kube-system
d57eab1ae12c8       6521110cdb017       7 weeks ago         Exited              kube-proxy                1                   17bba1bfcfcdc       kube-proxy-5sffm                            kube-system
142a54608b278       8d7002962c484       7 weeks ago         Exited              kube-controller-manager   1                   deb845a7b471c       kube-controller-manager-minikube            kube-system
349258b6df58b       0a108f7189562       7 weeks ago         Exited              etcd                      1                   1d72eb0e96b78       etcd-minikube                               kube-system
42270be2365f0       6f9eeb0cff981       7 weeks ago         Exited              kube-apiserver            1                   30978c4b32666       kube-apiserver-minikube                     kube-system
a19d97dd93097       5f2a969bc7a43       7 weeks ago         Exited              kube-scheduler            1                   b667a14b0dcd2       kube-scheduler-minikube                     kube-system
cd9183ebaff4f       aa5e3ebc0dfed       7 weeks ago         Exited              coredns                   0                   ff94ff80c3f7d       coredns-7d764666f9-pjvsn                    kube-system
613db8e8654c2       6521110cdb017       7 weeks ago         Exited              kube-proxy                0                   92a9190b68111       kube-proxy-5sffm                            kube-system
b898e357825c7       5f2a969bc7a43       7 weeks ago         Exited              kube-scheduler            0                   f2cac4256994b       kube-scheduler-minikube                     kube-system
85e4dc7631be5       6f9eeb0cff981       7 weeks ago         Exited              kube-apiserver            0                   e45a9f60ad76b       kube-apiserver-minikube                     kube-system
06814c3285c95       8d7002962c484       7 weeks ago         Exited              kube-controller-manager   0                   192851bf76d00       kube-controller-manager-minikube            kube-system
21e19412e264a       0a108f7189562       7 weeks ago         Exited              etcd                      0                   ee139e541eb8f       etcd-minikube                               kube-system


==> controller_ingress [435dd4d847ee] <==
W0410 22:04:10.786801       7 client_config.go:682] Neither --kubeconfig nor --master was specified.  Using the inClusterConfig.  This might not work.
I0410 22:04:10.842787       7 main.go:205] "Creating API client" host="https://10.96.0.1:443"
I0410 22:04:10.959535       7 main.go:248] "Running in Kubernetes cluster" major="1" minor="35" git="v1.35.1" state="clean" commit="8fea90b45245ef5c8ba54e7ae044d3e777c22500" platform="linux/amd64"
I0410 22:04:11.430195       7 main.go:101] "SSL fake certificate created" file="/etc/ingress-controller/ssl/default-fake-certificate.pem"
I0410 22:04:11.464294       7 ssl.go:535] "loading tls certificate" path="/usr/local/certificates/cert" key="/usr/local/certificates/key"
I0410 22:04:11.543280       7 nginx.go:273] "Starting NGINX Ingress controller"
I0410 22:04:11.555895       7 event.go:377] Event(v1.ObjectReference{Kind:"ConfigMap", Namespace:"ingress-nginx", Name:"ingress-nginx-controller", UID:"df38c9d5-c084-45d6-8100-6472e7c2b615", APIVersion:"v1", ResourceVersion:"20103", FieldPath:""}): type: 'Normal' reason: 'CREATE' ConfigMap ingress-nginx/ingress-nginx-controller
I0410 22:04:11.570641       7 event.go:377] Event(v1.ObjectReference{Kind:"ConfigMap", Namespace:"ingress-nginx", Name:"udp-services", UID:"e1e40bef-66cb-4754-9344-67f55983e949", APIVersion:"v1", ResourceVersion:"20105", FieldPath:""}): type: 'Normal' reason: 'CREATE' ConfigMap ingress-nginx/udp-services
I0410 22:04:11.570829       7 event.go:377] Event(v1.ObjectReference{Kind:"ConfigMap", Namespace:"ingress-nginx", Name:"tcp-services", UID:"f206c4ec-57b1-42f3-a2f0-88ee4f503d0c", APIVersion:"v1", ResourceVersion:"20104", FieldPath:""}): type: 'Normal' reason: 'CREATE' ConfigMap ingress-nginx/tcp-services
I0410 22:04:13.631854       7 store.go:443] "Found valid IngressClass" ingress="default/phishing-ingress" ingressclass="nginx"
I0410 22:04:13.632532       7 event.go:377] Event(v1.ObjectReference{Kind:"Ingress", Namespace:"default", Name:"phishing-ingress", UID:"d8e97033-3716-4956-99fa-53c1faa4df00", APIVersion:"networking.k8s.io/v1", ResourceVersion:"24227", FieldPath:""}): type: 'Normal' reason: 'Sync' Scheduled for sync
I0410 22:04:13.700524       7 nginx.go:319] "Starting NGINX process"
I0410 22:04:13.701294       7 leaderelection.go:258] "Attempting to acquire leader lease..." lock="ingress-nginx/ingress-nginx-leader"
I0410 22:04:13.703132       7 nginx.go:339] "Starting validation webhook" address=":8443" certPath="/usr/local/certificates/cert" keyPath="/usr/local/certificates/key"
I0410 22:04:13.707930       7 controller.go:217] "Configuration changes detected, backend reload required"
I0410 22:04:13.749363       7 status.go:85] "New leader elected" identity="ingress-nginx-controller-596f8778bc-srdmn"
I0410 22:04:14.101183       7 controller.go:231] "Backend successfully reloaded"
I0410 22:04:14.101521       7 controller.go:243] "Initial sync, sleeping for 1 second"
I0410 22:04:14.101663       7 event.go:377] Event(v1.ObjectReference{Kind:"Pod", Namespace:"ingress-nginx", Name:"ingress-nginx-controller-5d79f9d55c-p7mjv", UID:"9f0b12b4-e1da-4779-b137-29f6c4aa4c4b", APIVersion:"v1", ResourceVersion:"24288", FieldPath:""}): type: 'Normal' reason: 'RELOAD' NGINX reload triggered due to a change in configuration
I0410 22:04:57.659103       7 status.go:85] "New leader elected" identity="ingress-nginx-controller-5d79f9d55c-p7mjv"
I0410 22:04:57.659265       7 leaderelection.go:272] "Successfully acquired lease" lock="ingress-nginx/ingress-nginx-leader"
E0410 23:52:43.267229       7 server.go:81] "Admission review request received" body=4512
I0410 23:52:43.709629       7 main.go:107] "successfully validated configuration, accepting" ingress="default/phishing-ingress"
I0410 23:52:43.799135       7 event.go:377] Event(v1.ObjectReference{Kind:"Ingress", Namespace:"default", Name:"phishing-ingress", UID:"d8e97033-3716-4956-99fa-53c1faa4df00", APIVersion:"networking.k8s.io/v1", ResourceVersion:"30192", FieldPath:""}): type: 'Normal' reason: 'Sync' Scheduled for sync
I0410 23:52:43.847458       7 controller.go:217] "Configuration changes detected, backend reload required"
I0410 23:52:44.625848       7 controller.go:231] "Backend successfully reloaded"
I0410 23:52:44.626487       7 event.go:377] Event(v1.ObjectReference{Kind:"Pod", Namespace:"ingress-nginx", Name:"ingress-nginx-controller-5d79f9d55c-p7mjv", UID:"9f0b12b4-e1da-4779-b137-29f6c4aa4c4b", APIVersion:"v1", ResourceVersion:"24288", FieldPath:""}): type: 'Normal' reason: 'RELOAD' NGINX reload triggered due to a change in configuration
I0411 00:34:41.813257       7 sigterm.go:36] "Received SIGTERM, shutting down"
I0411 00:34:41.813768       7 nginx.go:395] "Shutting down controller queues"
I0411 00:34:42.005426       7 status.go:140] "removing value from ingress status" address=[{"ip":"192.168.49.2"}]
-------------------------------------------------------------------------------
NGINX Ingress controller
  Release:       v1.14.3
  Build:         b4ab41015421ae27f3a96d73f013183b7e166735
  Repository:    https://github.com/kubernetes/ingress-nginx
  nginx version: nginx/1.27.1

-------------------------------------------------------------------------------

127.0.0.1 - - [10/Apr/2026:23:41:09 +0000] "GET / HTTP/1.1" 200 4140 "-" "Mozilla/5.0 (Windows NT 10.0; Win64; x64) AppleWebKit/537.36 (KHTML, like Gecko) Chrome/146.0.0.0 Safari/537.36" 452 0.575 [default-frontend-service-80] [] 10.244.0.5:80 4140 0.575 200 08ce6aae6ee181b9f61fcd0ff041ae35
127.0.0.1 - - [10/Apr/2026:23:41:11 +0000] "GET /favicon.ico HTTP/1.1" 404 555 "http://khadijah.local:8090/" "Mozilla/5.0 (Windows NT 10.0; Win64; x64) AppleWebKit/537.36 (KHTML, like Gecko) Chrome/146.0.0.0 Safari/537.36" 400 0.093 [default-frontend-service-80] [] 10.244.0.5:80 555 0.093 404 cf1f48d527cf3802679b6841a3a8425f
127.0.0.1 - - [10/Apr/2026:23:42:30 +0000] "POST /submit HTTP/1.1" 404 207 "http://khadijah.local:8090/" "Mozilla/5.0 (Windows NT 10.0; Win64; x64) AppleWebKit/537.36 (KHTML, like Gecko) Chrome/146.0.0.0 Safari/537.36" 676 0.853 [default-backend-service-5000] [] 10.244.0.6:5000 207 0.852 404 89241407a0099bfea3b9089183e3f4e4
127.0.0.1 - - [10/Apr/2026:23:57:13 +0000] "GET / HTTP/1.1" 200 4140 "-" "Mozilla/5.0 (Windows NT 10.0; Win64; x64) AppleWebKit/537.36 (KHTML, like Gecko) Chrome/146.0.0.0 Safari/537.36" 452 0.187 [default-frontend-service-80] [] 10.244.0.5:80 4140 0.186 200 6d2fcc70e79faf829f327e1399011e00
127.0.0.1 - - [10/Apr/2026:23:57:34 +0000] "POST /submit HTTP/1.1" 200 32 "http://khadijah.local:8090/" "Mozilla/5.0 (Windows NT 10.0; Win64; x64) AppleWebKit/537.36 (KHTML, like Gecko) Chrome/146.0.0.0 Safari/537.36" 676 2.598 [default-backend-service-5000] [] 10.244.0.6:5000 32 2.597 200 d23aa0ed0bd78be4c11261213a70e354
127.0.0.1 - - [10/Apr/2026:23:59:12 +0000] "POST /submit HTTP/1.1" 200 32 "http://khadijah.local:8090/" "Mozilla/5.0 (Windows NT 10.0; Win64; x64) AppleWebKit/537.36 (KHTML, like Gecko) Chrome/146.0.0.0 Safari/537.36" 667 0.213 [default-backend-service-5000] [] 10.244.0.6:5000 32 0.213 200 3824c4108b2ab4f3861d39920d5cd49f
127.0.0.1 - - [10/Apr/2026:23:59:24 +0000] "POST /submit HTTP/1.1" 200 32 "http://khadijah.local:8090/" "Mozilla/5.0 (Windows NT 10.0; Win64; x64) AppleWebKit/537.36 (KHTML, like Gecko) Chrome/146.0.0.0 Safari/537.36" 671 0.410 [default-backend-service-5000] [] 10.244.0.6:5000 32 0.410 200 7ce17b293743848a569bfc30acf867d4


==> coredns [ac03be6e1600] <==
[INFO] 10.244.0.4:44860 - 15305 "AAAA IN raw.githubusercontent.com.svc.cluster.local. udp 61 false 512" NXDOMAIN qr,aa,rd 154 0.000983001s
[INFO] 10.244.0.4:37076 - 63443 "AAAA IN raw.githubusercontent.com.cluster.local. udp 57 false 512" NXDOMAIN qr,aa,rd 150 0.000408432s
[INFO] 10.244.0.4:37076 - 62766 "A IN raw.githubusercontent.com.cluster.local. udp 57 false 512" NXDOMAIN qr,aa,rd 150 0.000877751s
[INFO] 10.244.0.4:41753 - 34126 "AAAA IN raw.githubusercontent.com. udp 43 false 512" NOERROR qr,rd,ra 255 0.019623093s
[INFO] 10.244.0.4:41753 - 33449 "A IN raw.githubusercontent.com. udp 43 false 512" NOERROR qr,rd,ra 207 0.023409642s
[INFO] 10.244.0.4:35997 - 45556 "AAAA IN raw.githubusercontent.com.default.svc.cluster.local. udp 69 false 512" NXDOMAIN qr,aa,rd 162 0.001566519s
[INFO] 10.244.0.4:35997 - 44509 "A IN raw.githubusercontent.com.default.svc.cluster.local. udp 69 false 512" NXDOMAIN qr,aa,rd 162 0.001805844s
[INFO] 10.244.0.4:33750 - 63691 "AAAA IN raw.githubusercontent.com.svc.cluster.local. udp 61 false 512" NXDOMAIN qr,aa,rd 154 0.000588743s
[INFO] 10.244.0.4:33750 - 63024 "A IN raw.githubusercontent.com.svc.cluster.local. udp 61 false 512" NXDOMAIN qr,aa,rd 154 0.000638741s
[INFO] 10.244.0.4:33352 - 30268 "A IN raw.githubusercontent.com.cluster.local. udp 57 false 512" NXDOMAIN qr,aa,rd 150 0.00029799s
[INFO] 10.244.0.4:33352 - 30839 "AAAA IN raw.githubusercontent.com.cluster.local. udp 57 false 512" NXDOMAIN qr,aa,rd 150 0.00118158s
[INFO] 10.244.0.4:56858 - 45935 "A IN raw.githubusercontent.com. udp 43 false 512" NOERROR qr,rd,ra 207 0.013427552s
[INFO] 10.244.0.4:56858 - 49077 "AAAA IN raw.githubusercontent.com. udp 43 false 512" NOERROR qr,rd,ra 255 0.01709562s
[INFO] 10.244.0.4:43799 - 52114 "A IN raw.githubusercontent.com.default.svc.cluster.local. udp 69 false 512" NXDOMAIN qr,aa,rd 162 0.001243282s
[INFO] 10.244.0.4:43799 - 52888 "AAAA IN raw.githubusercontent.com.default.svc.cluster.local. udp 69 false 512" NXDOMAIN qr,aa,rd 162 0.001628485s
[INFO] 10.244.0.4:43391 - 27373 "A IN raw.githubusercontent.com.svc.cluster.local. udp 61 false 512" NXDOMAIN qr,aa,rd 154 0.000447938s
[INFO] 10.244.0.4:43391 - 27857 "AAAA IN raw.githubusercontent.com.svc.cluster.local. udp 61 false 512" NXDOMAIN qr,aa,rd 154 0.00075378s
[INFO] 10.244.0.4:56369 - 6354 "AAAA IN raw.githubusercontent.com.cluster.local. udp 57 false 512" NXDOMAIN qr,aa,rd 150 0.000368094s
[INFO] 10.244.0.4:56369 - 5774 "A IN raw.githubusercontent.com.cluster.local. udp 57 false 512" NXDOMAIN qr,aa,rd 150 0.000401829s
[INFO] 10.244.0.4:39209 - 24773 "AAAA IN raw.githubusercontent.com. udp 43 false 512" NOERROR qr,rd,ra 255 0.010350698s
[INFO] 10.244.0.4:39209 - 24387 "A IN raw.githubusercontent.com. udp 43 false 512" NOERROR qr,rd,ra 207 0.012385749s
[INFO] 10.244.0.5:33693 - 31094 "A IN raw.githubusercontent.com.default.svc.cluster.local. udp 69 false 512" NXDOMAIN qr,aa,rd 162 0.004507028s
[INFO] 10.244.0.5:33693 - 32157 "AAAA IN raw.githubusercontent.com.default.svc.cluster.local. udp 69 false 512" NXDOMAIN qr,aa,rd 162 0.004890771s
[INFO] 10.244.0.5:45133 - 36131 "AAAA IN raw.githubusercontent.com.svc.cluster.local. udp 61 false 512" NXDOMAIN qr,aa,rd 154 0.000470523s
[INFO] 10.244.0.5:45133 - 35454 "A IN raw.githubusercontent.com.svc.cluster.local. udp 61 false 512" NXDOMAIN qr,aa,rd 154 0.000783625s
[INFO] 10.244.0.5:50068 - 16416 "AAAA IN raw.githubusercontent.com.cluster.local. udp 57 false 512" NXDOMAIN qr,aa,rd 150 0.000350114s
[INFO] 10.244.0.5:50068 - 15643 "A IN raw.githubusercontent.com.cluster.local. udp 57 false 512" NXDOMAIN qr,aa,rd 150 0.000548991s
[INFO] 10.244.0.5:48443 - 63230 "AAAA IN raw.githubusercontent.com. udp 43 false 512" NOERROR qr,rd,ra 255 0.015447627s
[INFO] 10.244.0.5:48443 - 62650 "A IN raw.githubusercontent.com. udp 43 false 512" NOERROR qr,rd,ra 207 0.020658747s
[WARNING] plugin/health: Local health request to "http://:8080/health" failed: Get "http://:8080/health": context deadline exceeded (Client.Timeout exceeded while awaiting headers)
[INFO] 10.244.0.5:33031 - 26988 "A IN deb.debian.org.svc.cluster.local. udp 50 false 512" NXDOMAIN qr,aa,rd 143 0.008738131s
[INFO] 10.244.0.5:60951 - 40001 "AAAA IN deb.debian.org.default.svc.cluster.local. udp 58 false 512" NXDOMAIN qr,aa,rd 151 0.101419762s
[INFO] 10.244.0.5:60951 - 23647 "A IN deb.debian.org.default.svc.cluster.local. udp 58 false 512" NXDOMAIN qr,aa,rd 151 0.101438033s
[INFO] 10.244.0.5:33031 - 64615 "AAAA IN deb.debian.org.svc.cluster.local. udp 50 false 512" NXDOMAIN qr,aa,rd 143 0.011212332s
[INFO] 10.244.0.5:37759 - 55368 "AAAA IN deb.debian.org.cluster.local. udp 46 false 512" NXDOMAIN qr,aa,rd 139 0.000219838s
[INFO] 10.244.0.5:37759 - 25215 "A IN deb.debian.org.cluster.local. udp 46 false 512" NXDOMAIN qr,aa,rd 139 0.000239276s
[INFO] 10.244.0.5:60260 - 18421 "AAAA IN deb.debian.org. udp 32 false 512" NOERROR qr,rd,ra 136 0.290472164s
[INFO] 10.244.0.5:60260 - 41419 "A IN deb.debian.org. udp 32 false 512" NOERROR qr,rd,ra 124 0.299260833s
[INFO] 10.244.0.5:41156 - 21597 "AAAA IN deb.debian.org.default.svc.cluster.local. udp 58 false 512" NXDOMAIN qr,aa,rd 151 0.002008111s
[INFO] 10.244.0.5:41156 - 49990 "A IN deb.debian.org.default.svc.cluster.local. udp 58 false 512" NXDOMAIN qr,aa,rd 151 0.00262478s
[INFO] 10.244.0.5:52283 - 43861 "AAAA IN deb.debian.org.svc.cluster.local. udp 50 false 512" NXDOMAIN qr,aa,rd 143 0.000404246s
[INFO] 10.244.0.5:52283 - 9545 "A IN deb.debian.org.svc.cluster.local. udp 50 false 512" NXDOMAIN qr,aa,rd 143 0.000505404s
[INFO] 10.244.0.5:35082 - 35548 "AAAA IN deb.debian.org.cluster.local. udp 46 false 512" NXDOMAIN qr,aa,rd 139 0.000305031s
[INFO] 10.244.0.5:35082 - 38609 "A IN deb.debian.org.cluster.local. udp 46 false 512" NXDOMAIN qr,aa,rd 139 0.000465077s
[INFO] 10.244.0.5:48045 - 14061 "A IN deb.debian.org. udp 32 false 512" NOERROR qr,rd,ra 124 0.089611315s
[INFO] 10.244.0.5:48045 - 61840 "AAAA IN deb.debian.org. udp 32 false 512" NOERROR qr,rd,ra 136 0.134097996s
[INFO] 10.244.0.5:47076 - 14182 "A IN deb.debian.org.default.svc.cluster.local. udp 58 false 512" NXDOMAIN qr,aa,rd 151 0.003745076s
[INFO] 10.244.0.5:47076 - 39070 "AAAA IN deb.debian.org.default.svc.cluster.local. udp 58 false 512" NXDOMAIN qr,aa,rd 151 0.004613264s
[INFO] 10.244.0.5:34494 - 36835 "AAAA IN deb.debian.org.svc.cluster.local. udp 50 false 512" NXDOMAIN qr,aa,rd 143 0.00056058s
[INFO] 10.244.0.5:34494 - 51353 "A IN deb.debian.org.svc.cluster.local. udp 50 false 512" NXDOMAIN qr,aa,rd 143 0.000843689s
[INFO] 10.244.0.5:38370 - 22285 "AAAA IN deb.debian.org.cluster.local. udp 46 false 512" NXDOMAIN qr,aa,rd 139 0.000506234s
[INFO] 10.244.0.5:38370 - 16150 "A IN deb.debian.org.cluster.local. udp 46 false 512" NXDOMAIN qr,aa,rd 139 0.000730912s
[INFO] 10.244.0.5:55455 - 35078 "AAAA IN deb.debian.org. udp 32 false 512" NOERROR qr,rd,ra 136 0.068314447s
[INFO] 10.244.0.5:55455 - 47113 "A IN deb.debian.org. udp 32 false 512" NOERROR qr,rd,ra 124 0.251050226s
[INFO] 10.244.0.6:55948 - 2965 "A IN mysql-service.default.svc.cluster.local. udp 57 false 512" NOERROR qr,aa,rd 112 0.037532751s
[INFO] 10.244.0.6:55948 - 6550 "AAAA IN mysql-service.default.svc.cluster.local. udp 57 false 512" NOERROR qr,aa,rd 150 0.074277218s
[INFO] 10.244.0.6:39343 - 15083 "AAAA IN mysql-service.default.svc.cluster.local. udp 57 false 512" NOERROR qr,aa,rd 150 0.001254999s
[INFO] 10.244.0.6:39343 - 53481 "A IN mysql-service.default.svc.cluster.local. udp 57 false 512" NOERROR qr,aa,rd 112 0.001483599s
[INFO] 10.244.0.6:48992 - 26565 "AAAA IN mysql-service.default.svc.cluster.local. udp 57 false 512" NOERROR qr,aa,rd 150 0.000559071s
[INFO] 10.244.0.6:48992 - 8440 "A IN mysql-service.default.svc.cluster.local. udp 57 false 512" NOERROR qr,aa,rd 112 0.000697355s


==> coredns [cd9183ebaff4] <==
maxprocs: Leaving GOMAXPROCS=8: CPU quota undefined
[INFO] plugin/kubernetes: waiting for Kubernetes API before starting server
[INFO] plugin/kubernetes: waiting for Kubernetes API before starting server
[INFO] plugin/kubernetes: waiting for Kubernetes API before starting server
[INFO] plugin/kubernetes: waiting for Kubernetes API before starting server
[INFO] plugin/kubernetes: waiting for Kubernetes API before starting server
[INFO] plugin/kubernetes: waiting for Kubernetes API before starting server
[INFO] plugin/ready: Plugins not ready: "kubernetes"
[INFO] plugin/ready: Plugins not ready: "kubernetes"
[INFO] plugin/kubernetes: waiting for Kubernetes API before starting server
[INFO] plugin/kubernetes: waiting for Kubernetes API before starting server
[INFO] plugin/kubernetes: waiting for Kubernetes API before starting server
[WARNING] plugin/kubernetes: starting server with unsynced Kubernetes API
.:53
[INFO] plugin/reload: Running configuration SHA512 = 9e2996f8cb67ac53e0259ab1f8d615d07d1beb0bd07e6a1e39769c3bf486a905bb991cc47f8d2f14d0d3a90a87dfc625a0b4c524fed169d8158c40657c0694b1
CoreDNS-1.13.1
linux/amd64, go1.25.2, 1db4568
[INFO] 127.0.0.1:33542 - 59561 "HINFO IN 6725847499236947683.359796033264468620. udp 56 false 512" NXDOMAIN qr,rd,ra 131 0.040635825s
[INFO] plugin/ready: Plugins not ready: "kubernetes"
[INFO] plugin/ready: Plugins not ready: "kubernetes"
[ERROR] plugin/kubernetes: Failed to watch
[ERROR] plugin/kubernetes: Failed to watch
[ERROR] plugin/kubernetes: Failed to watch
[INFO] SIGTERM: Shutting down servers then terminating
[INFO] plugin/health: Going into lameduck mode for 5s


==> describe nodes <==
command /bin/bash -c "sudo /var/lib/minikube/binaries/v1.35.1/kubectl describe nodes --kubeconfig=/var/lib/minikube/kubeconfig" failed with error: /bin/bash -c "sudo /var/lib/minikube/binaries/v1.35.1/kubectl describe nodes --kubeconfig=/var/lib/minikube/kubeconfig": Process exited with status 1
stdout:

stderr:
E0603 02:00:37.620542   33192 memcache.go:265] "Unhandled Error" err="couldn't get current server API group list: Get \"https://localhost:8443/api?timeout=32s\": dial tcp [::1]:8443: connect: connection refused"
E0603 02:00:37.622124   33192 memcache.go:265] "Unhandled Error" err="couldn't get current server API group list: Get \"https://localhost:8443/api?timeout=32s\": dial tcp [::1]:8443: connect: connection refused"
E0603 02:00:37.623416   33192 memcache.go:265] "Unhandled Error" err="couldn't get current server API group list: Get \"https://localhost:8443/api?timeout=32s\": dial tcp [::1]:8443: connect: connection refused"
E0603 02:00:37.624882   33192 memcache.go:265] "Unhandled Error" err="couldn't get current server API group list: Get \"https://localhost:8443/api?timeout=32s\": dial tcp [::1]:8443: connect: connection refused"
E0603 02:00:37.626310   33192 memcache.go:265] "Unhandled Error" err="couldn't get current server API group list: Get \"https://localhost:8443/api?timeout=32s\": dial tcp [::1]:8443: connect: connection refused"
The connection to the server localhost:8443 was refused - did you specify the right host or port?


==> dmesg <==
[Jun 3 00:45] MDS CPU bug present and SMT on, data leak possible. See https://www.kernel.org/doc/html/latest/admin-guide/hw-vuln/mds.html for more details.
[  +0.000000] MMIO Stale Data CPU bug present and SMT on, data leak possible. See https://www.kernel.org/doc/html/latest/admin-guide/hw-vuln/processor_mmio_stale_data.html for more details.
[  +0.019012] PCI: Fatal: No config space access function found
[  +0.048122] PCI: System does not support PCI
[  +0.146916] device-mapper: core: CONFIG_IMA_DISABLE_HTABLE is disabled. Duplicate IMA measurements will not be recorded in the IMA log.
[Jun 3 00:46] misc dxg: dxgk: dxgkio_is_feature_enabled: Ioctl failed: -22
[  +0.006607] misc dxg: dxgk: dxgkio_query_adapter_info: Ioctl failed: -22
[  +0.001542] misc dxg: dxgk: dxgkio_query_adapter_info: Ioctl failed: -22
[  +0.001508] misc dxg: dxgk: dxgkio_query_adapter_info: Ioctl failed: -22
[  +0.001752] misc dxg: dxgk: dxgkio_query_adapter_info: Ioctl failed: -2
[  +0.022805] Failed to connect to bus: No such file or directory
[  +0.265084] Failed to connect to bus: No such file or directory
[  +0.396711] systemd-journald[49]: File /var/log/journal/81cc83a205964820accc9f186993392d/system.journal corrupted or uncleanly shut down, renaming and replacing.
[  +1.127264] weston[244]: memfd_create() called without MFD_EXEC or MFD_NOEXEC_SEAL set
[  +0.481807] WSL (215) ERROR: CheckConnection: getaddrinfo() failed: -5
[Jun 3 01:42] WSL (215) ERROR: CheckConnection: getaddrinfo() failed: -5


==> etcd [21e19412e264] <==
{"level":"info","ts":"2026-04-09T23:02:22.048603Z","caller":"mvcc/index.go:194","msg":"compact tree index","revision":1329}
{"level":"info","ts":"2026-04-09T23:02:22.055689Z","caller":"mvcc/kvstore_compaction.go:70","msg":"finished scheduled compaction","compact-revision":1329,"took":"5.599476ms","hash":4194456251,"current-db-size-bytes":1429504,"current-db-size":"1.4 MB","current-db-size-in-use-bytes":909312,"current-db-size-in-use":"909 kB"}
{"level":"info","ts":"2026-04-09T23:02:22.055807Z","caller":"mvcc/hash.go:157","msg":"storing new hash","hash":4194456251,"revision":1329,"compact-revision":1091}
{"level":"info","ts":"2026-04-09T23:06:37.942341Z","caller":"traceutil/trace.go:172","msg":"trace[1051586888] transaction","detail":"{read_only:false; response_revision:1767; number_of_response:1; }","duration":"202.530492ms","start":"2026-04-09T23:06:37.739787Z","end":"2026-04-09T23:06:37.942318Z","steps":["trace[1051586888] 'process raft request'  (duration: 202.338557ms)"],"step_count":1}
{"level":"info","ts":"2026-04-09T23:07:30.757463Z","caller":"traceutil/trace.go:172","msg":"trace[1974293770] transaction","detail":"{read_only:false; response_revision:1807; number_of_response:1; }","duration":"428.693096ms","start":"2026-04-09T23:07:30.328751Z","end":"2026-04-09T23:07:30.757444Z","steps":["trace[1974293770] 'process raft request'  (duration: 428.519782ms)"],"step_count":1}
{"level":"info","ts":"2026-04-09T23:07:30.759632Z","caller":"traceutil/trace.go:172","msg":"trace[1990515461] transaction","detail":"{read_only:false; response_revision:1808; number_of_response:1; }","duration":"395.190775ms","start":"2026-04-09T23:07:30.364419Z","end":"2026-04-09T23:07:30.759610Z","steps":["trace[1990515461] 'process raft request'  (duration: 395.01852ms)"],"step_count":1}
{"level":"warn","ts":"2026-04-09T23:07:30.768758Z","caller":"v3rpc/interceptor.go:202","msg":"request stats","start time":"2026-04-09T23:07:30.364390Z","time spent":"395.493328ms","remote":"127.0.0.1:36736","response type":"/etcdserverpb.KV/Txn","request count":1,"request size":25,"response count":0,"response size":40,"request content":"compare:<key:\"compact_rev_key\" version:5 > success:<request_put:<key:\"compact_rev_key\" value_size:4 >> failure:<request_range:<key:\"compact_rev_key\" > >"}
{"level":"warn","ts":"2026-04-09T23:07:30.768875Z","caller":"v3rpc/interceptor.go:202","msg":"request stats","start time":"2026-04-09T23:07:30.328727Z","time spent":"428.895471ms","remote":"127.0.0.1:36990","response type":"/etcdserverpb.KV/Txn","request count":1,"request size":585,"response count":0,"response size":40,"request content":"compare:<target:MOD key:\"/registry/services/endpoints/kube-system/k8s.io-minikube-hostpath\" mod_revision:1806 > success:<request_put:<key:\"/registry/services/endpoints/kube-system/k8s.io-minikube-hostpath\" value_size:512 >> failure:<request_range:<key:\"/registry/services/endpoints/kube-system/k8s.io-minikube-hostpath\" > >"}
{"level":"info","ts":"2026-04-09T23:07:30.777685Z","caller":"mvcc/index.go:194","msg":"compact tree index","revision":1569}
{"level":"info","ts":"2026-04-09T23:07:30.784505Z","caller":"mvcc/kvstore_compaction.go:70","msg":"finished scheduled compaction","compact-revision":1569,"took":"6.411923ms","hash":3403599810,"current-db-size-bytes":1429504,"current-db-size":"1.4 MB","current-db-size-in-use-bytes":901120,"current-db-size-in-use":"901 kB"}
{"level":"info","ts":"2026-04-09T23:07:30.784647Z","caller":"mvcc/hash.go:157","msg":"storing new hash","hash":3403599810,"revision":1569,"compact-revision":1329}
{"level":"info","ts":"2026-04-09T23:12:40.519840Z","caller":"mvcc/index.go:194","msg":"compact tree index","revision":1808}
{"level":"info","ts":"2026-04-09T23:12:40.527428Z","caller":"mvcc/kvstore_compaction.go:70","msg":"finished scheduled compaction","compact-revision":1808,"took":"6.80771ms","hash":2535954855,"current-db-size-bytes":1429504,"current-db-size":"1.4 MB","current-db-size-in-use-bytes":901120,"current-db-size-in-use":"901 kB"}
{"level":"info","ts":"2026-04-09T23:12:40.527534Z","caller":"mvcc/hash.go:157","msg":"storing new hash","hash":2535954855,"revision":1808,"compact-revision":1569}
{"level":"info","ts":"2026-04-09T23:17:50.259400Z","caller":"mvcc/index.go:194","msg":"compact tree index","revision":2047}
{"level":"info","ts":"2026-04-09T23:17:50.266371Z","caller":"mvcc/kvstore_compaction.go:70","msg":"finished scheduled compaction","compact-revision":2047,"took":"6.440573ms","hash":3537239033,"current-db-size-bytes":1429504,"current-db-size":"1.4 MB","current-db-size-in-use-bytes":905216,"current-db-size-in-use":"905 kB"}
{"level":"info","ts":"2026-04-09T23:17:50.266478Z","caller":"mvcc/hash.go:157","msg":"storing new hash","hash":3537239033,"revision":2047,"compact-revision":1808}
{"level":"info","ts":"2026-04-09T23:23:00.695037Z","caller":"mvcc/index.go:194","msg":"compact tree index","revision":2287}
{"level":"info","ts":"2026-04-09T23:23:00.702964Z","caller":"mvcc/kvstore_compaction.go:70","msg":"finished scheduled compaction","compact-revision":2287,"took":"6.600876ms","hash":2529457569,"current-db-size-bytes":1429504,"current-db-size":"1.4 MB","current-db-size-in-use-bytes":901120,"current-db-size-in-use":"901 kB"}
{"level":"info","ts":"2026-04-09T23:23:00.703076Z","caller":"mvcc/hash.go:157","msg":"storing new hash","hash":2529457569,"revision":2287,"compact-revision":2047}
{"level":"info","ts":"2026-04-09T23:28:10.110991Z","caller":"mvcc/index.go:194","msg":"compact tree index","revision":2525}
{"level":"info","ts":"2026-04-09T23:28:10.117604Z","caller":"mvcc/kvstore_compaction.go:70","msg":"finished scheduled compaction","compact-revision":2525,"took":"6.052895ms","hash":585878860,"current-db-size-bytes":1429504,"current-db-size":"1.4 MB","current-db-size-in-use-bytes":901120,"current-db-size-in-use":"901 kB"}
{"level":"info","ts":"2026-04-09T23:28:10.117751Z","caller":"mvcc/hash.go:157","msg":"storing new hash","hash":585878860,"revision":2525,"compact-revision":2287}
{"level":"warn","ts":"2026-04-09T23:31:01.077609Z","caller":"txn/util.go:93","msg":"apply request took too long","took":"133.281958ms","expected-duration":"100ms","prefix":"read-only range ","request":"key:\"/registry/health\" ","response":"range_response_count:0 size:5"}
{"level":"info","ts":"2026-04-09T23:31:01.077893Z","caller":"traceutil/trace.go:172","msg":"trace[775689164] range","detail":"{range_begin:/registry/health; range_end:; response_count:0; response_revision:2898; }","duration":"133.571028ms","start":"2026-04-09T23:31:00.944304Z","end":"2026-04-09T23:31:01.077875Z","steps":["trace[775689164] 'range keys from in-memory index tree'  (duration: 133.19741ms)"],"step_count":1}
{"level":"warn","ts":"2026-04-09T23:31:17.138830Z","caller":"txn/util.go:93","msg":"apply request took too long","took":"115.847751ms","expected-duration":"100ms","prefix":"read-only range ","request":"limit:1 keys_only:true ","response":"range_response_count:0 size:5"}
{"level":"info","ts":"2026-04-09T23:31:17.138966Z","caller":"traceutil/trace.go:172","msg":"trace[713571924] range","detail":"{range_begin:; range_end:; response_count:0; response_revision:2908; }","duration":"115.99944ms","start":"2026-04-09T23:31:17.022951Z","end":"2026-04-09T23:31:17.138950Z","steps":["trace[713571924] 'range keys from in-memory index tree'  (duration: 115.660818ms)"],"step_count":1}
{"level":"info","ts":"2026-04-09T23:33:20.121917Z","caller":"mvcc/index.go:194","msg":"compact tree index","revision":2765}
{"level":"info","ts":"2026-04-09T23:33:20.128799Z","caller":"mvcc/kvstore_compaction.go:70","msg":"finished scheduled compaction","compact-revision":2765,"took":"6.349252ms","hash":720796246,"current-db-size-bytes":1429504,"current-db-size":"1.4 MB","current-db-size-in-use-bytes":905216,"current-db-size-in-use":"905 kB"}
{"level":"info","ts":"2026-04-09T23:33:20.128921Z","caller":"mvcc/hash.go:157","msg":"storing new hash","hash":720796246,"revision":2765,"compact-revision":2525}
{"level":"info","ts":"2026-04-09T23:38:32.237038Z","caller":"mvcc/index.go:194","msg":"compact tree index","revision":3004}
{"level":"info","ts":"2026-04-09T23:38:32.243689Z","caller":"mvcc/kvstore_compaction.go:70","msg":"finished scheduled compaction","compact-revision":3004,"took":"6.193381ms","hash":1429549699,"current-db-size-bytes":1429504,"current-db-size":"1.4 MB","current-db-size-in-use-bytes":905216,"current-db-size-in-use":"905 kB"}
{"level":"info","ts":"2026-04-09T23:38:32.243798Z","caller":"mvcc/hash.go:157","msg":"storing new hash","hash":1429549699,"revision":3004,"compact-revision":2765}
{"level":"info","ts":"2026-04-09T23:43:42.503812Z","caller":"mvcc/index.go:194","msg":"compact tree index","revision":3243}
{"level":"info","ts":"2026-04-09T23:43:42.511175Z","caller":"mvcc/kvstore_compaction.go:70","msg":"finished scheduled compaction","compact-revision":3243,"took":"6.611809ms","hash":1668953473,"current-db-size-bytes":1429504,"current-db-size":"1.4 MB","current-db-size-in-use-bytes":901120,"current-db-size-in-use":"901 kB"}
{"level":"info","ts":"2026-04-09T23:43:42.511299Z","caller":"mvcc/hash.go:157","msg":"storing new hash","hash":1668953473,"revision":3243,"compact-revision":3004}
{"level":"info","ts":"2026-04-09T23:45:40.174439Z","caller":"traceutil/trace.go:172","msg":"trace[628715696] transaction","detail":"{read_only:false; response_revision:3577; number_of_response:1; }","duration":"107.544844ms","start":"2026-04-09T23:45:40.066867Z","end":"2026-04-09T23:45:40.174412Z","steps":["trace[628715696] 'process raft request'  (duration: 107.387504ms)"],"step_count":1}
{"level":"info","ts":"2026-04-09T23:48:52.777054Z","caller":"mvcc/index.go:194","msg":"compact tree index","revision":3486}
{"level":"info","ts":"2026-04-09T23:48:52.788609Z","caller":"mvcc/kvstore_compaction.go:70","msg":"finished scheduled compaction","compact-revision":3486,"took":"9.085384ms","hash":1928188094,"current-db-size-bytes":1429504,"current-db-size":"1.4 MB","current-db-size-in-use-bytes":954368,"current-db-size-in-use":"954 kB"}
{"level":"info","ts":"2026-04-09T23:48:52.788937Z","caller":"mvcc/hash.go:157","msg":"storing new hash","hash":1928188094,"revision":3486,"compact-revision":3243}
{"level":"info","ts":"2026-04-09T23:54:04.251169Z","caller":"mvcc/index.go:194","msg":"compact tree index","revision":3724}
{"level":"info","ts":"2026-04-09T23:54:04.258731Z","caller":"mvcc/kvstore_compaction.go:70","msg":"finished scheduled compaction","compact-revision":3724,"took":"6.68648ms","hash":2003009677,"current-db-size-bytes":1429504,"current-db-size":"1.4 MB","current-db-size-in-use-bytes":868352,"current-db-size-in-use":"868 kB"}
{"level":"info","ts":"2026-04-09T23:54:04.258826Z","caller":"mvcc/hash.go:157","msg":"storing new hash","hash":2003009677,"revision":3724,"compact-revision":3486}
{"level":"info","ts":"2026-04-09T23:59:15.222092Z","caller":"mvcc/index.go:194","msg":"compact tree index","revision":3964}
{"level":"info","ts":"2026-04-09T23:59:15.226986Z","caller":"mvcc/kvstore_compaction.go:70","msg":"finished scheduled compaction","compact-revision":3964,"took":"4.607142ms","hash":1466223730,"current-db-size-bytes":1429504,"current-db-size":"1.4 MB","current-db-size-in-use-bytes":876544,"current-db-size-in-use":"876 kB"}
{"level":"info","ts":"2026-04-09T23:59:15.227043Z","caller":"mvcc/hash.go:157","msg":"storing new hash","hash":1466223730,"revision":3964,"compact-revision":3724}
{"level":"info","ts":"2026-04-10T00:04:26.585370Z","caller":"mvcc/index.go:194","msg":"compact tree index","revision":4204}
{"level":"info","ts":"2026-04-10T00:04:26.591492Z","caller":"mvcc/kvstore_compaction.go:70","msg":"finished scheduled compaction","compact-revision":4204,"took":"5.761789ms","hash":894841727,"current-db-size-bytes":1429504,"current-db-size":"1.4 MB","current-db-size-in-use-bytes":880640,"current-db-size-in-use":"881 kB"}
{"level":"info","ts":"2026-04-10T00:04:26.591627Z","caller":"mvcc/hash.go:157","msg":"storing new hash","hash":894841727,"revision":4204,"compact-revision":3964}
{"level":"info","ts":"2026-04-10T00:09:37.899569Z","caller":"mvcc/index.go:194","msg":"compact tree index","revision":4445}
{"level":"info","ts":"2026-04-10T00:09:37.908422Z","caller":"mvcc/kvstore_compaction.go:70","msg":"finished scheduled compaction","compact-revision":4445,"took":"7.370203ms","hash":355519080,"current-db-size-bytes":1429504,"current-db-size":"1.4 MB","current-db-size-in-use-bytes":897024,"current-db-size-in-use":"897 kB"}
{"level":"info","ts":"2026-04-10T00:09:37.908575Z","caller":"mvcc/hash.go:157","msg":"storing new hash","hash":355519080,"revision":4445,"compact-revision":4204}
{"level":"info","ts":"2026-04-10T00:14:50.373591Z","caller":"mvcc/index.go:194","msg":"compact tree index","revision":4686}
{"level":"info","ts":"2026-04-10T00:14:50.380423Z","caller":"mvcc/kvstore_compaction.go:70","msg":"finished scheduled compaction","compact-revision":4686,"took":"6.394739ms","hash":2664042163,"current-db-size-bytes":1429504,"current-db-size":"1.4 MB","current-db-size-in-use-bytes":905216,"current-db-size-in-use":"905 kB"}
{"level":"info","ts":"2026-04-10T00:14:50.380532Z","caller":"mvcc/hash.go:157","msg":"storing new hash","hash":2664042163,"revision":4686,"compact-revision":4445}
{"level":"warn","ts":"2026-04-10T00:16:28.960033Z","caller":"txn/util.go:93","msg":"apply request took too long","took":"130.321534ms","expected-duration":"100ms","prefix":"","request":"header:<ID:8128044550714485825 username:\"kube-apiserver-etcd-client\" auth_revision:1 > txn:<compare:<target:MOD key:\"/registry/leases/kube-system/apiserver-eqt674mfxb4j56mrjjkoe7b7ii\" mod_revision:4992 > success:<request_put:<key:\"/registry/leases/kube-system/apiserver-eqt674mfxb4j56mrjjkoe7b7ii\" value_size:600 >> failure:<request_range:<key:\"/registry/leases/kube-system/apiserver-eqt674mfxb4j56mrjjkoe7b7ii\" > >>","response":"size:16"}
{"level":"info","ts":"2026-04-10T00:16:28.960270Z","caller":"traceutil/trace.go:172","msg":"trace[148976533] transaction","detail":"{read_only:false; response_revision:5001; number_of_response:1; }","duration":"135.869299ms","start":"2026-04-10T00:16:28.824380Z","end":"2026-04-10T00:16:28.960250Z","steps":["trace[148976533] 'compare'  (duration: 130.060138ms)"],"step_count":1}
{"level":"info","ts":"2026-04-10T00:16:36.955361Z","caller":"osutil/interrupt_unix.go:65","msg":"received signal; shutting down","signal":"terminated"}
{"level":"info","ts":"2026-04-10T00:16:36.955896Z","caller":"embed/etcd.go:426","msg":"closing etcd server","name":"minikube","data-dir":"/var/lib/minikube/etcd","advertise-peer-urls":["https://192.168.49.2:2380"],"advertise-client-urls":["https://192.168.49.2:2379"]}
{"level":"error","ts":"2026-04-10T00:16:36.957101Z","caller":"embed/etcd.go:912","msg":"setting up serving from embedded etcd failed.","error":"http: Server closed","stacktrace":"go.etcd.io/etcd/server/v3/embed.(*Etcd).errHandler\n\tgo.etcd.io/etcd/server/v3/embed/etcd.go:912\ngo.etcd.io/etcd/server/v3/embed.(*serveCtx).startHandler.func1\n\tgo.etcd.io/etcd/server/v3/embed/serve.go:90"}


==> etcd [349258b6df58] <==
{"level":"warn","ts":"2026-04-10T23:55:27.207669Z","caller":"txn/util.go:93","msg":"apply request took too long","took":"137.009988ms","expected-duration":"100ms","prefix":"","request":"header:<ID:8128044566265042255 username:\"kube-apiserver-etcd-client\" auth_revision:1 > txn:<compare:<target:MOD key:\"/registry/leases/kube-node-lease/minikube\" mod_revision:30335 > success:<request_put:<key:\"/registry/leases/kube-node-lease/minikube\" value_size:472 >> failure:<request_range:<key:\"/registry/leases/kube-node-lease/minikube\" > >>","response":"size:18"}
{"level":"info","ts":"2026-04-10T23:55:27.207954Z","caller":"traceutil/trace.go:172","msg":"trace[1427185931] transaction","detail":"{read_only:false; response_revision:30345; number_of_response:1; }","duration":"308.081888ms","start":"2026-04-10T23:55:26.899853Z","end":"2026-04-10T23:55:27.207935Z","steps":["trace[1427185931] 'process raft request'  (duration: 153.279517ms)","trace[1427185931] 'compare'  (duration: 136.830357ms)"],"step_count":2}
{"level":"warn","ts":"2026-04-10T23:55:27.208321Z","caller":"v3rpc/interceptor.go:202","msg":"request stats","start time":"2026-04-10T23:55:26.899829Z","time spent":"308.306838ms","remote":"127.0.0.1:46588","response type":"/etcdserverpb.KV/Txn","request count":1,"request size":521,"response count":0,"response size":42,"request content":"compare:<target:MOD key:\"/registry/leases/kube-node-lease/minikube\" mod_revision:30335 > success:<request_put:<key:\"/registry/leases/kube-node-lease/minikube\" value_size:472 >> failure:<request_range:<key:\"/registry/leases/kube-node-lease/minikube\" > >"}
{"level":"info","ts":"2026-04-10T23:58:48.853540Z","caller":"mvcc/index.go:194","msg":"compact tree index","revision":30251}
{"level":"info","ts":"2026-04-10T23:58:48.859743Z","caller":"mvcc/kvstore_compaction.go:70","msg":"finished scheduled compaction","compact-revision":30251,"took":"5.915933ms","hash":3814008999,"current-db-size-bytes":1916928,"current-db-size":"1.9 MB","current-db-size-in-use-bytes":1630208,"current-db-size-in-use":"1.6 MB"}
{"level":"info","ts":"2026-04-10T23:58:48.859820Z","caller":"mvcc/hash.go:157","msg":"storing new hash","hash":3814008999,"revision":30251,"compact-revision":29968}
{"level":"info","ts":"2026-04-10T23:59:27.923517Z","caller":"traceutil/trace.go:172","msg":"trace[143848047] transaction","detail":"{read_only:false; response_revision:30567; number_of_response:1; }","duration":"129.141297ms","start":"2026-04-10T23:59:27.794364Z","end":"2026-04-10T23:59:27.923506Z","steps":["trace[143848047] 'process raft request'  (duration: 129.030497ms)"],"step_count":1}
{"level":"warn","ts":"2026-04-10T23:59:27.923684Z","caller":"txn/util.go:93","msg":"apply request took too long","took":"108.493114ms","expected-duration":"100ms","prefix":"read-only range ","request":"limit:1 keys_only:true ","response":"range_response_count:0 size:6"}
{"level":"info","ts":"2026-04-10T23:59:27.923821Z","caller":"traceutil/trace.go:172","msg":"trace[598407422] range","detail":"{range_begin:; range_end:; response_count:0; response_revision:30567; }","duration":"108.609614ms","start":"2026-04-10T23:59:27.815164Z","end":"2026-04-10T23:59:27.923773Z","steps":["trace[598407422] 'agreement among raft nodes before linearized reading'  (duration: 108.462714ms)"],"step_count":1}
{"level":"info","ts":"2026-04-10T23:59:27.923465Z","caller":"traceutil/trace.go:172","msg":"trace[1279316281] linearizableReadLoop","detail":"{readStateIndex:37865; appliedIndex:37865; }","duration":"108.183214ms","start":"2026-04-10T23:59:27.815173Z","end":"2026-04-10T23:59:27.923356Z","steps":["trace[1279316281] 'read index received'  (duration: 108.175214ms)","trace[1279316281] 'applied index is now lower than readState.Index'  (duration: 7.1µs)"],"step_count":2}
{"level":"warn","ts":"2026-04-10T23:59:28.298449Z","caller":"txn/util.go:93","msg":"apply request took too long","took":"436.623252ms","expected-duration":"100ms","prefix":"read-only range ","request":"key:\"/registry/health\" ","response":"range_response_count:0 size:6"}
{"level":"info","ts":"2026-04-10T23:59:28.298489Z","caller":"traceutil/trace.go:172","msg":"trace[594912670] range","detail":"{range_begin:/registry/health; range_end:; response_count:0; response_revision:30567; }","duration":"436.667652ms","start":"2026-04-10T23:59:27.861807Z","end":"2026-04-10T23:59:28.298475Z","steps":["trace[594912670] 'agreement among raft nodes before linearized reading'  (duration: 436.588952ms)"],"step_count":1}
{"level":"warn","ts":"2026-04-10T23:59:28.298527Z","caller":"v3rpc/interceptor.go:202","msg":"request stats","start time":"2026-04-10T23:59:27.861789Z","time spent":"436.729652ms","remote":"127.0.0.1:46080","response type":"/etcdserverpb.KV/Range","request count":0,"request size":18,"response count":0,"response size":30,"request content":"key:\"/registry/health\" "}
{"level":"info","ts":"2026-04-10T23:59:36.685615Z","caller":"traceutil/trace.go:172","msg":"trace[441338393] transaction","detail":"{read_only:false; response_revision:30573; number_of_response:1; }","duration":"107.547331ms","start":"2026-04-10T23:59:36.578055Z","end":"2026-04-10T23:59:36.685602Z","steps":["trace[441338393] 'process raft request'  (duration: 107.430212ms)"],"step_count":1}
{"level":"info","ts":"2026-04-10T23:59:38.801019Z","caller":"traceutil/trace.go:172","msg":"trace[424506929] transaction","detail":"{read_only:false; response_revision:30576; number_of_response:1; }","duration":"108.866325ms","start":"2026-04-10T23:59:38.692134Z","end":"2026-04-10T23:59:38.801000Z","steps":["trace[424506929] 'process raft request'  (duration: 108.75968ms)"],"step_count":1}
{"level":"info","ts":"2026-04-11T00:03:54.633114Z","caller":"mvcc/index.go:194","msg":"compact tree index","revision":30531}
{"level":"info","ts":"2026-04-11T00:03:54.638460Z","caller":"mvcc/kvstore_compaction.go:70","msg":"finished scheduled compaction","compact-revision":30531,"took":"4.920633ms","hash":3454914531,"current-db-size-bytes":1916928,"current-db-size":"1.9 MB","current-db-size-in-use-bytes":1626112,"current-db-size-in-use":"1.6 MB"}
{"level":"info","ts":"2026-04-11T00:03:54.638524Z","caller":"mvcc/hash.go:157","msg":"storing new hash","hash":3454914531,"revision":30531,"compact-revision":30251}
{"level":"info","ts":"2026-04-11T00:07:20.018287Z","caller":"traceutil/trace.go:172","msg":"trace[557352927] transaction","detail":"{read_only:false; response_revision:30995; number_of_response:1; }","duration":"107.078421ms","start":"2026-04-11T00:07:19.911188Z","end":"2026-04-11T00:07:20.018266Z","steps":["trace[557352927] 'process raft request'  (duration: 106.351998ms)"],"step_count":1}
{"level":"info","ts":"2026-04-11T00:09:02.158539Z","caller":"mvcc/index.go:194","msg":"compact tree index","revision":30809}
{"level":"info","ts":"2026-04-11T00:09:02.163894Z","caller":"mvcc/kvstore_compaction.go:70","msg":"finished scheduled compaction","compact-revision":30809,"took":"5.117923ms","hash":3463774051,"current-db-size-bytes":1916928,"current-db-size":"1.9 MB","current-db-size-in-use-bytes":1626112,"current-db-size-in-use":"1.6 MB"}
{"level":"info","ts":"2026-04-11T00:09:02.164066Z","caller":"mvcc/hash.go:157","msg":"storing new hash","hash":3463774051,"revision":30809,"compact-revision":30531}
{"level":"info","ts":"2026-04-11T00:14:09.093283Z","caller":"mvcc/index.go:194","msg":"compact tree index","revision":31090}
{"level":"info","ts":"2026-04-11T00:14:09.098455Z","caller":"mvcc/kvstore_compaction.go:70","msg":"finished scheduled compaction","compact-revision":31090,"took":"4.892567ms","hash":3945135397,"current-db-size-bytes":1916928,"current-db-size":"1.9 MB","current-db-size-in-use-bytes":1622016,"current-db-size-in-use":"1.6 MB"}
{"level":"info","ts":"2026-04-11T00:14:09.098529Z","caller":"mvcc/hash.go:157","msg":"storing new hash","hash":3945135397,"revision":31090,"compact-revision":30809}
{"level":"info","ts":"2026-04-11T00:19:16.023893Z","caller":"mvcc/index.go:194","msg":"compact tree index","revision":31369}
{"level":"info","ts":"2026-04-11T00:19:16.028466Z","caller":"mvcc/kvstore_compaction.go:70","msg":"finished scheduled compaction","compact-revision":31369,"took":"4.30989ms","hash":2907963458,"current-db-size-bytes":1916928,"current-db-size":"1.9 MB","current-db-size-in-use-bytes":1617920,"current-db-size-in-use":"1.6 MB"}
{"level":"info","ts":"2026-04-11T00:19:16.028548Z","caller":"mvcc/hash.go:157","msg":"storing new hash","hash":2907963458,"revision":31369,"compact-revision":31090}
{"level":"warn","ts":"2026-04-11T00:23:29.551171Z","caller":"txn/util.go:93","msg":"apply request took too long","took":"311.888575ms","expected-duration":"100ms","prefix":"read-only range ","request":"key:\"/registry/pods/\" range_end:\"/registry/pods0\" limit:10000 revision:31873 ","response":"range_response_count:13 size:68979"}
{"level":"info","ts":"2026-04-11T00:23:29.551247Z","caller":"traceutil/trace.go:172","msg":"trace[1420289268] range","detail":"{range_begin:/registry/pods/; range_end:/registry/pods0; response_count:13; response_revision:31877; }","duration":"311.998685ms","start":"2026-04-11T00:23:29.239237Z","end":"2026-04-11T00:23:29.551236Z","steps":["trace[1420289268] 'range keys from bolt db'  (duration: 311.79641ms)"],"step_count":1}
{"level":"warn","ts":"2026-04-11T00:23:29.551360Z","caller":"v3rpc/interceptor.go:202","msg":"request stats","start time":"2026-04-11T00:23:29.239224Z","time spent":"312.123327ms","remote":"127.0.0.1:46440","response type":"/etcdserverpb.KV/Range","request count":0,"request size":41,"response count":13,"response size":69003,"request content":"key:\"/registry/pods/\" range_end:\"/registry/pods0\" limit:10000 revision:31873 "}
{"level":"info","ts":"2026-04-11T00:24:23.855470Z","caller":"mvcc/index.go:194","msg":"compact tree index","revision":31648}
{"level":"info","ts":"2026-04-11T00:24:23.860848Z","caller":"mvcc/kvstore_compaction.go:70","msg":"finished scheduled compaction","compact-revision":31648,"took":"5.037472ms","hash":4200951285,"current-db-size-bytes":1916928,"current-db-size":"1.9 MB","current-db-size-in-use-bytes":1609728,"current-db-size-in-use":"1.6 MB"}
{"level":"info","ts":"2026-04-11T00:24:23.860912Z","caller":"mvcc/hash.go:157","msg":"storing new hash","hash":4200951285,"revision":31648,"compact-revision":31369}
{"level":"info","ts":"2026-04-11T00:26:41.904033Z","caller":"traceutil/trace.go:172","msg":"trace[952754265] transaction","detail":"{read_only:false; response_revision:32052; number_of_response:1; }","duration":"101.664855ms","start":"2026-04-11T00:26:41.802354Z","end":"2026-04-11T00:26:41.904019Z","steps":[],"step_count":0}
{"level":"info","ts":"2026-04-11T00:29:30.979011Z","caller":"mvcc/index.go:194","msg":"compact tree index","revision":31928}
{"level":"info","ts":"2026-04-11T00:29:30.983899Z","caller":"mvcc/kvstore_compaction.go:70","msg":"finished scheduled compaction","compact-revision":31928,"took":"4.544941ms","hash":3382861258,"current-db-size-bytes":1916928,"current-db-size":"1.9 MB","current-db-size-in-use-bytes":1601536,"current-db-size-in-use":"1.6 MB"}
{"level":"info","ts":"2026-04-11T00:29:30.983977Z","caller":"mvcc/hash.go:157","msg":"storing new hash","hash":3382861258,"revision":31928,"compact-revision":31648}
{"level":"info","ts":"2026-04-11T00:31:27.972126Z","caller":"traceutil/trace.go:172","msg":"trace[1981666870] transaction","detail":"{read_only:false; response_revision:32312; number_of_response:1; }","duration":"310.072435ms","start":"2026-04-11T00:31:27.662034Z","end":"2026-04-11T00:31:27.972106Z","steps":["trace[1981666870] 'process raft request'  (duration: 309.936679ms)"],"step_count":1}
{"level":"warn","ts":"2026-04-11T00:31:27.972431Z","caller":"txn/util.go:93","msg":"apply request took too long","took":"206.584593ms","expected-duration":"100ms","prefix":"read-only range ","request":"key:\"/registry/validatingwebhookconfigurations\" limit:1 ","response":"range_response_count:0 size:6"}
{"level":"info","ts":"2026-04-11T00:31:27.972553Z","caller":"traceutil/trace.go:172","msg":"trace[1863802902] range","detail":"{range_begin:/registry/validatingwebhookconfigurations; range_end:; response_count:0; response_revision:32312; }","duration":"206.654372ms","start":"2026-04-11T00:31:27.765825Z","end":"2026-04-11T00:31:27.972480Z","steps":["trace[1863802902] 'agreement among raft nodes before linearized reading'  (duration: 206.551849ms)"],"step_count":1}
{"level":"info","ts":"2026-04-11T00:31:27.972274Z","caller":"traceutil/trace.go:172","msg":"trace[879077933] linearizableReadLoop","detail":"{readStateIndex:39991; appliedIndex:39991; }","duration":"206.250808ms","start":"2026-04-11T00:31:27.765829Z","end":"2026-04-11T00:31:27.972080Z","steps":["trace[879077933] 'read index received'  (duration: 206.242817ms)","trace[879077933] 'applied index is now lower than readState.Index'  (duration: 6.724µs)"],"step_count":2}
{"level":"warn","ts":"2026-04-11T00:31:27.973291Z","caller":"v3rpc/interceptor.go:202","msg":"request stats","start time":"2026-04-11T00:31:27.662018Z","time spent":"310.23616ms","remote":"127.0.0.1:46588","response type":"/etcdserverpb.KV/Txn","request count":1,"request size":521,"response count":0,"response size":42,"request content":"compare:<target:MOD key:\"/registry/leases/kube-node-lease/minikube\" mod_revision:32303 > success:<request_put:<key:\"/registry/leases/kube-node-lease/minikube\" value_size:472 >> failure:<request_range:<key:\"/registry/leases/kube-node-lease/minikube\" > >"}
{"level":"warn","ts":"2026-04-11T00:31:27.973414Z","caller":"txn/util.go:93","msg":"apply request took too long","took":"196.922948ms","expected-duration":"100ms","prefix":"read-only range ","request":"key:\"/registry/persistentvolumes\" limit:1 ","response":"range_response_count:0 size:6"}
{"level":"info","ts":"2026-04-11T00:31:27.973456Z","caller":"traceutil/trace.go:172","msg":"trace[879408645] range","detail":"{range_begin:/registry/persistentvolumes; range_end:; response_count:0; response_revision:32312; }","duration":"196.969533ms","start":"2026-04-11T00:31:27.776475Z","end":"2026-04-11T00:31:27.973444Z","steps":["trace[879408645] 'agreement among raft nodes before linearized reading'  (duration: 196.891471ms)"],"step_count":1}
{"level":"warn","ts":"2026-04-11T00:31:27.973526Z","caller":"txn/util.go:93","msg":"apply request took too long","took":"130.901305ms","expected-duration":"100ms","prefix":"read-only range ","request":"limit:1 keys_only:true ","response":"range_response_count:0 size:6"}
{"level":"info","ts":"2026-04-11T00:31:27.973563Z","caller":"traceutil/trace.go:172","msg":"trace[1847688458] range","detail":"{range_begin:; range_end:; response_count:0; response_revision:32312; }","duration":"130.9398ms","start":"2026-04-11T00:31:27.842616Z","end":"2026-04-11T00:31:27.973555Z","steps":["trace[1847688458] 'agreement among raft nodes before linearized reading'  (duration: 130.888538ms)"],"step_count":1}
{"level":"info","ts":"2026-04-11T00:31:38.926555Z","caller":"etcdserver/server.go:2201","msg":"triggering snapshot","local-member-id":"aec36adc501070cc","local-member-applied-index":40004,"local-member-snapshot-index":30003,"local-member-snapshot-count":10000,"snapshot-forced":false}
{"level":"info","ts":"2026-04-11T00:31:38.937070Z","caller":"etcdserver/server.go:2246","msg":"saved snapshot to disk","snapshot-index":40004}
{"level":"info","ts":"2026-04-11T00:31:39.607164Z","caller":"traceutil/trace.go:172","msg":"trace[1811237114] transaction","detail":"{read_only:false; response_revision:32323; number_of_response:1; }","duration":"177.50358ms","start":"2026-04-11T00:31:39.429646Z","end":"2026-04-11T00:31:39.607150Z","steps":["trace[1811237114] 'process raft request'  (duration: 177.390639ms)"],"step_count":1}
{"level":"warn","ts":"2026-04-11T00:34:35.102234Z","caller":"txn/util.go:93","msg":"apply request took too long","took":"219.277366ms","expected-duration":"100ms","prefix":"read-only range ","request":"limit:1 serializable:true keys_only:true ","response":"range_response_count:0 size:6"}
{"level":"info","ts":"2026-04-11T00:34:35.102683Z","caller":"traceutil/trace.go:172","msg":"trace[115311369] range","detail":"{range_begin:; range_end:; response_count:0; response_revision:32481; }","duration":"219.709891ms","start":"2026-04-11T00:34:34.882940Z","end":"2026-04-11T00:34:35.102650Z","steps":["trace[115311369] 'range keys from in-memory index tree'  (duration: 219.259433ms)"],"step_count":1}
{"level":"warn","ts":"2026-04-11T00:34:36.902266Z","caller":"txn/util.go:93","msg":"apply request took too long","took":"153.095957ms","expected-duration":"100ms","prefix":"read-only range ","request":"key:\"/registry/roles\" limit:1 ","response":"range_response_count:0 size:6"}
{"level":"warn","ts":"2026-04-11T00:34:36.902335Z","caller":"txn/util.go:93","msg":"apply request took too long","took":"189.714889ms","expected-duration":"100ms","prefix":"read-only range ","request":"key:\"/registry/services/endpoints/kube-system/k8s.io-minikube-hostpath\" limit:1 ","response":"range_response_count:1 size:1112"}
{"level":"info","ts":"2026-04-11T00:34:36.902414Z","caller":"traceutil/trace.go:172","msg":"trace[684524389] range","detail":"{range_begin:/registry/services/endpoints/kube-system/k8s.io-minikube-hostpath; range_end:; response_count:1; response_revision:32482; }","duration":"189.763423ms","start":"2026-04-11T00:34:36.712603Z","end":"2026-04-11T00:34:36.902366Z","steps":["trace[684524389] 'range keys from in-memory index tree'  (duration: 189.589654ms)"],"step_count":1}
{"level":"info","ts":"2026-04-11T00:34:36.902349Z","caller":"traceutil/trace.go:172","msg":"trace[217258253] range","detail":"{range_begin:/registry/roles; range_end:; response_count:0; response_revision:32482; }","duration":"153.180258ms","start":"2026-04-11T00:34:36.749151Z","end":"2026-04-11T00:34:36.902331Z","steps":["trace[217258253] 'range keys from in-memory index tree'  (duration: 152.995865ms)"],"step_count":1}
{"level":"info","ts":"2026-04-11T00:34:38.575023Z","caller":"mvcc/index.go:194","msg":"compact tree index","revision":32205}
{"level":"info","ts":"2026-04-11T00:34:38.579844Z","caller":"mvcc/kvstore_compaction.go:70","msg":"finished scheduled compaction","compact-revision":32205,"took":"4.636713ms","hash":2422365881,"current-db-size-bytes":1916928,"current-db-size":"1.9 MB","current-db-size-in-use-bytes":1622016,"current-db-size-in-use":"1.6 MB"}
{"level":"info","ts":"2026-04-11T00:34:38.579914Z","caller":"mvcc/hash.go:157","msg":"storing new hash","hash":2422365881,"revision":32205,"compact-revision":31928}
{"level":"info","ts":"2026-04-11T00:34:39.206393Z","caller":"traceutil/trace.go:172","msg":"trace[1873623640] transaction","detail":"{read_only:false; response_revision:32486; number_of_response:1; }","duration":"143.452131ms","start":"2026-04-11T00:34:39.062916Z","end":"2026-04-11T00:34:39.206368Z","steps":["trace[1873623640] 'process raft request'  (duration: 143.209997ms)"],"step_count":1}


==> kernel <==
 02:00:37 up  1:14,  0 user,  load average: 0.59, 0.72, 0.45
Linux minikube 6.6.87.2-microsoft-standard-WSL2 #1 SMP PREEMPT_DYNAMIC Thu Jun  5 18:30:46 UTC 2025 x86_64 GNU/Linux
PRETTY_NAME="Debian GNU/Linux 12 (bookworm)"


==> kube-apiserver [42270be2365f] <==
I0410 20:48:08.117825       1 controller.go:667] quota admission added evaluator for: namespaces
I0410 20:48:08.615591       1 controller.go:667] quota admission added evaluator for: rolebindings.rbac.authorization.k8s.io
I0410 20:48:08.894468       1 alloc.go:329] "allocated clusterIPs" service="ingress-nginx/ingress-nginx-controller" clusterIPs={"IPv4":"10.96.165.217"}
I0410 20:48:08.979160       1 alloc.go:329] "allocated clusterIPs" service="ingress-nginx/ingress-nginx-controller-admission" clusterIPs={"IPv4":"10.109.54.70"}
I0410 20:48:09.443505       1 controller.go:667] quota admission added evaluator for: jobs.batch
I0410 20:48:51.051702       1 cidrallocator.go:278] updated ClusterIP allocator for Service CIDR 10.96.0.0/12
I0410 20:57:48.131691       1 controller.go:667] quota admission added evaluator for: ingresses.networking.k8s.io
I0410 20:59:05.302587       1 cidrallocator.go:278] updated ClusterIP allocator for Service CIDR 10.96.0.0/12
I0410 21:09:20.564033       1 cidrallocator.go:278] updated ClusterIP allocator for Service CIDR 10.96.0.0/12
{"level":"warn","ts":"2026-04-10T21:11:05.168269Z","logger":"etcd-client","caller":"v3@v3.6.5/retry_interceptor.go:65","msg":"retrying of unary invoker failed","target":"etcd-endpoints://0xc0003f7a40/127.0.0.1:2379","method":"/etcdserverpb.KV/Range","attempt":0,"error":"rpc error: code = DeadlineExceeded desc = context deadline exceeded"}
I0410 21:19:35.982983       1 cidrallocator.go:278] updated ClusterIP allocator for Service CIDR 10.96.0.0/12
I0410 21:29:51.638627       1 cidrallocator.go:278] updated ClusterIP allocator for Service CIDR 10.96.0.0/12
I0410 21:40:08.765659       1 cidrallocator.go:278] updated ClusterIP allocator for Service CIDR 10.96.0.0/12
{"level":"warn","ts":"2026-04-10T21:48:11.194084Z","logger":"etcd-client","caller":"v3@v3.6.5/retry_interceptor.go:65","msg":"retrying of unary invoker failed","target":"etcd-endpoints://0xc0003f7a40/127.0.0.1:2379","method":"/etcdserverpb.KV/Range","attempt":0,"error":"rpc error: code = DeadlineExceeded desc = context deadline exceeded"}
I0410 21:50:25.670615       1 cidrallocator.go:278] updated ClusterIP allocator for Service CIDR 10.96.0.0/12
{"level":"warn","ts":"2026-04-10T21:52:51.449832Z","logger":"etcd-client","caller":"v3@v3.6.5/retry_interceptor.go:65","msg":"retrying of unary invoker failed","target":"etcd-endpoints://0xc00034e960/127.0.0.1:2379","method":"/etcdserverpb.KV/Range","attempt":0,"error":"rpc error: code = DeadlineExceeded desc = context deadline exceeded"}
{"level":"warn","ts":"2026-04-10T21:53:01.510691Z","logger":"etcd-client","caller":"v3@v3.6.5/retry_interceptor.go:65","msg":"retrying of unary invoker failed","target":"etcd-endpoints://0xc000f212c0/127.0.0.1:2379","method":"/etcdserverpb.KV/Txn","attempt":0,"error":"rpc error: code = Canceled desc = context canceled"}
E0410 21:53:01.810809       1 writers.go:123] "Unhandled Error" err="apiserver was unable to write a JSON response: http: Handler timeout" logger="UnhandledError"
E0410 21:53:01.516815       1 finisher.go:175] "Unhandled Error" err="FinishRequest: post-timeout activity - time-elapsed: 24.436µs, panicked: false, err: context canceled, panic-reason: <nil>" logger="UnhandledError"
E0410 21:53:01.480508       1 writers.go:123] "Unhandled Error" err="apiserver was unable to write a JSON response: http: Handler timeout" logger="UnhandledError"
E0410 21:53:01.751906       1 finisher.go:175] "Unhandled Error" err="FinishRequest: post-timeout activity - time-elapsed: 41.375µs, panicked: false, err: <nil>, panic-reason: <nil>" logger="UnhandledError"
E0410 21:53:03.053658       1 status.go:71] "Unhandled Error" err="apiserver received an error that is not an metav1.Status: &errors.errorString{s:\"http: Handler timeout\"}: http: Handler timeout" logger="UnhandledError"
E0410 21:53:03.080513       1 status.go:71] "Unhandled Error" err="apiserver received an error that is not an metav1.Status: &errors.errorString{s:\"http: Handler timeout\"}: http: Handler timeout" logger="UnhandledError"
E0410 21:53:03.252655       1 writers.go:136] "Unhandled Error" err="apiserver was unable to write a fallback JSON response: http: Handler timeout" logger="UnhandledError"
E0410 21:53:03.280769       1 timeout.go:140] "Post-timeout activity" logger="UnhandledError" timeElapsed="3.036115229s" method="PUT" path="/apis/coordination.k8s.io/v1/namespaces/kube-node-lease/leases/minikube" result=null
E0410 21:53:03.484647       1 writers.go:136] "Unhandled Error" err="apiserver was unable to write a fallback JSON response: http: Handler timeout" logger="UnhandledError"
E0410 21:53:03.485033       1 timeout.go:140] "Post-timeout activity" logger="UnhandledError" timeElapsed="2.030723771s" method="PUT" path="/api/v1/namespaces/kube-system/endpoints/k8s.io-minikube-hostpath" result=null
{"level":"warn","ts":"2026-04-10T21:53:04.768748Z","logger":"etcd-client","caller":"v3@v3.6.5/retry_interceptor.go:65","msg":"retrying of unary invoker failed","target":"etcd-endpoints://0xc00034e960/127.0.0.1:2379","method":"/etcdserverpb.KV/Range","attempt":0,"error":"rpc error: code = DeadlineExceeded desc = context deadline exceeded"}
I0410 21:53:05.143966       1 stats.go:119] "Error getting keys" err="Timeout: Too large resource version: 23680, current: 23678"
{"level":"warn","ts":"2026-04-10T21:53:11.632321Z","logger":"etcd-client","caller":"v3@v3.6.5/retry_interceptor.go:65","msg":"retrying of unary invoker failed","target":"etcd-endpoints://0xc00034e960/127.0.0.1:2379","method":"/etcdserverpb.KV/Range","attempt":0,"error":"rpc error: code = DeadlineExceeded desc = context deadline exceeded"}
{"level":"warn","ts":"2026-04-10T21:53:13.667387Z","logger":"etcd-client","caller":"v3@v3.6.5/retry_interceptor.go:65","msg":"retrying of unary invoker failed","target":"etcd-endpoints://0xc0003f7a40/127.0.0.1:2379","method":"/etcdserverpb.KV/Range","attempt":0,"error":"rpc error: code = DeadlineExceeded desc = context deadline exceeded"}
I0410 22:00:41.715405       1 cidrallocator.go:278] updated ClusterIP allocator for Service CIDR 10.96.0.0/12
E0410 22:02:12.330962       1 upgradeaware.go:427] Error proxying data from client to backend: websocket: close 1006 (abnormal closure): unexpected EOF
E0410 22:04:04.450145       1 authentication.go:75] "Unable to authenticate the request" err="[invalid bearer token, service account token has been invalidated]"
E0410 22:04:06.155932       1 authentication.go:75] "Unable to authenticate the request" err="[invalid bearer token, service account token has been invalidated]"
E0410 22:04:06.207039       1 authentication.go:75] "Unable to authenticate the request" err="[invalid bearer token, service account token has been invalidated]"
I0410 22:10:59.146139       1 cidrallocator.go:278] updated ClusterIP allocator for Service CIDR 10.96.0.0/12
I0410 22:21:15.760237       1 cidrallocator.go:278] updated ClusterIP allocator for Service CIDR 10.96.0.0/12
E0410 22:25:16.197431       1 upgradeaware.go:427] Error proxying data from client to backend: websocket: close 1006 (abnormal closure): unexpected EOF
E0410 22:26:22.413585       1 upgradeaware.go:427] Error proxying data from client to backend: websocket: close 1006 (abnormal closure): unexpected EOF
E0410 22:27:35.930337       1 upgradeaware.go:427] Error proxying data from client to backend: websocket: close 1006 (abnormal closure): unexpected EOF
I0410 22:31:32.885043       1 cidrallocator.go:278] updated ClusterIP allocator for Service CIDR 10.96.0.0/12
E0410 22:35:37.463282       1 upgradeaware.go:441] Error proxying data from backend to client: websocket: close sent
I0410 22:41:50.189298       1 cidrallocator.go:278] updated ClusterIP allocator for Service CIDR 10.96.0.0/12
E0410 22:48:03.943942       1 conn.go:339] Error on socket receive: read tcp 192.168.49.2:8443->192.168.49.1:50560: use of closed network connection
I0410 22:52:05.912588       1 cidrallocator.go:278] updated ClusterIP allocator for Service CIDR 10.96.0.0/12
I0410 23:02:23.124283       1 cidrallocator.go:278] updated ClusterIP allocator for Service CIDR 10.96.0.0/12
I0410 23:12:39.471780       1 cidrallocator.go:278] updated ClusterIP allocator for Service CIDR 10.96.0.0/12
I0410 23:22:56.913063       1 cidrallocator.go:278] updated ClusterIP allocator for Service CIDR 10.96.0.0/12
I0410 23:33:14.595406       1 cidrallocator.go:278] updated ClusterIP allocator for Service CIDR 10.96.0.0/12
E0410 23:37:05.759415       1 conn.go:339] Error on socket receive: read tcp 192.168.49.2:8443->192.168.49.1:44998: use of closed network connection
I0410 23:43:31.010510       1 cidrallocator.go:278] updated ClusterIP allocator for Service CIDR 10.96.0.0/12
E0410 23:47:20.869528       1 upgradeaware.go:427] Error proxying data from client to backend: websocket: close 1006 (abnormal closure): unexpected EOF
I0410 23:53:45.302856       1 cidrallocator.go:278] updated ClusterIP allocator for Service CIDR 10.96.0.0/12
I0411 00:03:55.364131       1 cidrallocator.go:278] updated ClusterIP allocator for Service CIDR 10.96.0.0/12
E0411 00:06:17.830739       1 upgradeaware.go:427] Error proxying data from client to backend: websocket: close 1006 (abnormal closure): unexpected EOF
I0411 00:14:09.795765       1 cidrallocator.go:278] updated ClusterIP allocator for Service CIDR 10.96.0.0/12
I0411 00:24:24.528307       1 cidrallocator.go:278] updated ClusterIP allocator for Service CIDR 10.96.0.0/12
E0411 00:34:05.440327       1 conn.go:339] Error on socket receive: read tcp 192.168.49.2:8443->192.168.49.1:47442: use of closed network connection
I0411 00:34:39.213111       1 cidrallocator.go:278] updated ClusterIP allocator for Service CIDR 10.96.0.0/12


==> kube-apiserver [85e4dc7631be] <==
W0410 00:16:39.303490       1 logging.go:55] [core] [Channel #131 SubChannel #133]grpc: addrConn.createTransport failed to connect to {Addr: "127.0.0.1:2379", ServerName: "127.0.0.1:2379", BalancerAttributes: {"<%!p(pickfirstleaf.managedByPickfirstKeyType={})>": "<%!p(bool=true)>" }}. Err: connection error: desc = "transport: Error while dialing: dial tcp 127.0.0.1:2379: connect: connection refused"
W0410 00:16:39.311144       1 logging.go:55] [core] [Channel #151 SubChannel #153]grpc: addrConn.createTransport failed to connect to {Addr: "127.0.0.1:2379", ServerName: "127.0.0.1:2379", BalancerAttributes: {"<%!p(pickfirstleaf.managedByPickfirstKeyType={})>": "<%!p(bool=true)>" }}. Err: connection error: desc = "transport: Error while dialing: dial tcp 127.0.0.1:2379: connect: connection refused"
W0410 00:16:39.318931       1 logging.go:55] [core] [Channel #195 SubChannel #197]grpc: addrConn.createTransport failed to connect to {Addr: "127.0.0.1:2379", ServerName: "127.0.0.1:2379", BalancerAttributes: {"<%!p(pickfirstleaf.managedByPickfirstKeyType={})>": "<%!p(bool=true)>" }}. Err: connection error: desc = "transport: Error while dialing: dial tcp 127.0.0.1:2379: connect: connection refused"
W0410 00:16:39.341040       1 logging.go:55] [core] [Channel #179 SubChannel #181]grpc: addrConn.createTransport failed to connect to {Addr: "127.0.0.1:2379", ServerName: "127.0.0.1:2379", BalancerAttributes: {"<%!p(pickfirstleaf.managedByPickfirstKeyType={})>": "<%!p(bool=true)>" }}. Err: connection error: desc = "transport: Error while dialing: dial tcp 127.0.0.1:2379: connect: connection refused"
W0410 00:16:39.356055       1 logging.go:55] [core] [Channel #39 SubChannel #41]grpc: addrConn.createTransport failed to connect to {Addr: "127.0.0.1:2379", ServerName: "127.0.0.1:2379", BalancerAttributes: {"<%!p(pickfirstleaf.managedByPickfirstKeyType={})>": "<%!p(bool=true)>" }}. Err: connection error: desc = "transport: Error while dialing: dial tcp 127.0.0.1:2379: connect: connection refused"
W0410 00:16:39.374252       1 logging.go:55] [core] [Channel #171 SubChannel #173]grpc: addrConn.createTransport failed to connect to {Addr: "127.0.0.1:2379", ServerName: "127.0.0.1:2379", BalancerAttributes: {"<%!p(pickfirstleaf.managedByPickfirstKeyType={})>": "<%!p(bool=true)>" }}. Err: connection error: desc = "transport: Error while dialing: dial tcp 127.0.0.1:2379: connect: connection refused"
W0410 00:16:39.374442       1 logging.go:55] [core] [Channel #87 SubChannel #89]grpc: addrConn.createTransport failed to connect to {Addr: "127.0.0.1:2379", ServerName: "127.0.0.1:2379", BalancerAttributes: {"<%!p(pickfirstleaf.managedByPickfirstKeyType={})>": "<%!p(bool=true)>" }}. Err: connection error: desc = "transport: Error while dialing: dial tcp 127.0.0.1:2379: connect: connection refused"
W0410 00:16:39.383173       1 logging.go:55] [core] [Channel #115 SubChannel #117]grpc: addrConn.createTransport failed to connect to {Addr: "127.0.0.1:2379", ServerName: "127.0.0.1:2379", BalancerAttributes: {"<%!p(pickfirstleaf.managedByPickfirstKeyType={})>": "<%!p(bool=true)>" }}. Err: connection error: desc = "transport: Error while dialing: dial tcp 127.0.0.1:2379: connect: connection refused"
W0410 00:16:39.385656       1 logging.go:55] [core] [Channel #59 SubChannel #61]grpc: addrConn.createTransport failed to connect to {Addr: "127.0.0.1:2379", ServerName: "127.0.0.1:2379", BalancerAttributes: {"<%!p(pickfirstleaf.managedByPickfirstKeyType={})>": "<%!p(bool=true)>" }}. Err: connection error: desc = "transport: Error while dialing: dial tcp 127.0.0.1:2379: connect: connection refused"
W0410 00:16:39.395999       1 logging.go:55] [core] [Channel #143 SubChannel #145]grpc: addrConn.createTransport failed to connect to {Addr: "127.0.0.1:2379", ServerName: "127.0.0.1:2379", BalancerAttributes: {"<%!p(pickfirstleaf.managedByPickfirstKeyType={})>": "<%!p(bool=true)>" }}. Err: connection error: desc = "transport: Error while dialing: dial tcp 127.0.0.1:2379: connect: connection refused"
W0410 00:16:39.409676       1 logging.go:55] [core] [Channel #123 SubChannel #125]grpc: addrConn.createTransport failed to connect to {Addr: "127.0.0.1:2379", ServerName: "127.0.0.1:2379", BalancerAttributes: {"<%!p(pickfirstleaf.managedByPickfirstKeyType={})>": "<%!p(bool=true)>" }}. Err: connection error: desc = "transport: Error while dialing: dial tcp 127.0.0.1:2379: connect: connection refused"
W0410 00:16:39.429292       1 logging.go:55] [core] [Channel #235 SubChannel #237]grpc: addrConn.createTransport failed to connect to {Addr: "127.0.0.1:2379", ServerName: "127.0.0.1:2379", BalancerAttributes: {"<%!p(pickfirstleaf.managedByPickfirstKeyType={})>": "<%!p(bool=true)>" }}. Err: connection error: desc = "transport: Error while dialing: dial tcp 127.0.0.1:2379: connect: connection refused"
W0410 00:16:39.450971       1 logging.go:55] [core] [Channel #255 SubChannel #257]grpc: addrConn.createTransport failed to connect to {Addr: "127.0.0.1:2379", ServerName: "127.0.0.1:2379", BalancerAttributes: {"<%!p(pickfirstleaf.managedByPickfirstKeyType={})>": "<%!p(bool=true)>" }}. Err: connection error: desc = "transport: Error while dialing: dial tcp 127.0.0.1:2379: connect: connection refused"
W0410 00:16:39.457462       1 logging.go:55] [core] [Channel #199 SubChannel #201]grpc: addrConn.createTransport failed to connect to {Addr: "127.0.0.1:2379", ServerName: "127.0.0.1:2379", BalancerAttributes: {"<%!p(pickfirstleaf.managedByPickfirstKeyType={})>": "<%!p(bool=true)>" }}. Err: connection error: desc = "transport: Error while dialing: dial tcp 127.0.0.1:2379: connect: connection refused"
W0410 00:16:39.459867       1 logging.go:55] [core] [Channel #227 SubChannel #229]grpc: addrConn.createTransport failed to connect to {Addr: "127.0.0.1:2379", ServerName: "127.0.0.1:2379", BalancerAttributes: {"<%!p(pickfirstleaf.managedByPickfirstKeyType={})>": "<%!p(bool=true)>" }}. Err: connection error: desc = "transport: Error while dialing: dial tcp 127.0.0.1:2379: connect: connection refused"
W0410 00:16:39.477877       1 logging.go:55] [core] [Channel #167 SubChannel #169]grpc: addrConn.createTransport failed to connect to {Addr: "127.0.0.1:2379", ServerName: "127.0.0.1:2379", BalancerAttributes: {"<%!p(pickfirstleaf.managedByPickfirstKeyType={})>": "<%!p(bool=true)>" }}. Err: connection error: desc = "transport: Error while dialing: dial tcp 127.0.0.1:2379: connect: connection refused"
W0410 00:16:39.525891       1 logging.go:55] [core] [Channel #223 SubChannel #225]grpc: addrConn.createTransport failed to connect to {Addr: "127.0.0.1:2379", ServerName: "127.0.0.1:2379", BalancerAttributes: {"<%!p(pickfirstleaf.managedByPickfirstKeyType={})>": "<%!p(bool=true)>" }}. Err: connection error: desc = "transport: Error while dialing: dial tcp 127.0.0.1:2379: connect: connection refused"
W0410 00:16:39.530131       1 logging.go:55] [core] [Channel #67 SubChannel #69]grpc: addrConn.createTransport failed to connect to {Addr: "127.0.0.1:2379", ServerName: "127.0.0.1:2379", BalancerAttributes: {"<%!p(pickfirstleaf.managedByPickfirstKeyType={})>": "<%!p(bool=true)>" }}. Err: connection error: desc = "transport: Error while dialing: dial tcp 127.0.0.1:2379: connect: connection refused"
W0410 00:16:39.551605       1 logging.go:55] [core] [Channel #91 SubChannel #93]grpc: addrConn.createTransport failed to connect to {Addr: "127.0.0.1:2379", ServerName: "127.0.0.1:2379", BalancerAttributes: {"<%!p(pickfirstleaf.managedByPickfirstKeyType={})>": "<%!p(bool=true)>" }}. Err: connection error: desc = "transport: Error while dialing: dial tcp 127.0.0.1:2379: connect: connection refused"
W0410 00:16:39.556351       1 logging.go:55] [core] [Channel #95 SubChannel #97]grpc: addrConn.createTransport failed to connect to {Addr: "127.0.0.1:2379", ServerName: "127.0.0.1:2379", BalancerAttributes: {"<%!p(pickfirstleaf.managedByPickfirstKeyType={})>": "<%!p(bool=true)>" }}. Err: connection error: desc = "transport: Error while dialing: dial tcp 127.0.0.1:2379: connect: connection refused"
W0410 00:16:39.565630       1 logging.go:55] [core] [Channel #231 SubChannel #233]grpc: addrConn.createTransport failed to connect to {Addr: "127.0.0.1:2379", ServerName: "127.0.0.1:2379", BalancerAttributes: {"<%!p(pickfirstleaf.managedByPickfirstKeyType={})>": "<%!p(bool=true)>" }}. Err: connection error: desc = "transport: Error while dialing: dial tcp 127.0.0.1:2379: connect: connection refused"
W0410 00:16:39.573010       1 logging.go:55] [core] [Channel #155 SubChannel #157]grpc: addrConn.createTransport failed to connect to {Addr: "127.0.0.1:2379", ServerName: "127.0.0.1:2379", BalancerAttributes: {"<%!p(pickfirstleaf.managedByPickfirstKeyType={})>": "<%!p(bool=true)>" }}. Err: connection error: desc = "transport: Error while dialing: dial tcp 127.0.0.1:2379: connect: connection refused"
W0410 00:16:39.599391       1 logging.go:55] [core] [Channel #111 SubChannel #113]grpc: addrConn.createTransport failed to connect to {Addr: "127.0.0.1:2379", ServerName: "127.0.0.1:2379", BalancerAttributes: {"<%!p(pickfirstleaf.managedByPickfirstKeyType={})>": "<%!p(bool=true)>" }}. Err: connection error: desc = "transport: Error while dialing: dial tcp 127.0.0.1:2379: connect: connection refused"
W0410 00:16:39.607111       1 logging.go:55] [core] [Channel #127 SubChannel #129]grpc: addrConn.createTransport failed to connect to {Addr: "127.0.0.1:2379", ServerName: "127.0.0.1:2379", BalancerAttributes: {"<%!p(pickfirstleaf.managedByPickfirstKeyType={})>": "<%!p(bool=true)>" }}. Err: connection error: desc = "transport: Error while dialing: dial tcp 127.0.0.1:2379: connect: connection refused"
W0410 00:16:39.625849       1 logging.go:55] [core] [Channel #27 SubChannel #29]grpc: addrConn.createTransport failed to connect to {Addr: "127.0.0.1:2379", ServerName: "127.0.0.1:2379", BalancerAttributes: {"<%!p(pickfirstleaf.managedByPickfirstKeyType={})>": "<%!p(bool=true)>" }}. Err: connection error: desc = "transport: Error while dialing: dial tcp 127.0.0.1:2379: connect: connection refused"
W0410 00:16:39.627188       1 logging.go:55] [core] [Channel #2 SubChannel #6]grpc: addrConn.createTransport failed to connect to {Addr: "127.0.0.1:2379", ServerName: "127.0.0.1:2379", BalancerAttributes: {"<%!p(pickfirstleaf.managedByPickfirstKeyType={})>": "<%!p(bool=true)>" }}. Err: connection error: desc = "transport: Error while dialing: dial tcp 127.0.0.1:2379: connect: connection refused"
W0410 00:16:39.628743       1 logging.go:55] [core] [Channel #239 SubChannel #241]grpc: addrConn.createTransport failed to connect to {Addr: "127.0.0.1:2379", ServerName: "127.0.0.1:2379", BalancerAttributes: {"<%!p(pickfirstleaf.managedByPickfirstKeyType={})>": "<%!p(bool=true)>" }}. Err: connection error: desc = "transport: Error while dialing: dial tcp 127.0.0.1:2379: connect: connection refused"
W0410 00:16:39.634665       1 logging.go:55] [core] [Channel #207 SubChannel #209]grpc: addrConn.createTransport failed to connect to {Addr: "127.0.0.1:2379", ServerName: "127.0.0.1:2379", BalancerAttributes: {"<%!p(pickfirstleaf.managedByPickfirstKeyType={})>": "<%!p(bool=true)>" }}. Err: connection error: desc = "transport: Error while dialing: dial tcp 127.0.0.1:2379: connect: connection refused"
W0410 00:16:39.636242       1 logging.go:55] [core] [Channel #159 SubChannel #161]grpc: addrConn.createTransport failed to connect to {Addr: "127.0.0.1:2379", ServerName: "127.0.0.1:2379", BalancerAttributes: {"<%!p(pickfirstleaf.managedByPickfirstKeyType={})>": "<%!p(bool=true)>" }}. Err: connection error: desc = "transport: Error while dialing: dial tcp 127.0.0.1:2379: connect: connection refused"
W0410 00:16:39.637496       1 logging.go:55] [core] [Channel #63 SubChannel #65]grpc: addrConn.createTransport failed to connect to {Addr: "127.0.0.1:2379", ServerName: "127.0.0.1:2379", BalancerAttributes: {"<%!p(pickfirstleaf.managedByPickfirstKeyType={})>": "<%!p(bool=true)>" }}. Err: connection error: desc = "transport: Error while dialing: dial tcp 127.0.0.1:2379: connect: connection refused"
W0410 00:16:39.655822       1 logging.go:55] [core] [Channel #1 SubChannel #4]grpc: addrConn.createTransport failed to connect to {Addr: "127.0.0.1:2379", ServerName: "127.0.0.1:2379", BalancerAttributes: {"<%!p(pickfirstleaf.managedByPickfirstKeyType={})>": "<%!p(bool=true)>" }}. Err: connection error: desc = "transport: Error while dialing: dial tcp 127.0.0.1:2379: connect: connection refused"
W0410 00:16:39.656070       1 logging.go:55] [core] [Channel #135 SubChannel #137]grpc: addrConn.createTransport failed to connect to {Addr: "127.0.0.1:2379", ServerName: "127.0.0.1:2379", BalancerAttributes: {"<%!p(pickfirstleaf.managedByPickfirstKeyType={})>": "<%!p(bool=true)>" }}. Err: connection error: desc = "transport: Error while dialing: dial tcp 127.0.0.1:2379: connect: connection refused"
W0410 00:16:39.665819       1 logging.go:55] [core] [Channel #11 SubChannel #13]grpc: addrConn.createTransport failed to connect to {Addr: "127.0.0.1:2379", ServerName: "127.0.0.1:2379", BalancerAttributes: {"<%!p(pickfirstleaf.managedByPickfirstKeyType={})>": "<%!p(bool=true)>" }}. Err: connection error: desc = "transport: Error while dialing: dial tcp 127.0.0.1:2379: connect: connection refused"
W0410 00:16:39.686734       1 logging.go:55] [core] [Channel #75 SubChannel #77]grpc: addrConn.createTransport failed to connect to {Addr: "127.0.0.1:2379", ServerName: "127.0.0.1:2379", BalancerAttributes: {"<%!p(pickfirstleaf.managedByPickfirstKeyType={})>": "<%!p(bool=true)>" }}. Err: connection error: desc = "transport: Error while dialing: dial tcp 127.0.0.1:2379: connect: connection refused"
W0410 00:16:39.692764       1 logging.go:55] [core] [Channel #35 SubChannel #37]grpc: addrConn.createTransport failed to connect to {Addr: "127.0.0.1:2379", ServerName: "127.0.0.1:2379", BalancerAttributes: {"<%!p(pickfirstleaf.managedByPickfirstKeyType={})>": "<%!p(bool=true)>" }}. Err: connection error: desc = "transport: Error while dialing: dial tcp 127.0.0.1:2379: connect: connection refused"
W0410 00:16:39.703641       1 logging.go:55] [core] [Channel #21 SubChannel #23]grpc: addrConn.createTransport failed to connect to {Addr: "127.0.0.1:2379", ServerName: "127.0.0.1:2379", BalancerAttributes: {"<%!p(pickfirstleaf.managedByPickfirstKeyType={})>": "<%!p(bool=true)>" }}. Err: connection error: desc = "transport: Error while dialing: dial tcp 127.0.0.1:2379: connect: connection refused"
W0410 00:16:39.720945       1 logging.go:55] [core] [Channel #251 SubChannel #253]grpc: addrConn.createTransport failed to connect to {Addr: "127.0.0.1:2379", ServerName: "127.0.0.1:2379", BalancerAttributes: {"<%!p(pickfirstleaf.managedByPickfirstKeyType={})>": "<%!p(bool=true)>" }}. Err: connection error: desc = "transport: Error while dialing: dial tcp 127.0.0.1:2379: connect: connection refused"
W0410 00:16:39.721087       1 logging.go:55] [core] [Channel #55 SubChannel #57]grpc: addrConn.createTransport failed to connect to {Addr: "127.0.0.1:2379", ServerName: "127.0.0.1:2379", BalancerAttributes: {"<%!p(pickfirstleaf.managedByPickfirstKeyType={})>": "<%!p(bool=true)>" }}. Err: connection error: desc = "transport: Error while dialing: dial tcp 127.0.0.1:2379: connect: connection refused"
W0410 00:16:39.737295       1 logging.go:55] [core] [Channel #175 SubChannel #177]grpc: addrConn.createTransport failed to connect to {Addr: "127.0.0.1:2379", ServerName: "127.0.0.1:2379", BalancerAttributes: {"<%!p(pickfirstleaf.managedByPickfirstKeyType={})>": "<%!p(bool=true)>" }}. Err: connection error: desc = "transport: Error while dialing: dial tcp 127.0.0.1:2379: connect: connection refused"
W0410 00:16:39.743944       1 logging.go:55] [core] [Channel #31 SubChannel #33]grpc: addrConn.createTransport failed to connect to {Addr: "127.0.0.1:2379", ServerName: "127.0.0.1:2379", BalancerAttributes: {"<%!p(pickfirstleaf.managedByPickfirstKeyType={})>": "<%!p(bool=true)>" }}. Err: connection error: desc = "transport: Error while dialing: dial tcp 127.0.0.1:2379: connect: connection refused"
W0410 00:16:39.768694       1 logging.go:55] [core] [Channel #7 SubChannel #9]grpc: addrConn.createTransport failed to connect to {Addr: "127.0.0.1:2379", ServerName: "127.0.0.1:2379", BalancerAttributes: {"<%!p(pickfirstleaf.managedByPickfirstKeyType={})>": "<%!p(bool=true)>" }}. Err: connection error: desc = "transport: Error while dialing: dial tcp 127.0.0.1:2379: connect: connection refused"
W0410 00:16:39.769996       1 logging.go:55] [core] [Channel #211 SubChannel #213]grpc: addrConn.createTransport failed to connect to {Addr: "127.0.0.1:2379", ServerName: "127.0.0.1:2379", BalancerAttributes: {"<%!p(pickfirstleaf.managedByPickfirstKeyType={})>": "<%!p(bool=true)>" }}. Err: connection error: desc = "transport: Error while dialing: dial tcp 127.0.0.1:2379: connect: connection refused"
W0410 00:16:39.773360       1 logging.go:55] [core] [Channel #107 SubChannel #109]grpc: addrConn.createTransport failed to connect to {Addr: "127.0.0.1:2379", ServerName: "127.0.0.1:2379", BalancerAttributes: {"<%!p(pickfirstleaf.managedByPickfirstKeyType={})>": "<%!p(bool=true)>" }}. Err: connection error: desc = "transport: Error while dialing: dial tcp 127.0.0.1:2379: connect: connection refused"
W0410 00:16:39.773807       1 logging.go:55] [core] [Channel #83 SubChannel #85]grpc: addrConn.createTransport failed to connect to {Addr: "127.0.0.1:2379", ServerName: "127.0.0.1:2379", BalancerAttributes: {"<%!p(pickfirstleaf.managedByPickfirstKeyType={})>": "<%!p(bool=true)>" }}. Err: connection error: desc = "transport: Error while dialing: dial tcp 127.0.0.1:2379: connect: connection refused"
W0410 00:16:39.783486       1 logging.go:55] [core] [Channel #243 SubChannel #245]grpc: addrConn.createTransport failed to connect to {Addr: "127.0.0.1:2379", ServerName: "127.0.0.1:2379", BalancerAttributes: {"<%!p(pickfirstleaf.managedByPickfirstKeyType={})>": "<%!p(bool=true)>" }}. Err: connection error: desc = "transport: Error while dialing: dial tcp 127.0.0.1:2379: connect: connection refused"
W0410 00:16:39.791964       1 logging.go:55] [core] [Channel #47 SubChannel #49]grpc: addrConn.createTransport failed to connect to {Addr: "127.0.0.1:2379", ServerName: "127.0.0.1:2379", BalancerAttributes: {"<%!p(pickfirstleaf.managedByPickfirstKeyType={})>": "<%!p(bool=true)>" }}. Err: connection error: desc = "transport: Error while dialing: dial tcp 127.0.0.1:2379: connect: connection refused"
W0410 00:16:39.797371       1 logging.go:55] [core] [Channel #219 SubChannel #221]grpc: addrConn.createTransport failed to connect to {Addr: "127.0.0.1:2379", ServerName: "127.0.0.1:2379", BalancerAttributes: {"<%!p(pickfirstleaf.managedByPickfirstKeyType={})>": "<%!p(bool=true)>" }}. Err: connection error: desc = "transport: Error while dialing: dial tcp 127.0.0.1:2379: connect: connection refused"
W0410 00:16:39.798642       1 logging.go:55] [core] [Channel #203 SubChannel #205]grpc: addrConn.createTransport failed to connect to {Addr: "127.0.0.1:2379", ServerName: "127.0.0.1:2379", BalancerAttributes: {"<%!p(pickfirstleaf.managedByPickfirstKeyType={})>": "<%!p(bool=true)>" }}. Err: connection error: desc = "transport: Error while dialing: dial tcp 127.0.0.1:2379: connect: connection refused"
W0410 00:16:39.799882       1 logging.go:55] [core] [Channel #247 SubChannel #249]grpc: addrConn.createTransport failed to connect to {Addr: "127.0.0.1:2379", ServerName: "127.0.0.1:2379", BalancerAttributes: {"<%!p(pickfirstleaf.managedByPickfirstKeyType={})>": "<%!p(bool=true)>" }}. Err: connection error: desc = "transport: Error while dialing: dial tcp 127.0.0.1:2379: connect: connection refused"
W0410 00:16:39.834363       1 logging.go:55] [core] [Channel #103 SubChannel #105]grpc: addrConn.createTransport failed to connect to {Addr: "127.0.0.1:2379", ServerName: "127.0.0.1:2379", BalancerAttributes: {"<%!p(pickfirstleaf.managedByPickfirstKeyType={})>": "<%!p(bool=true)>" }}. Err: connection error: desc = "transport: Error while dialing: dial tcp 127.0.0.1:2379: connect: connection refused"
W0410 00:16:39.835775       1 logging.go:55] [core] [Channel #43 SubChannel #45]grpc: addrConn.createTransport failed to connect to {Addr: "127.0.0.1:2379", ServerName: "127.0.0.1:2379", BalancerAttributes: {"<%!p(pickfirstleaf.managedByPickfirstKeyType={})>": "<%!p(bool=true)>" }}. Err: connection error: desc = "transport: Error while dialing: dial tcp 127.0.0.1:2379: connect: connection refused"
W0410 00:16:39.841382       1 logging.go:55] [core] [Channel #79 SubChannel #81]grpc: addrConn.createTransport failed to connect to {Addr: "127.0.0.1:2379", ServerName: "127.0.0.1:2379", BalancerAttributes: {"<%!p(pickfirstleaf.managedByPickfirstKeyType={})>": "<%!p(bool=true)>" }}. Err: connection error: desc = "transport: Error while dialing: dial tcp 127.0.0.1:2379: connect: connection refused"
W0410 00:16:39.858131       1 logging.go:55] [core] [Channel #215 SubChannel #217]grpc: addrConn.createTransport failed to connect to {Addr: "127.0.0.1:2379", ServerName: "127.0.0.1:2379", BalancerAttributes: {"<%!p(pickfirstleaf.managedByPickfirstKeyType={})>": "<%!p(bool=true)>" }}. Err: connection error: desc = "transport: Error while dialing: dial tcp 127.0.0.1:2379: connect: connection refused"
W0410 00:16:39.859482       1 logging.go:55] [core] [Channel #191 SubChannel #193]grpc: addrConn.createTransport failed to connect to {Addr: "127.0.0.1:2379", ServerName: "127.0.0.1:2379", BalancerAttributes: {"<%!p(pickfirstleaf.managedByPickfirstKeyType={})>": "<%!p(bool=true)>" }}. Err: connection error: desc = "transport: Error while dialing: dial tcp 127.0.0.1:2379: connect: connection refused"
W0410 00:16:39.871381       1 logging.go:55] [core] [Channel #139 SubChannel #141]grpc: addrConn.createTransport failed to connect to {Addr: "127.0.0.1:2379", ServerName: "127.0.0.1:2379", BalancerAttributes: {"<%!p(pickfirstleaf.managedByPickfirstKeyType={})>": "<%!p(bool=true)>" }}. Err: connection error: desc = "transport: Error while dialing: dial tcp 127.0.0.1:2379: connect: connection refused"
W0410 00:16:39.874930       1 logging.go:55] [core] [Channel #119 SubChannel #121]grpc: addrConn.createTransport failed to connect to {Addr: "127.0.0.1:2379", ServerName: "127.0.0.1:2379", BalancerAttributes: {"<%!p(pickfirstleaf.managedByPickfirstKeyType={})>": "<%!p(bool=true)>" }}. Err: connection error: desc = "transport: Error while dialing: dial tcp 127.0.0.1:2379: connect: connection refused"
W0410 00:16:39.889466       1 logging.go:55] [core] [Channel #187 SubChannel #189]grpc: addrConn.createTransport failed to connect to {Addr: "127.0.0.1:2379", ServerName: "127.0.0.1:2379", BalancerAttributes: {"<%!p(pickfirstleaf.managedByPickfirstKeyType={})>": "<%!p(bool=true)>" }}. Err: connection error: desc = "transport: Error while dialing: dial tcp 127.0.0.1:2379: connect: connection refused"
W0410 00:16:39.894149       1 logging.go:55] [core] [Channel #183 SubChannel #185]grpc: addrConn.createTransport failed to connect to {Addr: "127.0.0.1:2379", ServerName: "127.0.0.1:2379", BalancerAttributes: {"<%!p(pickfirstleaf.managedByPickfirstKeyType={})>": "<%!p(bool=true)>" }}. Err: connection error: desc = "transport: Error while dialing: dial tcp 127.0.0.1:2379: connect: connection refused"
W0410 00:16:39.894640       1 logging.go:55] [core] [Channel #163 SubChannel #165]grpc: addrConn.createTransport failed to connect to {Addr: "127.0.0.1:2379", ServerName: "127.0.0.1:2379", BalancerAttributes: {"<%!p(pickfirstleaf.managedByPickfirstKeyType={})>": "<%!p(bool=true)>" }}. Err: connection error: desc = "transport: Error while dialing: dial tcp 127.0.0.1:2379: connect: connection refused"
W0410 00:16:39.900043       1 logging.go:55] [core] [Channel #147 SubChannel #149]grpc: addrConn.createTransport failed to connect to {Addr: "127.0.0.1:2379", ServerName: "127.0.0.1:2379", BalancerAttributes: {"<%!p(pickfirstleaf.managedByPickfirstKeyType={})>": "<%!p(bool=true)>" }}. Err: connection error: desc = "transport: Error while dialing: dial tcp 127.0.0.1:2379: connect: connection refused"


==> kube-controller-manager [06814c3285c9] <==
I0409 22:36:47.796227       1 shared_informer.go:370] "Waiting for caches to sync"
I0409 22:36:47.814806       1 shared_informer.go:370] "Waiting for caches to sync"
I0409 22:36:47.821487       1 actual_state_of_world.go:541] "Failed to update statusUpdateNeeded field in actual state of world" logger="persistentvolume-attach-detach-controller" err="Failed to set statusUpdateNeeded to needed true, because nodeName=\"minikube\" does not exist"
I0409 22:36:47.883304       1 shared_informer.go:377] "Caches are synced"
I0409 22:36:47.883515       1 shared_informer.go:377] "Caches are synced"
I0409 22:36:47.884759       1 shared_informer.go:377] "Caches are synced"
I0409 22:36:47.884853       1 shared_informer.go:377] "Caches are synced"
I0409 22:36:47.884923       1 shared_informer.go:377] "Caches are synced"
I0409 22:36:47.885501       1 shared_informer.go:377] "Caches are synced"
I0409 22:36:47.886185       1 shared_informer.go:377] "Caches are synced"
I0409 22:36:47.886346       1 shared_informer.go:377] "Caches are synced"
I0409 22:36:47.886359       1 shared_informer.go:377] "Caches are synced"
I0409 22:36:47.886500       1 shared_informer.go:377] "Caches are synced"
I0409 22:36:47.886869       1 shared_informer.go:377] "Caches are synced"
I0409 22:36:47.886983       1 shared_informer.go:377] "Caches are synced"
I0409 22:36:47.887145       1 shared_informer.go:377] "Caches are synced"
I0409 22:36:47.887227       1 shared_informer.go:377] "Caches are synced"
I0409 22:36:47.887514       1 shared_informer.go:377] "Caches are synced"
I0409 22:36:47.887638       1 shared_informer.go:377] "Caches are synced"
I0409 22:36:47.887672       1 shared_informer.go:377] "Caches are synced"
I0409 22:36:47.888202       1 shared_informer.go:377] "Caches are synced"
I0409 22:36:47.888864       1 shared_informer.go:377] "Caches are synced"
I0409 22:36:47.889027       1 shared_informer.go:377] "Caches are synced"
I0409 22:36:47.889110       1 range_allocator.go:177] "Sending events to api server"
I0409 22:36:47.889249       1 range_allocator.go:181] "Starting range CIDR allocator"
I0409 22:36:47.889268       1 shared_informer.go:370] "Waiting for caches to sync"
I0409 22:36:47.889283       1 shared_informer.go:377] "Caches are synced"
I0409 22:36:47.889345       1 shared_informer.go:377] "Caches are synced"
I0409 22:36:47.889905       1 shared_informer.go:377] "Caches are synced"
I0409 22:36:47.889965       1 shared_informer.go:377] "Caches are synced"
I0409 22:36:47.889981       1 shared_informer.go:377] "Caches are synced"
I0409 22:36:47.890046       1 shared_informer.go:377] "Caches are synced"
I0409 22:36:47.890117       1 shared_informer.go:377] "Caches are synced"
I0409 22:36:47.890136       1 shared_informer.go:377] "Caches are synced"
I0409 22:36:47.890337       1 shared_informer.go:377] "Caches are synced"
I0409 22:36:47.890121       1 shared_informer.go:377] "Caches are synced"
I0409 22:36:47.890740       1 shared_informer.go:377] "Caches are synced"
I0409 22:36:47.890824       1 shared_informer.go:377] "Caches are synced"
I0409 22:36:47.891100       1 shared_informer.go:377] "Caches are synced"
I0409 22:36:47.890847       1 shared_informer.go:377] "Caches are synced"
I0409 22:36:47.890880       1 shared_informer.go:377] "Caches are synced"
I0409 22:36:47.890849       1 shared_informer.go:377] "Caches are synced"
I0409 22:36:47.893107       1 shared_informer.go:377] "Caches are synced"
I0409 22:36:47.891275       1 node_lifecycle_controller.go:1234] "Initializing eviction metric for zone" zone=""
I0409 22:36:47.893153       1 shared_informer.go:377] "Caches are synced"
I0409 22:36:47.893295       1 node_lifecycle_controller.go:886] "Missing timestamp for Node. Assuming now as a timestamp" node="minikube"
I0409 22:36:47.893379       1 node_lifecycle_controller.go:1080] "Controller detected that zone is now in new state" zone="" newState="Normal"
I0409 22:36:47.893585       1 shared_informer.go:377] "Caches are synced"
I0409 22:36:47.893651       1 shared_informer.go:377] "Caches are synced"
I0409 22:36:47.893686       1 shared_informer.go:377] "Caches are synced"
I0409 22:36:47.893921       1 shared_informer.go:377] "Caches are synced"
I0409 22:36:47.896779       1 shared_informer.go:377] "Caches are synced"
I0409 22:36:47.913165       1 shared_informer.go:370] "Waiting for caches to sync"
I0409 22:36:47.915412       1 shared_informer.go:377] "Caches are synced"
I0409 22:36:47.932482       1 range_allocator.go:433] "Set node PodCIDR" node="minikube" podCIDRs=["10.244.0.0/24"]
I0409 22:36:47.994097       1 shared_informer.go:377] "Caches are synced"
I0409 22:36:47.994185       1 garbagecollector.go:166] "Garbage collector: all resource monitors have synced"
I0409 22:36:47.994227       1 garbagecollector.go:169] "Proceeding to collect garbage"
I0409 22:36:48.014415       1 shared_informer.go:377] "Caches are synced"
I0409 23:38:41.517070       1 cleaner.go:189] "Cleaning CSR as it is more than approvedExpiration duration old and approved." csr="csr-gzgm7" approvedExpiration="1h0m0s"


==> kube-controller-manager [142a54608b27] <==
I0410 15:29:08.227834       1 shared_informer.go:370] "Waiting for caches to sync"
I0410 15:29:08.229307       1 shared_informer.go:370] "Waiting for caches to sync"
I0410 15:29:08.301793       1 shared_informer.go:377] "Caches are synced"
I0410 15:29:08.301835       1 shared_informer.go:377] "Caches are synced"
I0410 15:29:08.301943       1 shared_informer.go:377] "Caches are synced"
I0410 15:29:08.302016       1 shared_informer.go:377] "Caches are synced"
I0410 15:29:08.302092       1 shared_informer.go:377] "Caches are synced"
I0410 15:29:08.302205       1 shared_informer.go:377] "Caches are synced"
I0410 15:29:08.302269       1 shared_informer.go:377] "Caches are synced"
I0410 15:29:08.302843       1 shared_informer.go:377] "Caches are synced"
I0410 15:29:08.303079       1 shared_informer.go:377] "Caches are synced"
I0410 15:29:08.303321       1 shared_informer.go:377] "Caches are synced"
I0410 15:29:08.303570       1 shared_informer.go:377] "Caches are synced"
I0410 15:29:08.303194       1 shared_informer.go:377] "Caches are synced"
I0410 15:29:08.304503       1 shared_informer.go:377] "Caches are synced"
I0410 15:29:08.303592       1 shared_informer.go:377] "Caches are synced"
I0410 15:29:08.305776       1 shared_informer.go:377] "Caches are synced"
I0410 15:29:08.303419       1 shared_informer.go:377] "Caches are synced"
I0410 15:29:08.303608       1 shared_informer.go:377] "Caches are synced"
I0410 15:29:08.308377       1 actual_state_of_world.go:541] "Failed to update statusUpdateNeeded field in actual state of world" logger="persistentvolume-attach-detach-controller" err="Failed to set statusUpdateNeeded to needed true, because nodeName=\"minikube\" does not exist"
I0410 15:29:08.308474       1 shared_informer.go:377] "Caches are synced"
I0410 15:29:08.308487       1 shared_informer.go:377] "Caches are synced"
I0410 15:29:08.303672       1 shared_informer.go:377] "Caches are synced"
I0410 15:29:08.313782       1 shared_informer.go:377] "Caches are synced"
I0410 15:29:08.313808       1 shared_informer.go:377] "Caches are synced"
I0410 15:29:08.313833       1 shared_informer.go:377] "Caches are synced"
I0410 15:29:08.313854       1 shared_informer.go:377] "Caches are synced"
I0410 15:29:08.308455       1 shared_informer.go:377] "Caches are synced"
I0410 15:29:08.313868       1 shared_informer.go:377] "Caches are synced"
I0410 15:29:08.316218       1 shared_informer.go:377] "Caches are synced"
I0410 15:29:08.316926       1 shared_informer.go:377] "Caches are synced"
I0410 15:29:08.317276       1 shared_informer.go:377] "Caches are synced"
I0410 15:29:08.317360       1 shared_informer.go:377] "Caches are synced"
I0410 15:29:08.317820       1 shared_informer.go:377] "Caches are synced"
I0410 15:29:08.318125       1 shared_informer.go:377] "Caches are synced"
I0410 15:29:08.318274       1 shared_informer.go:377] "Caches are synced"
I0410 15:29:08.332879       1 shared_informer.go:377] "Caches are synced"
I0410 15:29:08.337116       1 shared_informer.go:377] "Caches are synced"
I0410 15:29:08.339730       1 shared_informer.go:377] "Caches are synced"
I0410 15:29:08.342487       1 node_lifecycle_controller.go:1234] "Initializing eviction metric for zone" zone=""
I0410 15:29:08.343846       1 node_lifecycle_controller.go:886] "Missing timestamp for Node. Assuming now as a timestamp" node="minikube"
I0410 15:29:08.343967       1 node_lifecycle_controller.go:1080] "Controller detected that zone is now in new state" zone="" newState="Normal"
I0410 15:29:08.391148       1 shared_informer.go:370] "Waiting for caches to sync"
I0410 15:29:08.401431       1 shared_informer.go:377] "Caches are synced"
I0410 15:29:08.402781       1 shared_informer.go:377] "Caches are synced"
I0410 15:29:08.402946       1 shared_informer.go:377] "Caches are synced"
I0410 15:29:08.403100       1 shared_informer.go:377] "Caches are synced"
I0410 15:29:08.403145       1 range_allocator.go:177] "Sending events to api server"
I0410 15:29:08.403545       1 shared_informer.go:377] "Caches are synced"
I0410 15:29:08.403660       1 shared_informer.go:377] "Caches are synced"
I0410 15:29:08.403876       1 shared_informer.go:377] "Caches are synced"
I0410 15:29:08.406144       1 range_allocator.go:181] "Starting range CIDR allocator"
I0410 15:29:08.406176       1 shared_informer.go:370] "Waiting for caches to sync"
I0410 15:29:08.406198       1 shared_informer.go:377] "Caches are synced"
I0410 15:29:08.492286       1 shared_informer.go:377] "Caches are synced"
I0410 15:29:08.504471       1 shared_informer.go:377] "Caches are synced"
I0410 15:29:08.504567       1 garbagecollector.go:166] "Garbage collector: all resource monitors have synced"
I0410 15:29:08.504586       1 garbagecollector.go:169] "Proceeding to collect garbage"
I0410 17:33:12.700180       1 cleaner.go:189] "Cleaning CSR as it is more than approvedExpiration duration old and approved." csr="project-user" approvedExpiration="1h0m0s"
I0410 22:04:03.220156       1 endpointslice_controller.go:361] "Error syncing endpoint slices for service, retrying" key="ingress-nginx/ingress-nginx-controller" err="EndpointSlice informer cache is out of date"


==> kube-proxy [613db8e8654c] <==
I0409 22:36:49.987317       1 server_linux.go:53] "Using iptables proxy"
I0409 22:36:50.102701       1 shared_informer.go:370] "Waiting for caches to sync"
I0409 22:36:50.203727       1 shared_informer.go:377] "Caches are synced"
I0409 22:36:50.203791       1 server.go:218] "Successfully retrieved NodeIPs" NodeIPs=["192.168.49.2"]
E0409 22:36:50.203893       1 server.go:255] "Kube-proxy configuration may be incomplete or incorrect" err="nodePortAddresses is unset; NodePort connections will be accepted on all local IPs. Consider using `--nodeport-addresses primary`"
I0409 22:36:50.232809       1 server.go:264] "kube-proxy running in dual-stack mode" primary ipFamily="IPv4"
I0409 22:36:50.232888       1 server_linux.go:136] "Using iptables Proxier"
I0409 22:36:50.240848       1 proxier.go:242] "Setting route_localnet=1 to allow node-ports on localhost; to change this either disable iptables.localhostNodePorts (--iptables-localhost-nodeports) or set nodePortAddresses (--nodeport-addresses) to filter loopback addresses" ipFamily="IPv4"
I0409 22:36:50.245979       1 server.go:529] "Version info" version="v1.35.1"
I0409 22:36:50.246041       1 server.go:531] "Golang settings" GOGC="" GOMAXPROCS="" GOTRACEBACK=""
I0409 22:36:50.248858       1 config.go:200] "Starting service config controller"
I0409 22:36:50.248922       1 shared_informer.go:349] "Waiting for caches to sync" controller="service config"
I0409 22:36:50.249829       1 config.go:403] "Starting serviceCIDR config controller"
I0409 22:36:50.249889       1 shared_informer.go:349] "Waiting for caches to sync" controller="serviceCIDR config"
I0409 22:36:50.250416       1 config.go:309] "Starting node config controller"
I0409 22:36:50.250440       1 shared_informer.go:349] "Waiting for caches to sync" controller="node config"
I0409 22:36:50.250452       1 shared_informer.go:356] "Caches are synced" controller="node config"
I0409 22:36:50.250863       1 config.go:106] "Starting endpoint slice config controller"
I0409 22:36:50.251141       1 shared_informer.go:349] "Waiting for caches to sync" controller="endpoint slice config"
I0409 22:36:50.349223       1 shared_informer.go:356] "Caches are synced" controller="service config"
I0409 22:36:50.350472       1 shared_informer.go:356] "Caches are synced" controller="serviceCIDR config"
I0409 22:36:50.351690       1 shared_informer.go:356] "Caches are synced" controller="endpoint slice config"


==> kube-proxy [d57eab1ae12c] <==
I0410 15:29:08.133728       1 server_linux.go:53] "Using iptables proxy"
I0410 15:29:08.589153       1 shared_informer.go:370] "Waiting for caches to sync"
I0410 15:29:08.689463       1 shared_informer.go:377] "Caches are synced"
I0410 15:29:08.689687       1 server.go:218] "Successfully retrieved NodeIPs" NodeIPs=["192.168.49.2"]
E0410 15:29:08.689854       1 server.go:255] "Kube-proxy configuration may be incomplete or incorrect" err="nodePortAddresses is unset; NodePort connections will be accepted on all local IPs. Consider using `--nodeport-addresses primary`"
I0410 15:29:08.785929       1 server.go:264] "kube-proxy running in dual-stack mode" primary ipFamily="IPv4"
I0410 15:29:08.786059       1 server_linux.go:136] "Using iptables Proxier"
I0410 15:29:08.811759       1 proxier.go:242] "Setting route_localnet=1 to allow node-ports on localhost; to change this either disable iptables.localhostNodePorts (--iptables-localhost-nodeports) or set nodePortAddresses (--nodeport-addresses) to filter loopback addresses" ipFamily="IPv4"
I0410 15:29:08.823622       1 server.go:529] "Version info" version="v1.35.1"
I0410 15:29:08.823679       1 server.go:531] "Golang settings" GOGC="" GOMAXPROCS="" GOTRACEBACK=""
I0410 15:29:08.826616       1 config.go:200] "Starting service config controller"
I0410 15:29:08.826664       1 shared_informer.go:349] "Waiting for caches to sync" controller="service config"
I0410 15:29:08.826786       1 config.go:309] "Starting node config controller"
I0410 15:29:08.826805       1 shared_informer.go:349] "Waiting for caches to sync" controller="node config"
I0410 15:29:08.826820       1 shared_informer.go:356] "Caches are synced" controller="node config"
I0410 15:29:08.827163       1 config.go:106] "Starting endpoint slice config controller"
I0410 15:29:08.827183       1 shared_informer.go:349] "Waiting for caches to sync" controller="endpoint slice config"
I0410 15:29:08.827218       1 config.go:403] "Starting serviceCIDR config controller"
I0410 15:29:08.827298       1 shared_informer.go:349] "Waiting for caches to sync" controller="serviceCIDR config"
I0410 15:29:08.927823       1 shared_informer.go:356] "Caches are synced" controller="serviceCIDR config"
I0410 15:29:08.927940       1 shared_informer.go:356] "Caches are synced" controller="endpoint slice config"
I0410 15:29:08.928165       1 shared_informer.go:356] "Caches are synced" controller="service config"


==> kube-scheduler [a19d97dd9309] <==
I0410 15:29:01.513800       1 serving.go:386] Generated self-signed cert in-memory
W0410 15:29:04.233003       1 requestheader_controller.go:204] Unable to get configmap/extension-apiserver-authentication in kube-system.  Usually fixed by 'kubectl create rolebinding -n kube-system ROLEBINDING_NAME --role=extension-apiserver-authentication-reader --serviceaccount=YOUR_NS:YOUR_SA'
W0410 15:29:04.233199       1 authentication.go:397] Error looking up in-cluster authentication configuration: configmaps "extension-apiserver-authentication" is forbidden: User "system:kube-scheduler" cannot get resource "configmaps" in API group "" in the namespace "kube-system"
W0410 15:29:04.233396       1 authentication.go:398] Continuing without authentication configuration. This may treat all requests as anonymous.
W0410 15:29:04.233517       1 authentication.go:399] To require authentication configuration lookup to succeed, set --authentication-tolerate-lookup-failure=false
I0410 15:29:04.340268       1 server.go:175] "Starting Kubernetes Scheduler" version="v1.35.1"
I0410 15:29:04.340363       1 server.go:177] "Golang settings" GOGC="" GOMAXPROCS="" GOTRACEBACK=""
I0410 15:29:04.347871       1 configmap_cafile_content.go:205] "Starting controller" name="client-ca::kube-system::extension-apiserver-authentication::client-ca-file"
I0410 15:29:04.348029       1 shared_informer.go:370] "Waiting for caches to sync"
I0410 15:29:04.348647       1 secure_serving.go:211] Serving securely on 127.0.0.1:10259
I0410 15:29:04.349879       1 tlsconfig.go:243] "Starting DynamicServingCertificateController"
I0410 15:29:04.449307       1 shared_informer.go:377] "Caches are synced"


==> kube-scheduler [b898e357825c] <==
I0409 22:36:36.622190       1 serving.go:386] Generated self-signed cert in-memory
W0409 22:36:40.051484       1 requestheader_controller.go:204] Unable to get configmap/extension-apiserver-authentication in kube-system.  Usually fixed by 'kubectl create rolebinding -n kube-system ROLEBINDING_NAME --role=extension-apiserver-authentication-reader --serviceaccount=YOUR_NS:YOUR_SA'
W0409 22:36:40.051602       1 authentication.go:397] Error looking up in-cluster authentication configuration: configmaps "extension-apiserver-authentication" is forbidden: User "system:kube-scheduler" cannot get resource "configmaps" in API group "" in the namespace "kube-system"
W0409 22:36:40.051630       1 authentication.go:398] Continuing without authentication configuration. This may treat all requests as anonymous.
W0409 22:36:40.051649       1 authentication.go:399] To require authentication configuration lookup to succeed, set --authentication-tolerate-lookup-failure=false
I0409 22:36:40.130663       1 server.go:175] "Starting Kubernetes Scheduler" version="v1.35.1"
I0409 22:36:40.130763       1 server.go:177] "Golang settings" GOGC="" GOMAXPROCS="" GOTRACEBACK=""
I0409 22:36:40.136502       1 configmap_cafile_content.go:205] "Starting controller" name="client-ca::kube-system::extension-apiserver-authentication::client-ca-file"
I0409 22:36:40.136657       1 shared_informer.go:370] "Waiting for caches to sync"
I0409 22:36:40.136722       1 secure_serving.go:211] Serving securely on 127.0.0.1:10259
I0409 22:36:40.138854       1 tlsconfig.go:243] "Starting DynamicServingCertificateController"
E0409 22:36:40.148167       1 reflector.go:204] "Failed to watch" err="failed to list *v1.ConfigMap: configmaps \"extension-apiserver-authentication\" is forbidden: User \"system:kube-scheduler\" cannot list resource \"configmaps\" in API group \"\" in the namespace \"kube-system\"" logger="UnhandledError" reflector="runtime/asm_amd64.s:1693" type="*v1.ConfigMap"
E0409 22:36:40.155620       1 reflector.go:204] "Failed to watch" err="failed to list *v1.PersistentVolume: persistentvolumes is forbidden: User \"system:kube-scheduler\" cannot list resource \"persistentvolumes\" in API group \"\" at the cluster scope" logger="UnhandledError" reflector="k8s.io/client-go/informers/factory.go:161" type="*v1.PersistentVolume"
E0409 22:36:40.161915       1 reflector.go:204] "Failed to watch" err="failed to list *v1.StorageClass: storageclasses.storage.k8s.io is forbidden: User \"system:kube-scheduler\" cannot list resource \"storageclasses\" in API group \"storage.k8s.io\" at the cluster scope" logger="UnhandledError" reflector="k8s.io/client-go/informers/factory.go:161" type="*v1.StorageClass"
E0409 22:36:40.162178       1 reflector.go:204] "Failed to watch" err="failed to list *v1.VolumeAttachment: volumeattachments.storage.k8s.io is forbidden: User \"system:kube-scheduler\" cannot list resource \"volumeattachments\" in API group \"storage.k8s.io\" at the cluster scope" logger="UnhandledError" reflector="k8s.io/client-go/informers/factory.go:161" type="*v1.VolumeAttachment"
E0409 22:36:40.162545       1 reflector.go:204] "Failed to watch" err="failed to list *v1.ResourceSlice: resourceslices.resource.k8s.io is forbidden: User \"system:kube-scheduler\" cannot list resource \"resourceslices\" in API group \"resource.k8s.io\" at the cluster scope" logger="UnhandledError" reflector="k8s.io/client-go/informers/factory.go:161" type="*v1.ResourceSlice"
E0409 22:36:40.163852       1 reflector.go:204] "Failed to watch" err="failed to list *v1.StatefulSet: statefulsets.apps is forbidden: User \"system:kube-scheduler\" cannot list resource \"statefulsets\" in API group \"apps\" at the cluster scope" logger="UnhandledError" reflector="k8s.io/client-go/informers/factory.go:161" type="*v1.StatefulSet"
E0409 22:36:40.164110       1 reflector.go:204] "Failed to watch" err="failed to list *v1.CSIStorageCapacity: csistoragecapacities.storage.k8s.io is forbidden: User \"system:kube-scheduler\" cannot list resource \"csistoragecapacities\" in API group \"storage.k8s.io\" at the cluster scope" logger="UnhandledError" reflector="k8s.io/client-go/informers/factory.go:161" type="*v1.CSIStorageCapacity"
E0409 22:36:40.164636       1 reflector.go:204] "Failed to watch" err="failed to list *v1.ResourceClaim: resourceclaims.resource.k8s.io is forbidden: User \"system:kube-scheduler\" cannot list resource \"resourceclaims\" in API group \"resource.k8s.io\" at the cluster scope" logger="UnhandledError" reflector="k8s.io/client-go/informers/factory.go:161" type="*v1.ResourceClaim"
E0409 22:36:40.164838       1 reflector.go:204] "Failed to watch" err="failed to list *v1.ReplicaSet: replicasets.apps is forbidden: User \"system:kube-scheduler\" cannot list resource \"replicasets\" in API group \"apps\" at the cluster scope" logger="UnhandledError" reflector="k8s.io/client-go/informers/factory.go:161" type="*v1.ReplicaSet"
E0409 22:36:40.165438       1 reflector.go:204] "Failed to watch" err="failed to list *v1.PersistentVolumeClaim: persistentvolumeclaims is forbidden: User \"system:kube-scheduler\" cannot list resource \"persistentvolumeclaims\" in API group \"\" at the cluster scope" logger="UnhandledError" reflector="k8s.io/client-go/informers/factory.go:161" type="*v1.PersistentVolumeClaim"
E0409 22:36:40.165614       1 reflector.go:204] "Failed to watch" err="failed to list *v1.PodDisruptionBudget: poddisruptionbudgets.policy is forbidden: User \"system:kube-scheduler\" cannot list resource \"poddisruptionbudgets\" in API group \"policy\" at the cluster scope" logger="UnhandledError" reflector="k8s.io/client-go/informers/factory.go:161" type="*v1.PodDisruptionBudget"
E0409 22:36:40.168359       1 reflector.go:204] "Failed to watch" err="failed to list *v1.Namespace: namespaces is forbidden: User \"system:kube-scheduler\" cannot list resource \"namespaces\" in API group \"\" at the cluster scope" logger="UnhandledError" reflector="k8s.io/client-go/informers/factory.go:161" type="*v1.Namespace"
E0409 22:36:40.168407       1 reflector.go:204] "Failed to watch" err="failed to list *v1.CSIDriver: csidrivers.storage.k8s.io is forbidden: User \"system:kube-scheduler\" cannot list resource \"csidrivers\" in API group \"storage.k8s.io\" at the cluster scope" logger="UnhandledError" reflector="k8s.io/client-go/informers/factory.go:161" type="*v1.CSIDriver"
E0409 22:36:40.168654       1 reflector.go:204] "Failed to watch" err="failed to list *v1.ReplicationController: replicationcontrollers is forbidden: User \"system:kube-scheduler\" cannot list resource \"replicationcontrollers\" in API group \"\" at the cluster scope" logger="UnhandledError" reflector="k8s.io/client-go/informers/factory.go:161" type="*v1.ReplicationController"
E0409 22:36:40.169011       1 reflector.go:204] "Failed to watch" err="failed to list *v1.Pod: pods is forbidden: User \"system:kube-scheduler\" cannot list resource \"pods\" in API group \"\" at the cluster scope" logger="UnhandledError" reflector="k8s.io/client-go/informers/factory.go:161" type="*v1.Pod"
E0409 22:36:40.169008       1 reflector.go:204] "Failed to watch" err="failed to list *v1.Node: nodes is forbidden: User \"system:kube-scheduler\" cannot list resource \"nodes\" in API group \"\" at the cluster scope" logger="UnhandledError" reflector="k8s.io/client-go/informers/factory.go:161" type="*v1.Node"
E0409 22:36:40.170010       1 reflector.go:204] "Failed to watch" err="failed to list *v1.DeviceClass: deviceclasses.resource.k8s.io is forbidden: User \"system:kube-scheduler\" cannot list resource \"deviceclasses\" in API group \"resource.k8s.io\" at the cluster scope" logger="UnhandledError" reflector="k8s.io/client-go/informers/factory.go:161" type="*v1.DeviceClass"
E0409 22:36:40.170916       1 reflector.go:204] "Failed to watch" err="failed to list *v1.CSINode: csinodes.storage.k8s.io is forbidden: User \"system:kube-scheduler\" cannot list resource \"csinodes\" in API group \"storage.k8s.io\" at the cluster scope" logger="UnhandledError" reflector="k8s.io/client-go/informers/factory.go:161" type="*v1.CSINode"
E0409 22:36:40.171437       1 reflector.go:204] "Failed to watch" err="failed to list *v1.Service: services is forbidden: User \"system:kube-scheduler\" cannot list resource \"services\" in API group \"\" at the cluster scope" logger="UnhandledError" reflector="k8s.io/client-go/informers/factory.go:161" type="*v1.Service"
E0409 22:36:41.044572       1 reflector.go:204] "Failed to watch" err="failed to list *v1.ResourceSlice: resourceslices.resource.k8s.io is forbidden: User \"system:kube-scheduler\" cannot list resource \"resourceslices\" in API group \"resource.k8s.io\" at the cluster scope" logger="UnhandledError" reflector="k8s.io/client-go/informers/factory.go:161" type="*v1.ResourceSlice"
E0409 22:36:41.098740       1 reflector.go:204] "Failed to watch" err="failed to list *v1.StatefulSet: statefulsets.apps is forbidden: User \"system:kube-scheduler\" cannot list resource \"statefulsets\" in API group \"apps\" at the cluster scope" logger="UnhandledError" reflector="k8s.io/client-go/informers/factory.go:161" type="*v1.StatefulSet"
E0409 22:36:41.109265       1 reflector.go:204] "Failed to watch" err="failed to list *v1.ReplicaSet: replicasets.apps is forbidden: User \"system:kube-scheduler\" cannot list resource \"replicasets\" in API group \"apps\" at the cluster scope" logger="UnhandledError" reflector="k8s.io/client-go/informers/factory.go:161" type="*v1.ReplicaSet"
E0409 22:36:41.111665       1 reflector.go:204] "Failed to watch" err="failed to list *v1.CSIStorageCapacity: csistoragecapacities.storage.k8s.io is forbidden: User \"system:kube-scheduler\" cannot list resource \"csistoragecapacities\" in API group \"storage.k8s.io\" at the cluster scope" logger="UnhandledError" reflector="k8s.io/client-go/informers/factory.go:161" type="*v1.CSIStorageCapacity"
E0409 22:36:41.128564       1 reflector.go:204] "Failed to watch" err="failed to list *v1.PodDisruptionBudget: poddisruptionbudgets.policy is forbidden: User \"system:kube-scheduler\" cannot list resource \"poddisruptionbudgets\" in API group \"policy\" at the cluster scope" logger="UnhandledError" reflector="k8s.io/client-go/informers/factory.go:161" type="*v1.PodDisruptionBudget"
E0409 22:36:41.164053       1 reflector.go:204] "Failed to watch" err="failed to list *v1.Node: nodes is forbidden: User \"system:kube-scheduler\" cannot list resource \"nodes\" in API group \"\" at the cluster scope" logger="UnhandledError" reflector="k8s.io/client-go/informers/factory.go:161" type="*v1.Node"
E0409 22:36:41.208103       1 reflector.go:204] "Failed to watch" err="failed to list *v1.VolumeAttachment: volumeattachments.storage.k8s.io is forbidden: User \"system:kube-scheduler\" cannot list resource \"volumeattachments\" in API group \"storage.k8s.io\" at the cluster scope" logger="UnhandledError" reflector="k8s.io/client-go/informers/factory.go:161" type="*v1.VolumeAttachment"
E0409 22:36:41.249267       1 reflector.go:204] "Failed to watch" err="failed to list *v1.ResourceClaim: resourceclaims.resource.k8s.io is forbidden: User \"system:kube-scheduler\" cannot list resource \"resourceclaims\" in API group \"resource.k8s.io\" at the cluster scope" logger="UnhandledError" reflector="k8s.io/client-go/informers/factory.go:161" type="*v1.ResourceClaim"
E0409 22:36:41.337076       1 reflector.go:204] "Failed to watch" err="failed to list *v1.PersistentVolumeClaim: persistentvolumeclaims is forbidden: User \"system:kube-scheduler\" cannot list resource \"persistentvolumeclaims\" in API group \"\" at the cluster scope" logger="UnhandledError" reflector="k8s.io/client-go/informers/factory.go:161" type="*v1.PersistentVolumeClaim"
E0409 22:36:41.411508       1 reflector.go:204] "Failed to watch" err="failed to list *v1.DeviceClass: deviceclasses.resource.k8s.io is forbidden: User \"system:kube-scheduler\" cannot list resource \"deviceclasses\" in API group \"resource.k8s.io\" at the cluster scope" logger="UnhandledError" reflector="k8s.io/client-go/informers/factory.go:161" type="*v1.DeviceClass"
E0409 22:36:41.516083       1 reflector.go:204] "Failed to watch" err="failed to list *v1.Service: services is forbidden: User \"system:kube-scheduler\" cannot list resource \"services\" in API group \"\" at the cluster scope" logger="UnhandledError" reflector="k8s.io/client-go/informers/factory.go:161" type="*v1.Service"
E0409 22:36:41.540587       1 reflector.go:204] "Failed to watch" err="failed to list *v1.Pod: pods is forbidden: User \"system:kube-scheduler\" cannot list resource \"pods\" in API group \"\" at the cluster scope" logger="UnhandledError" reflector="k8s.io/client-go/informers/factory.go:161" type="*v1.Pod"
E0409 22:36:41.558156       1 reflector.go:204] "Failed to watch" err="failed to list *v1.ReplicationController: replicationcontrollers is forbidden: User \"system:kube-scheduler\" cannot list resource \"replicationcontrollers\" in API group \"\" at the cluster scope" logger="UnhandledError" reflector="k8s.io/client-go/informers/factory.go:161" type="*v1.ReplicationController"
E0409 22:36:41.573042       1 reflector.go:204] "Failed to watch" err="failed to list *v1.StorageClass: storageclasses.storage.k8s.io is forbidden: User \"system:kube-scheduler\" cannot list resource \"storageclasses\" in API group \"storage.k8s.io\" at the cluster scope" logger="UnhandledError" reflector="k8s.io/client-go/informers/factory.go:161" type="*v1.StorageClass"
E0409 22:36:41.586596       1 reflector.go:204] "Failed to watch" err="failed to list *v1.ConfigMap: configmaps \"extension-apiserver-authentication\" is forbidden: User \"system:kube-scheduler\" cannot list resource \"configmaps\" in API group \"\" in the namespace \"kube-system\"" logger="UnhandledError" reflector="runtime/asm_amd64.s:1693" type="*v1.ConfigMap"
E0409 22:36:41.607491       1 reflector.go:204] "Failed to watch" err="failed to list *v1.PersistentVolume: persistentvolumes is forbidden: User \"system:kube-scheduler\" cannot list resource \"persistentvolumes\" in API group \"\" at the cluster scope" logger="UnhandledError" reflector="k8s.io/client-go/informers/factory.go:161" type="*v1.PersistentVolume"
E0409 22:36:41.621937       1 reflector.go:204] "Failed to watch" err="failed to list *v1.CSIDriver: csidrivers.storage.k8s.io is forbidden: User \"system:kube-scheduler\" cannot list resource \"csidrivers\" in API group \"storage.k8s.io\" at the cluster scope" logger="UnhandledError" reflector="k8s.io/client-go/informers/factory.go:161" type="*v1.CSIDriver"
E0409 22:36:41.664540       1 reflector.go:204] "Failed to watch" err="failed to list *v1.Namespace: namespaces is forbidden: User \"system:kube-scheduler\" cannot list resource \"namespaces\" in API group \"\" at the cluster scope" logger="UnhandledError" reflector="k8s.io/client-go/informers/factory.go:161" type="*v1.Namespace"
E0409 22:36:41.769551       1 reflector.go:204] "Failed to watch" err="failed to list *v1.CSINode: csinodes.storage.k8s.io is forbidden: User \"system:kube-scheduler\" cannot list resource \"csinodes\" in API group \"storage.k8s.io\" at the cluster scope" logger="UnhandledError" reflector="k8s.io/client-go/informers/factory.go:161" type="*v1.CSINode"
I0409 22:36:44.037909       1 shared_informer.go:377] "Caches are synced"
I0410 00:16:36.968569       1 configmap_cafile_content.go:226] "Shutting down controller" name="client-ca::kube-system::extension-apiserver-authentication::client-ca-file"
I0410 00:16:36.969871       1 secure_serving.go:259] Stopped listening on 127.0.0.1:10259
I0410 00:16:36.970031       1 server.go:263] "[graceful-termination] secure server has stopped listening"
I0410 00:16:36.970103       1 server.go:265] "[graceful-termination] secure server is exiting"
E0410 00:16:36.970410       1 run.go:72] "command failed" err="finished without leader elect"


==> kubelet <==
Jun 03 02:00:32 minikube kubelet[32976]: E0603 02:00:32.765199   32976 run.go:72] "command failed" err="failed to run Kubelet: unable to load bootstrap kubeconfig: stat /etc/kubernetes/bootstrap-kubelet.conf: no such file or directory"
Jun 03 02:00:32 minikube systemd[1]: kubelet.service: Main process exited, code=exited, status=1/FAILURE
Jun 03 02:00:32 minikube systemd[1]: kubelet.service: Failed with result 'exit-code'.
Jun 03 02:00:33 minikube systemd[1]: kubelet.service: Scheduled restart job, restart counter is at 752.
Jun 03 02:00:33 minikube systemd[1]: Stopped kubelet.service - kubelet: The Kubernetes Node Agent.
Jun 03 02:00:33 minikube systemd[1]: Started kubelet.service - kubelet: The Kubernetes Node Agent.
Jun 03 02:00:33 minikube kubelet[32989]: I0603 02:00:33.753339   32989 server.go:525] "Kubelet version" kubeletVersion="v1.35.1"
Jun 03 02:00:33 minikube kubelet[32989]: I0603 02:00:33.753625   32989 server.go:527] "Golang settings" GOGC="" GOMAXPROCS="" GOTRACEBACK=""
Jun 03 02:00:33 minikube kubelet[32989]: I0603 02:00:33.753665   32989 watchdog_linux.go:95] "Systemd watchdog is not enabled"
Jun 03 02:00:33 minikube kubelet[32989]: I0603 02:00:33.753675   32989 watchdog_linux.go:138] "Systemd watchdog is not enabled or the interval is invalid, so health checking will not be started."
Jun 03 02:00:33 minikube kubelet[32989]: I0603 02:00:33.754255   32989 server.go:951] "Client rotation is on, will bootstrap in background"
Jun 03 02:00:33 minikube kubelet[32989]: E0603 02:00:33.754327   32989 run.go:72] "command failed" err="failed to run Kubelet: unable to load bootstrap kubeconfig: stat /etc/kubernetes/bootstrap-kubelet.conf: no such file or directory"
Jun 03 02:00:33 minikube systemd[1]: kubelet.service: Main process exited, code=exited, status=1/FAILURE
Jun 03 02:00:33 minikube systemd[1]: kubelet.service: Failed with result 'exit-code'.
Jun 03 02:00:34 minikube systemd[1]: kubelet.service: Scheduled restart job, restart counter is at 753.
Jun 03 02:00:34 minikube systemd[1]: Stopped kubelet.service - kubelet: The Kubernetes Node Agent.
Jun 03 02:00:34 minikube systemd[1]: Started kubelet.service - kubelet: The Kubernetes Node Agent.
Jun 03 02:00:34 minikube kubelet[33002]: I0603 02:00:34.778256   33002 server.go:525] "Kubelet version" kubeletVersion="v1.35.1"
Jun 03 02:00:34 minikube kubelet[33002]: I0603 02:00:34.778415   33002 server.go:527] "Golang settings" GOGC="" GOMAXPROCS="" GOTRACEBACK=""
Jun 03 02:00:34 minikube kubelet[33002]: I0603 02:00:34.778454   33002 watchdog_linux.go:95] "Systemd watchdog is not enabled"
Jun 03 02:00:34 minikube kubelet[33002]: I0603 02:00:34.778465   33002 watchdog_linux.go:138] "Systemd watchdog is not enabled or the interval is invalid, so health checking will not be started."
Jun 03 02:00:34 minikube kubelet[33002]: I0603 02:00:34.778925   33002 server.go:951] "Client rotation is on, will bootstrap in background"
Jun 03 02:00:34 minikube kubelet[33002]: E0603 02:00:34.778997   33002 run.go:72] "command failed" err="failed to run Kubelet: unable to load bootstrap kubeconfig: stat /etc/kubernetes/bootstrap-kubelet.conf: no such file or directory"
Jun 03 02:00:34 minikube systemd[1]: kubelet.service: Main process exited, code=exited, status=1/FAILURE
Jun 03 02:00:34 minikube systemd[1]: kubelet.service: Failed with result 'exit-code'.
Jun 03 02:00:35 minikube systemd[1]: kubelet.service: Scheduled restart job, restart counter is at 754.
Jun 03 02:00:35 minikube systemd[1]: Stopped kubelet.service - kubelet: The Kubernetes Node Agent.
Jun 03 02:00:35 minikube systemd[1]: Started kubelet.service - kubelet: The Kubernetes Node Agent.
Jun 03 02:00:35 minikube kubelet[33015]: I0603 02:00:35.777056   33015 server.go:525] "Kubelet version" kubeletVersion="v1.35.1"
Jun 03 02:00:35 minikube kubelet[33015]: I0603 02:00:35.777345   33015 server.go:527] "Golang settings" GOGC="" GOMAXPROCS="" GOTRACEBACK=""
Jun 03 02:00:35 minikube kubelet[33015]: I0603 02:00:35.777448   33015 watchdog_linux.go:95] "Systemd watchdog is not enabled"
Jun 03 02:00:35 minikube kubelet[33015]: I0603 02:00:35.777617   33015 watchdog_linux.go:138] "Systemd watchdog is not enabled or the interval is invalid, so health checking will not be started."
Jun 03 02:00:35 minikube kubelet[33015]: I0603 02:00:35.779404   33015 server.go:951] "Client rotation is on, will bootstrap in background"
Jun 03 02:00:35 minikube kubelet[33015]: E0603 02:00:35.779564   33015 run.go:72] "command failed" err="failed to run Kubelet: unable to load bootstrap kubeconfig: stat /etc/kubernetes/bootstrap-kubelet.conf: no such file or directory"
Jun 03 02:00:35 minikube systemd[1]: kubelet.service: Main process exited, code=exited, status=1/FAILURE
Jun 03 02:00:35 minikube systemd[1]: kubelet.service: Failed with result 'exit-code'.
Jun 03 02:00:36 minikube systemd[1]: kubelet.service: Scheduled restart job, restart counter is at 755.
Jun 03 02:00:36 minikube systemd[1]: Stopped kubelet.service - kubelet: The Kubernetes Node Agent.
Jun 03 02:00:36 minikube systemd[1]: Started kubelet.service - kubelet: The Kubernetes Node Agent.
Jun 03 02:00:36 minikube kubelet[33068]: I0603 02:00:36.763239   33068 server.go:525] "Kubelet version" kubeletVersion="v1.35.1"
Jun 03 02:00:36 minikube kubelet[33068]: I0603 02:00:36.763435   33068 server.go:527] "Golang settings" GOGC="" GOMAXPROCS="" GOTRACEBACK=""
Jun 03 02:00:36 minikube kubelet[33068]: I0603 02:00:36.763488   33068 watchdog_linux.go:95] "Systemd watchdog is not enabled"
Jun 03 02:00:36 minikube kubelet[33068]: I0603 02:00:36.763506   33068 watchdog_linux.go:138] "Systemd watchdog is not enabled or the interval is invalid, so health checking will not be started."
Jun 03 02:00:36 minikube kubelet[33068]: I0603 02:00:36.764289   33068 server.go:951] "Client rotation is on, will bootstrap in background"
Jun 03 02:00:36 minikube kubelet[33068]: E0603 02:00:36.764422   33068 run.go:72] "command failed" err="failed to run Kubelet: unable to load bootstrap kubeconfig: stat /etc/kubernetes/bootstrap-kubelet.conf: no such file or directory"
Jun 03 02:00:36 minikube systemd[1]: kubelet.service: Main process exited, code=exited, status=1/FAILURE
Jun 03 02:00:36 minikube systemd[1]: kubelet.service: Failed with result 'exit-code'.
Jun 03 02:00:37 minikube systemd[1]: kubelet.service: Scheduled restart job, restart counter is at 756.
Jun 03 02:00:37 minikube systemd[1]: Stopped kubelet.service - kubelet: The Kubernetes Node Agent.
Jun 03 02:00:37 minikube systemd[1]: Started kubelet.service - kubelet: The Kubernetes Node Agent.
Jun 03 02:00:37 minikube kubelet[33202]: I0603 02:00:37.776487   33202 server.go:525] "Kubelet version" kubeletVersion="v1.35.1"
Jun 03 02:00:37 minikube kubelet[33202]: I0603 02:00:37.776685   33202 server.go:527] "Golang settings" GOGC="" GOMAXPROCS="" GOTRACEBACK=""
Jun 03 02:00:37 minikube kubelet[33202]: I0603 02:00:37.776744   33202 watchdog_linux.go:95] "Systemd watchdog is not enabled"
Jun 03 02:00:37 minikube kubelet[33202]: I0603 02:00:37.776773   33202 watchdog_linux.go:138] "Systemd watchdog is not enabled or the interval is invalid, so health checking will not be started."
Jun 03 02:00:37 minikube kubelet[33202]: I0603 02:00:37.777580   33202 server.go:951] "Client rotation is on, will bootstrap in background"
Jun 03 02:00:37 minikube kubelet[33202]: E0603 02:00:37.777659   33202 run.go:72] "command failed" err="failed to run Kubelet: unable to load bootstrap kubeconfig: stat /etc/kubernetes/bootstrap-kubelet.conf: no such file or directory"
Jun 03 02:00:37 minikube systemd[1]: kubelet.service: Main process exited, code=exited, status=1/FAILURE
Jun 03 02:00:37 minikube systemd[1]: kubelet.service: Failed with result 'exit-code'.
Jun 03 02:00:38 minikube systemd[1]: kubelet.service: Scheduled restart job, restart counter is at 757.
Jun 03 02:00:38 minikube systemd[1]: Stopped kubelet.service - kubelet: The Kubernetes Node Agent.


==> storage-provisioner [4d2d81331688] <==
W0411 00:33:40.381802       1 warnings.go:70] v1 Endpoints is deprecated in v1.33+; use discovery.k8s.io/v1 EndpointSlice
W0411 00:33:40.398409       1 warnings.go:70] v1 Endpoints is deprecated in v1.33+; use discovery.k8s.io/v1 EndpointSlice
W0411 00:33:43.387327       1 warnings.go:70] v1 Endpoints is deprecated in v1.33+; use discovery.k8s.io/v1 EndpointSlice
W0411 00:33:43.394151       1 warnings.go:70] v1 Endpoints is deprecated in v1.33+; use discovery.k8s.io/v1 EndpointSlice
W0411 00:33:45.397561       1 warnings.go:70] v1 Endpoints is deprecated in v1.33+; use discovery.k8s.io/v1 EndpointSlice
W0411 00:33:45.407924       1 warnings.go:70] v1 Endpoints is deprecated in v1.33+; use discovery.k8s.io/v1 EndpointSlice
W0411 00:33:47.411073       1 warnings.go:70] v1 Endpoints is deprecated in v1.33+; use discovery.k8s.io/v1 EndpointSlice
W0411 00:33:47.425848       1 warnings.go:70] v1 Endpoints is deprecated in v1.33+; use discovery.k8s.io/v1 EndpointSlice
W0411 00:33:49.432177       1 warnings.go:70] v1 Endpoints is deprecated in v1.33+; use discovery.k8s.io/v1 EndpointSlice
W0411 00:33:49.451305       1 warnings.go:70] v1 Endpoints is deprecated in v1.33+; use discovery.k8s.io/v1 EndpointSlice
W0411 00:33:51.454515       1 warnings.go:70] v1 Endpoints is deprecated in v1.33+; use discovery.k8s.io/v1 EndpointSlice
W0411 00:33:51.463798       1 warnings.go:70] v1 Endpoints is deprecated in v1.33+; use discovery.k8s.io/v1 EndpointSlice
W0411 00:33:53.467549       1 warnings.go:70] v1 Endpoints is deprecated in v1.33+; use discovery.k8s.io/v1 EndpointSlice
W0411 00:33:53.476324       1 warnings.go:70] v1 Endpoints is deprecated in v1.33+; use discovery.k8s.io/v1 EndpointSlice
W0411 00:33:55.480893       1 warnings.go:70] v1 Endpoints is deprecated in v1.33+; use discovery.k8s.io/v1 EndpointSlice
W0411 00:33:55.496515       1 warnings.go:70] v1 Endpoints is deprecated in v1.33+; use discovery.k8s.io/v1 EndpointSlice
W0411 00:33:57.499730       1 warnings.go:70] v1 Endpoints is deprecated in v1.33+; use discovery.k8s.io/v1 EndpointSlice
W0411 00:33:57.517294       1 warnings.go:70] v1 Endpoints is deprecated in v1.33+; use discovery.k8s.io/v1 EndpointSlice
W0411 00:33:59.520966       1 warnings.go:70] v1 Endpoints is deprecated in v1.33+; use discovery.k8s.io/v1 EndpointSlice
W0411 00:33:59.526500       1 warnings.go:70] v1 Endpoints is deprecated in v1.33+; use discovery.k8s.io/v1 EndpointSlice
W0411 00:34:01.530207       1 warnings.go:70] v1 Endpoints is deprecated in v1.33+; use discovery.k8s.io/v1 EndpointSlice
W0411 00:34:01.547452       1 warnings.go:70] v1 Endpoints is deprecated in v1.33+; use discovery.k8s.io/v1 EndpointSlice
W0411 00:34:03.551192       1 warnings.go:70] v1 Endpoints is deprecated in v1.33+; use discovery.k8s.io/v1 EndpointSlice
W0411 00:34:03.559827       1 warnings.go:70] v1 Endpoints is deprecated in v1.33+; use discovery.k8s.io/v1 EndpointSlice
W0411 00:34:05.563641       1 warnings.go:70] v1 Endpoints is deprecated in v1.33+; use discovery.k8s.io/v1 EndpointSlice
W0411 00:34:05.574709       1 warnings.go:70] v1 Endpoints is deprecated in v1.33+; use discovery.k8s.io/v1 EndpointSlice
W0411 00:34:07.577713       1 warnings.go:70] v1 Endpoints is deprecated in v1.33+; use discovery.k8s.io/v1 EndpointSlice
W0411 00:34:07.592415       1 warnings.go:70] v1 Endpoints is deprecated in v1.33+; use discovery.k8s.io/v1 EndpointSlice
W0411 00:34:09.596099       1 warnings.go:70] v1 Endpoints is deprecated in v1.33+; use discovery.k8s.io/v1 EndpointSlice
W0411 00:34:09.605695       1 warnings.go:70] v1 Endpoints is deprecated in v1.33+; use discovery.k8s.io/v1 EndpointSlice
W0411 00:34:11.610021       1 warnings.go:70] v1 Endpoints is deprecated in v1.33+; use discovery.k8s.io/v1 EndpointSlice
W0411 00:34:11.624605       1 warnings.go:70] v1 Endpoints is deprecated in v1.33+; use discovery.k8s.io/v1 EndpointSlice
W0411 00:34:13.665633       1 warnings.go:70] v1 Endpoints is deprecated in v1.33+; use discovery.k8s.io/v1 EndpointSlice
W0411 00:34:13.679543       1 warnings.go:70] v1 Endpoints is deprecated in v1.33+; use discovery.k8s.io/v1 EndpointSlice
W0411 00:34:16.514025       1 warnings.go:70] v1 Endpoints is deprecated in v1.33+; use discovery.k8s.io/v1 EndpointSlice
W0411 00:34:16.523184       1 warnings.go:70] v1 Endpoints is deprecated in v1.33+; use discovery.k8s.io/v1 EndpointSlice
W0411 00:34:18.527113       1 warnings.go:70] v1 Endpoints is deprecated in v1.33+; use discovery.k8s.io/v1 EndpointSlice
W0411 00:34:18.545159       1 warnings.go:70] v1 Endpoints is deprecated in v1.33+; use discovery.k8s.io/v1 EndpointSlice
W0411 00:34:20.548753       1 warnings.go:70] v1 Endpoints is deprecated in v1.33+; use discovery.k8s.io/v1 EndpointSlice
W0411 00:34:20.563849       1 warnings.go:70] v1 Endpoints is deprecated in v1.33+; use discovery.k8s.io/v1 EndpointSlice
W0411 00:34:22.567955       1 warnings.go:70] v1 Endpoints is deprecated in v1.33+; use discovery.k8s.io/v1 EndpointSlice
W0411 00:34:22.573603       1 warnings.go:70] v1 Endpoints is deprecated in v1.33+; use discovery.k8s.io/v1 EndpointSlice
W0411 00:34:24.577167       1 warnings.go:70] v1 Endpoints is deprecated in v1.33+; use discovery.k8s.io/v1 EndpointSlice
W0411 00:34:24.582451       1 warnings.go:70] v1 Endpoints is deprecated in v1.33+; use discovery.k8s.io/v1 EndpointSlice
W0411 00:34:26.585881       1 warnings.go:70] v1 Endpoints is deprecated in v1.33+; use discovery.k8s.io/v1 EndpointSlice
W0411 00:34:26.591000       1 warnings.go:70] v1 Endpoints is deprecated in v1.33+; use discovery.k8s.io/v1 EndpointSlice
W0411 00:34:28.595667       1 warnings.go:70] v1 Endpoints is deprecated in v1.33+; use discovery.k8s.io/v1 EndpointSlice
W0411 00:34:28.610697       1 warnings.go:70] v1 Endpoints is deprecated in v1.33+; use discovery.k8s.io/v1 EndpointSlice
W0411 00:34:30.614664       1 warnings.go:70] v1 Endpoints is deprecated in v1.33+; use discovery.k8s.io/v1 EndpointSlice
W0411 00:34:30.620864       1 warnings.go:70] v1 Endpoints is deprecated in v1.33+; use discovery.k8s.io/v1 EndpointSlice
W0411 00:34:32.625063       1 warnings.go:70] v1 Endpoints is deprecated in v1.33+; use discovery.k8s.io/v1 EndpointSlice
W0411 00:34:32.661004       1 warnings.go:70] v1 Endpoints is deprecated in v1.33+; use discovery.k8s.io/v1 EndpointSlice
W0411 00:34:34.679793       1 warnings.go:70] v1 Endpoints is deprecated in v1.33+; use discovery.k8s.io/v1 EndpointSlice
W0411 00:34:34.710438       1 warnings.go:70] v1 Endpoints is deprecated in v1.33+; use discovery.k8s.io/v1 EndpointSlice
W0411 00:34:36.903991       1 warnings.go:70] v1 Endpoints is deprecated in v1.33+; use discovery.k8s.io/v1 EndpointSlice
W0411 00:34:37.006232       1 warnings.go:70] v1 Endpoints is deprecated in v1.33+; use discovery.k8s.io/v1 EndpointSlice
W0411 00:34:39.060112       1 warnings.go:70] v1 Endpoints is deprecated in v1.33+; use discovery.k8s.io/v1 EndpointSlice
W0411 00:34:39.207763       1 warnings.go:70] v1 Endpoints is deprecated in v1.33+; use discovery.k8s.io/v1 EndpointSlice
W0411 00:34:41.212226       1 warnings.go:70] v1 Endpoints is deprecated in v1.33+; use discovery.k8s.io/v1 EndpointSlice
W0411 00:34:41.232688       1 warnings.go:70] v1 Endpoints is deprecated in v1.33+; use discovery.k8s.io/v1 EndpointSlice


==> storage-provisioner [bbe49a8a0f86] <==
k8s.io/apimachinery/pkg/runtime/serializer/streaming.(*decoder).Decode(0xc000366c80, 0x0, 0x18bc168, 0xc000786500, 0xffffffffffffffff, 0xff00000000000020, 0xc0006844d0, 0x8c0686, 0x179f200)
	/Users/medya/go/pkg/mod/k8s.io/apimachinery@v0.20.5/pkg/runtime/serializer/streaming/streaming.go:77 +0x89
k8s.io/client-go/rest/watch.(*Decoder).Decode(0xc0006189c0, 0xc00042ca20, 0xc0006844d0, 0x8c0613, 0x179f1c8, 0x0, 0xc000684732)
	/Users/medya/go/pkg/mod/k8s.io/client-go@v0.20.5/rest/watch/decoder.go:49 +0x6e
k8s.io/apimachinery/pkg/watch.(*StreamWatcher).receive(0xc0007864c0)
	/Users/medya/go/pkg/mod/k8s.io/apimachinery@v0.20.5/pkg/watch/streamwatcher.go:104 +0x14a
created by k8s.io/apimachinery/pkg/watch.NewStreamWatcher
	/Users/medya/go/pkg/mod/k8s.io/apimachinery@v0.20.5/pkg/watch/streamwatcher.go:71 +0xbe

goroutine 32787 [sync.Cond.Wait]:
sync.runtime_notifyListWait(0xc0001f01a0, 0x7)
	/usr/local/go/src/runtime/sema.go:513 +0xf8
sync.(*Cond).Wait(0xc0001f0190)
	/usr/local/go/src/sync/cond.go:56 +0x99
golang.org/x/net/http2.(*pipe).Read(0xc0001f0188, 0xc00022c601, 0x5ff, 0x5ff, 0x0, 0x0, 0x0)
	/Users/medya/go/pkg/mod/golang.org/x/net@v0.0.0-20201224014010-6772e930b67b/http2/pipe.go:65 +0x97
golang.org/x/net/http2.transportResponseBody.Read(0xc0001f0160, 0xc00022c601, 0x5ff, 0x5ff, 0x0, 0x0, 0x0)
	/Users/medya/go/pkg/mod/golang.org/x/net@v0.0.0-20201224014010-6772e930b67b/http2/transport.go:2108 +0xaf
encoding/json.(*Decoder).refill(0xc0001f0420, 0xa, 0x9)
	/usr/local/go/src/encoding/json/stream.go:165 +0xeb
encoding/json.(*Decoder).readValue(0xc0001f0420, 0x0, 0x0, 0x152aee0)
	/usr/local/go/src/encoding/json/stream.go:140 +0x1ff
encoding/json.(*Decoder).Decode(0xc0001f0420, 0x154a160, 0xc00033e1f8, 0x203000, 0x203000)
	/usr/local/go/src/encoding/json/stream.go:63 +0x7c
k8s.io/apimachinery/pkg/util/framer.(*jsonFrameReader).Read(0xc00060cc00, 0xc0001dec00, 0x400, 0x400, 0x40, 0x38, 0x15b0440)
	/Users/medya/go/pkg/mod/k8s.io/apimachinery@v0.20.5/pkg/util/framer/framer.go:152 +0x1a8
k8s.io/apimachinery/pkg/runtime/serializer/streaming.(*decoder).Decode(0xc000101ef0, 0x0, 0x18bc168, 0xc0009980c0, 0x0, 0x0, 0x461dc0, 0xc00055ac00, 0xc000071e50)
	/Users/medya/go/pkg/mod/k8s.io/apimachinery@v0.20.5/pkg/runtime/serializer/streaming/streaming.go:77 +0x89
k8s.io/client-go/rest/watch.(*Decoder).Decode(0xc000603140, 0xc000071ef0, 0x8, 0x18bbba0, 0xc000650180, 0x0, 0x0)
	/Users/medya/go/pkg/mod/k8s.io/client-go@v0.20.5/rest/watch/decoder.go:49 +0x6e
k8s.io/apimachinery/pkg/watch.(*StreamWatcher).receive(0xc0007870c0)
	/Users/medya/go/pkg/mod/k8s.io/apimachinery@v0.20.5/pkg/watch/streamwatcher.go:104 +0x14a
created by k8s.io/apimachinery/pkg/watch.NewStreamWatcher
	/Users/medya/go/pkg/mod/k8s.io/apimachinery@v0.20.5/pkg/watch/streamwatcher.go:71 +0xbe

goroutine 32951 [sync.Cond.Wait]:
sync.runtime_notifyListWait(0xc0001e9a60, 0x5)
	/usr/local/go/src/runtime/sema.go:513 +0xf8
sync.(*Cond).Wait(0xc0001e9a50)
	/usr/local/go/src/sync/cond.go:56 +0x99
golang.org/x/net/http2.(*pipe).Read(0xc0001e9a48, 0xc00022d201, 0x5ff, 0x5ff, 0x0, 0x0, 0x0)
	/Users/medya/go/pkg/mod/golang.org/x/net@v0.0.0-20201224014010-6772e930b67b/http2/pipe.go:65 +0x97
golang.org/x/net/http2.transportResponseBody.Read(0xc0001e9a20, 0xc00022d201, 0x5ff, 0x5ff, 0x0, 0x0, 0x0)
	/Users/medya/go/pkg/mod/golang.org/x/net@v0.0.0-20201224014010-6772e930b67b/http2/transport.go:2108 +0xaf
encoding/json.(*Decoder).refill(0xc0001e9ce0, 0xa, 0x9)
	/usr/local/go/src/encoding/json/stream.go:165 +0xeb
encoding/json.(*Decoder).readValue(0xc0001e9ce0, 0x0, 0x0, 0x152aee0)
	/usr/local/go/src/encoding/json/stream.go:140 +0x1ff
encoding/json.(*Decoder).Decode(0xc0001e9ce0, 0x154a160, 0xc0000bfa28, 0x203000, 0x203000)
	/usr/local/go/src/encoding/json/stream.go:63 +0x7c
k8s.io/apimachinery/pkg/util/framer.(*jsonFrameReader).Read(0xc0002d3680, 0xc000292000, 0x400, 0x400, 0x40, 0x38, 0x15b0440)
	/Users/medya/go/pkg/mod/k8s.io/apimachinery@v0.20.5/pkg/util/framer/framer.go:152 +0x1a8
k8s.io/apimachinery/pkg/runtime/serializer/streaming.(*decoder).Decode(0xc0001019f0, 0x0, 0x18bc168, 0xc0004defc0, 0x0, 0x0, 0x461dc0, 0xc0004c2300, 0xc00009be50)
	/Users/medya/go/pkg/mod/k8s.io/apimachinery@v0.20.5/pkg/runtime/serializer/streaming/streaming.go:77 +0x89
k8s.io/client-go/rest/watch.(*Decoder).Decode(0xc000602ea0, 0xc00009bef0, 0x8, 0x18baa48, 0xc0006301c0, 0x0, 0x0)
	/Users/medya/go/pkg/mod/k8s.io/client-go@v0.20.5/rest/watch/decoder.go:49 +0x6e
k8s.io/apimachinery/pkg/watch.(*StreamWatcher).receive(0xc0004df740)
	/Users/medya/go/pkg/mod/k8s.io/apimachinery@v0.20.5/pkg/watch/streamwatcher.go:104 +0x14a
created by k8s.io/apimachinery/pkg/watch.NewStreamWatcher
	/Users/medya/go/pkg/mod/k8s.io/apimachinery@v0.20.5/pkg/watch/streamwatcher.go:71 +0xbe

